# OpenSignals Text File Format. Version 1
# {"98:D3:41:FE:38:1A": {"position": 0, "device": "bitalino_rev", "device name": "98:D3:41:FE:38:1A", "device connection": "BTH98:D3:41:FE:38:1A", "sampling rate": 1000, "resolution": [4, 1, 1, 1, 1, 10], "firmware version": 1282, "comments": "", "keywords": "", "mode": 0, "sync interval": 2, "date": "2026-9-11", "time": "14:51:47.642", "channels": [2], "sensor": ["ECGBIT"], "label": ["A2"], "column": ["nSeq", "I1", "I2", "O1", "O2", "A2"], "special": [{}], "digital IO": [0, 0, 1, 1]}}
# EndOfHeader
0	0	0	0	0	502	
1	0	0	0	0	502	
2	0	0	0	0	503	
3	0	0	0	0	504	
4	0	0	0	0	505	
5	0	0	0	0	505	
6	0	0	0	0	505	
7	0	0	0	0	506	
8	0	0	0	0	505	
9	0	0	0	0	504	
10	0	0	0	0	504	
11	0	0	0	0	504	
12	0	0	0	0	505	
13	0	0	0	0	504	
14	0	0	0	0	505	
15	0	0	0	0	506	
0	0	0	0	0	507	
1	0	0	0	0	506	
2	0	0	0	0	505	
3	0	0	0	0	504	
4	0	0	0	0	504	
5	0	0	0	0	502	
6	0	0	0	0	500	
7	0	0	0	0	499	
8	0	0	0	0	497	
9	0	0	0	0	496	
10	0	0	0	0	494	
11	0	0	0	0	493	
12	0	0	0	0	491	
13	0	0	0	0	488	
14	0	0	0	0	486	
15	0	0	0	0	484	
0	0	0	0	0	481	
1	0	0	0	0	478	
2	0	0	0	0	476	
3	0	0	0	0	475	
4	0	0	0	0	473	
5	0	0	0	0	472	
6	0	0	0	0	472	
7	0	0	0	0	470	
8	0	0	0	0	471	
9	0	0	0	0	469	
10	0	0	0	0	468	
11	0	0	0	0	470	
12	0	0	0	0	476	
13	0	0	0	0	490	
14	0	0	0	0	508	
15	0	0	0	0	532	
0	0	0	0	0	562	
1	0	0	0	0	595	
2	0	0	0	0	633	
3	0	0	0	0	678	
4	0	0	0	0	723	
5	0	0	0	0	768	
6	0	0	0	0	815	
7	0	0	0	0	863	
8	0	0	0	0	904	
9	0	0	0	0	936	
10	0	0	0	0	958	
11	0	0	0	0	968	
12	0	0	0	0	964	
13	0	0	0	0	949	
14	0	0	0	0	926	
15	0	0	0	0	897	
0	0	0	0	0	865	
1	0	0	0	0	832	
2	0	0	0	0	800	
3	0	0	0	0	769	
4	0	0	0	0	741	
5	0	0	0	0	714	
6	0	0	0	0	688	
7	0	0	0	0	661	
8	0	0	0	0	636	
9	0	0	0	0	611	
10	0	0	0	0	588	
11	0	0	0	0	568	
12	0	0	0	0	552	
13	0	0	0	0	540	
14	0	0	0	0	530	
15	0	0	0	0	522	
0	0	0	0	0	514	
1	0	0	0	0	507	
2	0	0	0	0	501	
3	0	0	0	0	495	
4	0	0	0	0	489	
5	0	0	0	0	482	
6	0	0	0	0	477	
7	0	0	0	0	472	
8	0	0	0	0	466	
9	0	0	0	0	462	
10	0	0	0	0	460	
11	0	0	0	0	458	
12	0	0	0	0	457	
13	0	0	0	0	457	
14	0	0	0	0	456	
15	0	0	0	0	455	
0	0	0	0	0	455	
1	0	0	0	0	453	
2	0	0	0	0	452	
3	0	0	0	0	451	
4	0	0	0	0	451	
5	0	0	0	0	451	
6	0	0	0	0	451	
7	0	0	0	0	450	
8	0	0	0	0	449	
9	0	0	0	0	448	
10	0	0	0	0	447	
11	0	0	0	0	445	
12	0	0	0	0	444	
13	0	0	0	0	446	
14	0	0	0	0	447	
15	0	0	0	0	448	
0	0	0	0	0	449	
1	0	0	0	0	451	
2	0	0	0	0	453	
3	0	0	0	0	455	
4	0	0	0	0	455	
5	0	0	0	0	453	
6	0	0	0	0	449	
7	0	0	0	0	447	
8	0	0	0	0	446	
9	0	0	0	0	444	
10	0	0	0	0	443	
11	0	0	0	0	444	
12	0	0	0	0	445	
13	0	0	0	0	447	
14	0	0	0	0	447	
15	0	0	0	0	449	
0	0	0	0	0	451	
1	0	0	0	0	453	
2	0	0	0	0	455	
3	0	0	0	0	458	
4	0	0	0	0	460	
5	0	0	0	0	462	
6	0	0	0	0	463	
7	0	0	0	0	463	
8	0	0	0	0	463	
9	0	0	0	0	463	
10	0	0	0	0	462	
11	0	0	0	0	461	
12	0	0	0	0	460	
13	0	0	0	0	460	
14	0	0	0	0	461	
15	0	0	0	0	462	
0	0	0	0	0	463	
1	0	0	0	0	464	
2	0	0	0	0	466	
3	0	0	0	0	467	
4	0	0	0	0	467	
5	0	0	0	0	468	
6	0	0	0	0	468	
7	0	0	0	0	467	
8	0	0	0	0	467	
9	0	0	0	0	467	
10	0	0	0	0	467	
11	0	0	0	0	467	
12	0	0	0	0	469	
13	0	0	0	0	472	
14	0	0	0	0	474	
15	0	0	0	0	477	
0	0	0	0	0	480	
1	0	0	0	0	482	
2	0	0	0	0	483	
3	0	0	0	0	484	
4	0	0	0	0	485	
5	0	0	0	0	486	
6	0	0	0	0	486	
7	0	0	0	0	486	
8	0	0	0	0	485	
9	0	0	0	0	484	
10	0	0	0	0	484	
11	0	0	0	0	484	
12	0	0	0	0	483	
13	0	0	0	0	481	
14	0	0	0	0	481	
15	0	0	0	0	482	
0	0	0	0	0	482	
1	0	0	0	0	484	
2	0	0	0	0	486	
3	0	0	0	0	488	
4	0	0	0	0	492	
5	0	0	0	0	494	
6	0	0	0	0	496	
7	0	0	0	0	497	
8	0	0	0	0	499	
9	0	0	0	0	499	
10	0	0	0	0	499	
11	0	0	0	0	498	
12	0	0	0	0	497	
13	0	0	0	0	497	
14	0	0	0	0	496	
15	0	0	0	0	495	
0	0	0	0	0	495	
1	0	0	0	0	495	
2	0	0	0	0	497	
3	0	0	0	0	499	
4	0	0	0	0	501	
5	0	0	0	0	503	
6	0	0	0	0	503	
7	0	0	0	0	504	
8	0	0	0	0	504	
9	0	0	0	0	504	
10	0	0	0	0	503	
11	0	0	0	0	503	
12	0	0	0	0	502	
13	0	0	0	0	502	
14	0	0	0	0	501	
15	0	0	0	0	503	
0	0	0	0	0	504	
1	0	0	0	0	505	
2	0	0	0	0	508	
3	0	0	0	0	510	
4	0	0	0	0	512	
5	0	0	0	0	515	
6	0	0	0	0	518	
7	0	0	0	0	519	
8	0	0	0	0	519	
9	0	0	0	0	519	
10	0	0	0	0	519	
11	0	0	0	0	519	
12	0	0	0	0	518	
13	0	0	0	0	518	
14	0	0	0	0	518	
15	0	0	0	0	519	
0	0	0	0	0	520	
1	0	0	0	0	520	
2	0	0	0	0	520	
3	0	0	0	0	520	
4	0	0	0	0	522	
5	0	0	0	0	524	
6	0	0	0	0	526	
7	0	0	0	0	526	
8	0	0	0	0	527	
9	0	0	0	0	528	
10	0	0	0	0	528	
11	0	0	0	0	528	
12	0	0	0	0	529	
13	0	0	0	0	528	
14	0	0	0	0	526	
15	0	0	0	0	525	
0	0	0	0	0	524	
1	0	0	0	0	524	
2	0	0	0	0	524	
3	0	0	0	0	524	
4	0	0	0	0	524	
5	0	0	0	0	526	
6	0	0	0	0	527	
7	0	0	0	0	528	
8	0	0	0	0	530	
9	0	0	0	0	532	
10	0	0	0	0	535	
11	0	0	0	0	536	
12	0	0	0	0	537	
13	0	0	0	0	536	
14	0	0	0	0	535	
15	0	0	0	0	535	
0	0	0	0	0	534	
1	0	0	0	0	533	
2	0	0	0	0	532	
3	0	0	0	0	532	
4	0	0	0	0	532	
5	0	0	0	0	534	
6	0	0	0	0	535	
7	0	0	0	0	538	
8	0	0	0	0	541	
9	0	0	0	0	543	
10	0	0	0	0	544	
11	0	0	0	0	546	
12	0	0	0	0	547	
13	0	0	0	0	546	
14	0	0	0	0	545	
15	0	0	0	0	544	
0	0	0	0	0	543	
1	0	0	0	0	542	
2	0	0	0	0	541	
3	0	0	0	0	540	
4	0	0	0	0	540	
5	0	0	0	0	540	
6	0	0	0	0	540	
7	0	0	0	0	541	
8	0	0	0	0	543	
9	0	0	0	0	544	
10	0	0	0	0	545	
11	0	0	0	0	546	
12	0	0	0	0	547	
13	0	0	0	0	547	
14	0	0	0	0	546	
15	0	0	0	0	544	
0	0	0	0	0	544	
1	0	0	0	0	543	
2	0	0	0	0	543	
3	0	0	0	0	542	
4	0	0	0	0	542	
5	0	0	0	0	542	
6	0	0	0	0	542	
7	0	0	0	0	543	
8	0	0	0	0	544	
9	0	0	0	0	547	
10	0	0	0	0	547	
11	0	0	0	0	548	
12	0	0	0	0	548	
13	0	0	0	0	548	
14	0	0	0	0	546	
15	0	0	0	0	544	
0	0	0	0	0	542	
1	0	0	0	0	539	
2	0	0	0	0	536	
3	0	0	0	0	534	
4	0	0	0	0	532	
5	0	0	0	0	531	
6	0	0	0	0	531	
7	0	0	0	0	529	
8	0	0	0	0	527	
9	0	0	0	0	526	
10	0	0	0	0	524	
11	0	0	0	0	521	
12	0	0	0	0	520	
13	0	0	0	0	518	
14	0	0	0	0	515	
15	0	0	0	0	512	
0	0	0	0	0	510	
1	0	0	0	0	507	
2	0	0	0	0	504	
3	0	0	0	0	502	
4	0	0	0	0	499	
5	0	0	0	0	498	
6	0	0	0	0	496	
7	0	0	0	0	494	
8	0	0	0	0	493	
9	0	0	0	0	492	
10	0	0	0	0	492	
11	0	0	0	0	491	
12	0	0	0	0	490	
13	0	0	0	0	489	
14	0	0	0	0	487	
15	0	0	0	0	486	
0	0	0	0	0	485	
1	0	0	0	0	483	
2	0	0	0	0	483	
3	0	0	0	0	482	
4	0	0	0	0	481	
5	0	0	0	0	480	
6	0	0	0	0	480	
7	0	0	0	0	479	
8	0	0	0	0	479	
9	0	0	0	0	478	
10	0	0	0	0	477	
11	0	0	0	0	476	
12	0	0	0	0	476	
13	0	0	0	0	476	
14	0	0	0	0	475	
15	0	0	0	0	474	
0	0	0	0	0	472	
1	0	0	0	0	470	
2	0	0	0	0	468	
3	0	0	0	0	467	
4	0	0	0	0	465	
5	0	0	0	0	463	
6	0	0	0	0	462	
7	0	0	0	0	462	
8	0	0	0	0	462	
9	0	0	0	0	463	
10	0	0	0	0	465	
11	0	0	0	0	467	
12	0	0	0	0	467	
13	0	0	0	0	469	
14	0	0	0	0	469	
15	0	0	0	0	469	
0	0	0	0	0	469	
1	0	0	0	0	470	
2	0	0	0	0	469	
3	0	0	0	0	467	
4	0	0	0	0	464	
5	0	0	0	0	462	
6	0	0	0	0	462	
7	0	0	0	0	463	
8	0	0	0	0	465	
9	0	0	0	0	467	
10	0	0	0	0	469	
11	0	0	0	0	471	
12	0	0	0	0	472	
13	0	0	0	0	473	
14	0	0	0	0	475	
15	0	0	0	0	476	
0	0	0	0	0	476	
1	0	0	0	0	476	
2	0	0	0	0	476	
3	0	0	0	0	475	
4	0	0	0	0	474	
5	0	0	0	0	474	
6	0	0	0	0	474	
7	0	0	0	0	475	
8	0	0	0	0	476	
9	0	0	0	0	477	
10	0	0	0	0	478	
11	0	0	0	0	478	
12	0	0	0	0	480	
13	0	0	0	0	481	
14	0	0	0	0	481	
15	0	0	0	0	481	
0	0	0	0	0	481	
1	0	0	0	0	480	
2	0	0	0	0	479	
3	0	0	0	0	479	
4	0	0	0	0	479	
5	0	0	0	0	479	
6	0	0	0	0	480	
7	0	0	0	0	479	
8	0	0	0	0	480	
9	0	0	0	0	480	
10	0	0	0	0	480	
11	0	0	0	0	481	
12	0	0	0	0	483	
13	0	0	0	0	485	
14	0	0	0	0	486	
15	0	0	0	0	488	
0	0	0	0	0	489	
1	0	0	0	0	489	
2	0	0	0	0	490	
3	0	0	0	0	490	
4	0	0	0	0	489	
5	0	0	0	0	489	
6	0	0	0	0	487	
7	0	0	0	0	486	
8	0	0	0	0	487	
9	0	0	0	0	487	
10	0	0	0	0	486	
11	0	0	0	0	485	
12	0	0	0	0	486	
13	0	0	0	0	487	
14	0	0	0	0	489	
15	0	0	0	0	491	
0	0	0	0	0	492	
1	0	0	0	0	493	
2	0	0	0	0	492	
3	0	0	0	0	492	
4	0	0	0	0	492	
5	0	0	0	0	492	
6	0	0	0	0	492	
7	0	0	0	0	491	
8	0	0	0	0	490	
9	0	0	0	0	490	
10	0	0	0	0	491	
11	0	0	0	0	491	
12	0	0	0	0	492	
13	0	0	0	0	493	
14	0	0	0	0	493	
15	0	0	0	0	495	
0	0	0	0	0	496	
1	0	0	0	0	498	
2	0	0	0	0	499	
3	0	0	0	0	498	
4	0	0	0	0	498	
5	0	0	0	0	498	
6	0	0	0	0	496	
7	0	0	0	0	496	
8	0	0	0	0	496	
9	0	0	0	0	495	
10	0	0	0	0	494	
11	0	0	0	0	494	
12	0	0	0	0	494	
13	0	0	0	0	495	
14	0	0	0	0	496	
15	0	0	0	0	497	
0	0	0	0	0	498	
1	0	0	0	0	499	
2	0	0	0	0	499	
3	0	0	0	0	497	
4	0	0	0	0	496	
5	0	0	0	0	495	
6	0	0	0	0	494	
7	0	0	0	0	492	
8	0	0	0	0	492	
9	0	0	0	0	491	
10	0	0	0	0	491	
11	0	0	0	0	491	
12	0	0	0	0	491	
13	0	0	0	0	491	
14	0	0	0	0	493	
15	0	0	0	0	496	
0	0	0	0	0	499	
1	0	0	0	0	503	
2	0	0	0	0	505	
3	0	0	0	0	507	
4	0	0	0	0	507	
5	0	0	0	0	505	
6	0	0	0	0	504	
7	0	0	0	0	503	
8	0	0	0	0	501	
9	0	0	0	0	500	
10	0	0	0	0	501	
11	0	0	0	0	502	
12	0	0	0	0	503	
13	0	0	0	0	504	
14	0	0	0	0	505	
15	0	0	0	0	506	
0	0	0	0	0	507	
1	0	0	0	0	508	
2	0	0	0	0	509	
3	0	0	0	0	510	
4	0	0	0	0	509	
5	0	0	0	0	507	
6	0	0	0	0	506	
7	0	0	0	0	505	
8	0	0	0	0	504	
9	0	0	0	0	503	
10	0	0	0	0	501	
11	0	0	0	0	500	
12	0	0	0	0	500	
13	0	0	0	0	501	
14	0	0	0	0	502	
15	0	0	0	0	503	
0	0	0	0	0	504	
1	0	0	0	0	505	
2	0	0	0	0	507	
3	0	0	0	0	508	
4	0	0	0	0	508	
5	0	0	0	0	509	
6	0	0	0	0	509	
7	0	0	0	0	508	
8	0	0	0	0	508	
9	0	0	0	0	507	
10	0	0	0	0	506	
11	0	0	0	0	506	
12	0	0	0	0	506	
13	0	0	0	0	506	
14	0	0	0	0	504	
15	0	0	0	0	505	
0	0	0	0	0	506	
1	0	0	0	0	506	
2	0	0	0	0	507	
3	0	0	0	0	507	
4	0	0	0	0	508	
5	0	0	0	0	508	
6	0	0	0	0	510	
7	0	0	0	0	511	
8	0	0	0	0	510	
9	0	0	0	0	509	
10	0	0	0	0	508	
11	0	0	0	0	507	
12	0	0	0	0	505	
13	0	0	0	0	506	
14	0	0	0	0	508	
15	0	0	0	0	509	
0	0	0	0	0	511	
1	0	0	0	0	511	
2	0	0	0	0	509	
3	0	0	0	0	509	
4	0	0	0	0	509	
5	0	0	0	0	509	
6	0	0	0	0	509	
7	0	0	0	0	508	
8	0	0	0	0	507	
9	0	0	0	0	506	
10	0	0	0	0	505	
11	0	0	0	0	505	
12	0	0	0	0	504	
13	0	0	0	0	503	
14	0	0	0	0	503	
15	0	0	0	0	502	
0	0	0	0	0	503	
1	0	0	0	0	504	
2	0	0	0	0	503	
3	0	0	0	0	503	
4	0	0	0	0	503	
5	0	0	0	0	503	
6	0	0	0	0	502	
7	0	0	0	0	503	
8	0	0	0	0	503	
9	0	0	0	0	503	
10	0	0	0	0	503	
11	0	0	0	0	503	
12	0	0	0	0	502	
13	0	0	0	0	500	
14	0	0	0	0	499	
15	0	0	0	0	499	
0	0	0	0	0	499	
1	0	0	0	0	502	
2	0	0	0	0	504	
3	0	0	0	0	506	
4	0	0	0	0	508	
5	0	0	0	0	509	
6	0	0	0	0	509	
7	0	0	0	0	509	
8	0	0	0	0	509	
9	0	0	0	0	508	
10	0	0	0	0	507	
11	0	0	0	0	506	
12	0	0	0	0	505	
13	0	0	0	0	504	
14	0	0	0	0	504	
15	0	0	0	0	504	
0	0	0	0	0	504	
1	0	0	0	0	504	
2	0	0	0	0	506	
3	0	0	0	0	507	
4	0	0	0	0	507	
5	0	0	0	0	508	
6	0	0	0	0	508	
7	0	0	0	0	509	
8	0	0	0	0	509	
9	0	0	0	0	509	
10	0	0	0	0	508	
11	0	0	0	0	508	
12	0	0	0	0	507	
13	0	0	0	0	507	
14	0	0	0	0	505	
15	0	0	0	0	505	
0	0	0	0	0	504	
1	0	0	0	0	504	
2	0	0	0	0	505	
3	0	0	0	0	506	
4	0	0	0	0	507	
5	0	0	0	0	508	
6	0	0	0	0	510	
7	0	0	0	0	511	
8	0	0	0	0	511	
9	0	0	0	0	512	
10	0	0	0	0	511	
11	0	0	0	0	512	
12	0	0	0	0	511	
13	0	0	0	0	510	
14	0	0	0	0	508	
15	0	0	0	0	507	
0	0	0	0	0	506	
1	0	0	0	0	505	
2	0	0	0	0	505	
3	0	0	0	0	506	
4	0	0	0	0	507	
5	0	0	0	0	508	
6	0	0	0	0	508	
7	0	0	0	0	510	
8	0	0	0	0	511	
9	0	0	0	0	510	
10	0	0	0	0	509	
11	0	0	0	0	507	
12	0	0	0	0	505	
13	0	0	0	0	504	
14	0	0	0	0	503	
15	0	0	0	0	502	
0	0	0	0	0	502	
1	0	0	0	0	500	
2	0	0	0	0	500	
3	0	0	0	0	500	
4	0	0	0	0	502	
5	0	0	0	0	504	
6	0	0	0	0	504	
7	0	0	0	0	507	
8	0	0	0	0	510	
9	0	0	0	0	511	
10	0	0	0	0	511	
11	0	0	0	0	511	
12	0	0	0	0	510	
13	0	0	0	0	508	
14	0	0	0	0	507	
15	0	0	0	0	506	
0	0	0	0	0	505	
1	0	0	0	0	506	
2	0	0	0	0	506	
3	0	0	0	0	506	
4	0	0	0	0	507	
5	0	0	0	0	508	
6	0	0	0	0	509	
7	0	0	0	0	508	
8	0	0	0	0	509	
9	0	0	0	0	510	
10	0	0	0	0	511	
11	0	0	0	0	512	
12	0	0	0	0	511	
13	0	0	0	0	511	
14	0	0	0	0	512	
15	0	0	0	0	511	
0	0	0	0	0	510	
1	0	0	0	0	508	
2	0	0	0	0	507	
3	0	0	0	0	505	
4	0	0	0	0	505	
5	0	0	0	0	505	
6	0	0	0	0	505	
7	0	0	0	0	507	
8	0	0	0	0	510	
9	0	0	0	0	512	
10	0	0	0	0	514	
11	0	0	0	0	515	
12	0	0	0	0	515	
13	0	0	0	0	516	
14	0	0	0	0	516	
15	0	0	0	0	517	
0	0	0	0	0	517	
1	0	0	0	0	518	
2	0	0	0	0	519	
3	0	0	0	0	520	
4	0	0	0	0	523	
5	0	0	0	0	523	
6	0	0	0	0	520	
7	0	0	0	0	518	
8	0	0	0	0	517	
9	0	0	0	0	515	
10	0	0	0	0	514	
11	0	0	0	0	514	
12	0	0	0	0	510	
13	0	0	0	0	506	
14	0	0	0	0	501	
15	0	0	0	0	496	
0	0	0	0	0	492	
1	0	0	0	0	487	
2	0	0	0	0	487	
3	0	0	0	0	493	
4	0	0	0	0	499	
5	0	0	0	0	505	
6	0	0	0	0	510	
7	0	0	0	0	514	
8	0	0	0	0	517	
9	0	0	0	0	518	
10	0	0	0	0	521	
11	0	0	0	0	524	
12	0	0	0	0	526	
13	0	0	0	0	527	
14	0	0	0	0	529	
15	0	0	0	0	530	
0	0	0	0	0	531	
1	0	0	0	0	529	
2	0	0	0	0	531	
3	0	0	0	0	533	
4	0	0	0	0	536	
5	0	0	0	0	538	
6	0	0	0	0	540	
7	0	0	0	0	541	
8	0	0	0	0	542	
9	0	0	0	0	542	
10	0	0	0	0	539	
11	0	0	0	0	538	
12	0	0	0	0	542	
13	0	0	0	0	542	
14	0	0	0	0	539	
15	0	0	0	0	536	
0	0	0	0	0	532	
1	0	0	0	0	531	
2	0	0	0	0	531	
3	0	0	0	0	531	
4	0	0	0	0	531	
5	0	0	0	0	530	
6	0	0	0	0	531	
7	0	0	0	0	531	
8	0	0	0	0	531	
9	0	0	0	0	533	
10	0	0	0	0	533	
11	0	0	0	0	533	
12	0	0	0	0	533	
13	0	0	0	0	534	
14	0	0	0	0	534	
15	0	0	0	0	533	
0	0	0	0	0	530	
1	0	0	0	0	528	
2	0	0	0	0	525	
3	0	0	0	0	522	
4	0	0	0	0	520	
5	0	0	0	0	518	
6	0	0	0	0	518	
7	0	0	0	0	518	
8	0	0	0	0	518	
9	0	0	0	0	518	
10	0	0	0	0	518	
11	0	0	0	0	518	
12	0	0	0	0	517	
13	0	0	0	0	516	
14	0	0	0	0	516	
15	0	0	0	0	514	
0	0	0	0	0	513	
1	0	0	0	0	510	
2	0	0	0	0	507	
3	0	0	0	0	504	
4	0	0	0	0	502	
5	0	0	0	0	499	
6	0	0	0	0	498	
7	0	0	0	0	496	
8	0	0	0	0	496	
9	0	0	0	0	496	
10	0	0	0	0	497	
11	0	0	0	0	499	
12	0	0	0	0	500	
13	0	0	0	0	501	
14	0	0	0	0	502	
15	0	0	0	0	502	
0	0	0	0	0	500	
1	0	0	0	0	500	
2	0	0	0	0	498	
3	0	0	0	0	497	
4	0	0	0	0	496	
5	0	0	0	0	495	
6	0	0	0	0	494	
7	0	0	0	0	495	
8	0	0	0	0	495	
9	0	0	0	0	495	
10	0	0	0	0	496	
11	0	0	0	0	498	
12	0	0	0	0	500	
13	0	0	0	0	500	
14	0	0	0	0	498	
15	0	0	0	0	496	
0	0	0	0	0	494	
1	0	0	0	0	491	
2	0	0	0	0	488	
3	0	0	0	0	484	
4	0	0	0	0	481	
5	0	0	0	0	479	
6	0	0	0	0	477	
7	0	0	0	0	474	
8	0	0	0	0	471	
9	0	0	0	0	469	
10	0	0	0	0	469	
11	0	0	0	0	467	
12	0	0	0	0	467	
13	0	0	0	0	468	
14	0	0	0	0	467	
15	0	0	0	0	466	
0	0	0	0	0	463	
1	0	0	0	0	459	
2	0	0	0	0	455	
3	0	0	0	0	453	
4	0	0	0	0	451	
5	0	0	0	0	451	
6	0	0	0	0	453	
7	0	0	0	0	459	
8	0	0	0	0	469	
9	0	0	0	0	485	
10	0	0	0	0	508	
11	0	0	0	0	536	
12	0	0	0	0	569	
13	0	0	0	0	609	
14	0	0	0	0	655	
15	0	0	0	0	702	
0	0	0	0	0	750	
1	0	0	0	0	798	
2	0	0	0	0	844	
3	0	0	0	0	887	
4	0	0	0	0	918	
5	0	0	0	0	937	
6	0	0	0	0	944	
7	0	0	0	0	941	
8	0	0	0	0	931	
9	0	0	0	0	911	
10	0	0	0	0	886	
11	0	0	0	0	857	
12	0	0	0	0	828	
13	0	0	0	0	801	
14	0	0	0	0	775	
15	0	0	0	0	751	
0	0	0	0	0	726	
1	0	0	0	0	701	
2	0	0	0	0	677	
3	0	0	0	0	653	
4	0	0	0	0	631	
5	0	0	0	0	609	
6	0	0	0	0	588	
7	0	0	0	0	570	
8	0	0	0	0	556	
9	0	0	0	0	545	
10	0	0	0	0	537	
11	0	0	0	0	530	
12	0	0	0	0	525	
13	0	0	0	0	519	
14	0	0	0	0	513	
15	0	0	0	0	510	
0	0	0	0	0	505	
1	0	0	0	0	500	
2	0	0	0	0	493	
3	0	0	0	0	485	
4	0	0	0	0	478	
5	0	0	0	0	473	
6	0	0	0	0	467	
7	0	0	0	0	461	
8	0	0	0	0	456	
9	0	0	0	0	452	
10	0	0	0	0	449	
11	0	0	0	0	447	
12	0	0	0	0	447	
13	0	0	0	0	449	
14	0	0	0	0	450	
15	0	0	0	0	452	
0	0	0	0	0	453	
1	0	0	0	0	454	
2	0	0	0	0	454	
3	0	0	0	0	453	
4	0	0	0	0	451	
5	0	0	0	0	449	
6	0	0	0	0	446	
7	0	0	0	0	444	
8	0	0	0	0	442	
9	0	0	0	0	440	
10	0	0	0	0	440	
11	0	0	0	0	439	
12	0	0	0	0	439	
13	0	0	0	0	439	
14	0	0	0	0	440	
15	0	0	0	0	440	
0	0	0	0	0	441	
1	0	0	0	0	441	
2	0	0	0	0	441	
3	0	0	0	0	440	
4	0	0	0	0	441	
5	0	0	0	0	440	
6	0	0	0	0	440	
7	0	0	0	0	441	
8	0	0	0	0	442	
9	0	0	0	0	443	
10	0	0	0	0	443	
11	0	0	0	0	442	
12	0	0	0	0	442	
13	0	0	0	0	443	
14	0	0	0	0	445	
15	0	0	0	0	448	
0	0	0	0	0	449	
1	0	0	0	0	451	
2	0	0	0	0	454	
3	0	0	0	0	455	
4	0	0	0	0	455	
5	0	0	0	0	456	
6	0	0	0	0	457	
7	0	0	0	0	458	
8	0	0	0	0	457	
9	0	0	0	0	456	
10	0	0	0	0	456	
11	0	0	0	0	456	
12	0	0	0	0	456	
13	0	0	0	0	457	
14	0	0	0	0	460	
15	0	0	0	0	462	
0	0	0	0	0	466	
1	0	0	0	0	467	
2	0	0	0	0	469	
3	0	0	0	0	470	
4	0	0	0	0	470	
5	0	0	0	0	471	
6	0	0	0	0	470	
7	0	0	0	0	469	
8	0	0	0	0	469	
9	0	0	0	0	468	
10	0	0	0	0	467	
11	0	0	0	0	465	
12	0	0	0	0	465	
13	0	0	0	0	466	
14	0	0	0	0	467	
15	0	0	0	0	467	
0	0	0	0	0	468	
1	0	0	0	0	470	
2	0	0	0	0	472	
3	0	0	0	0	473	
4	0	0	0	0	475	
5	0	0	0	0	475	
6	0	0	0	0	477	
7	0	0	0	0	476	
8	0	0	0	0	475	
9	0	0	0	0	475	
10	0	0	0	0	474	
11	0	0	0	0	474	
12	0	0	0	0	473	
13	0	0	0	0	474	
14	0	0	0	0	476	
15	0	0	0	0	477	
0	0	0	0	0	478	
1	0	0	0	0	479	
2	0	0	0	0	479	
3	0	0	0	0	480	
4	0	0	0	0	479	
5	0	0	0	0	478	
6	0	0	0	0	480	
7	0	0	0	0	480	
8	0	0	0	0	480	
9	0	0	0	0	479	
10	0	0	0	0	478	
11	0	0	0	0	476	
12	0	0	0	0	476	
13	0	0	0	0	476	
14	0	0	0	0	477	
15	0	0	0	0	478	
0	0	0	0	0	480	
1	0	0	0	0	483	
2	0	0	0	0	487	
3	0	0	0	0	490	
4	0	0	0	0	492	
5	0	0	0	0	494	
6	0	0	0	0	496	
7	0	0	0	0	499	
8	0	0	0	0	501	
9	0	0	0	0	502	
10	0	0	0	0	503	
11	0	0	0	0	503	
12	0	0	0	0	502	
13	0	0	0	0	502	
14	0	0	0	0	500	
15	0	0	0	0	500	
0	0	0	0	0	502	
1	0	0	0	0	503	
2	0	0	0	0	504	
3	0	0	0	0	506	
4	0	0	0	0	508	
5	0	0	0	0	510	
6	0	0	0	0	511	
7	0	0	0	0	512	
8	0	0	0	0	514	
9	0	0	0	0	515	
10	0	0	0	0	516	
11	0	0	0	0	516	
12	0	0	0	0	516	
13	0	0	0	0	514	
14	0	0	0	0	512	
15	0	0	0	0	510	
0	0	0	0	0	509	
1	0	0	0	0	509	
2	0	0	0	0	508	
3	0	0	0	0	509	
4	0	0	0	0	512	
5	0	0	0	0	513	
6	0	0	0	0	515	
7	0	0	0	0	517	
8	0	0	0	0	518	
9	0	0	0	0	519	
10	0	0	0	0	518	
11	0	0	0	0	517	
12	0	0	0	0	516	
13	0	0	0	0	513	
14	0	0	0	0	512	
15	0	0	0	0	510	
0	0	0	0	0	510	
1	0	0	0	0	511	
2	0	0	0	0	513	
3	0	0	0	0	515	
4	0	0	0	0	517	
5	0	0	0	0	519	
6	0	0	0	0	520	
7	0	0	0	0	523	
8	0	0	0	0	525	
9	0	0	0	0	527	
10	0	0	0	0	530	
11	0	0	0	0	531	
12	0	0	0	0	531	
13	0	0	0	0	530	
14	0	0	0	0	528	
15	0	0	0	0	525	
0	0	0	0	0	522	
1	0	0	0	0	520	
2	0	0	0	0	519	
3	0	0	0	0	519	
4	0	0	0	0	520	
5	0	0	0	0	522	
6	0	0	0	0	524	
7	0	0	0	0	526	
8	0	0	0	0	529	
9	0	0	0	0	532	
10	0	0	0	0	535	
11	0	0	0	0	537	
12	0	0	0	0	539	
13	0	0	0	0	539	
14	0	0	0	0	537	
15	0	0	0	0	536	
0	0	0	0	0	534	
1	0	0	0	0	531	
2	0	0	0	0	530	
3	0	0	0	0	529	
4	0	0	0	0	530	
5	0	0	0	0	534	
6	0	0	0	0	537	
7	0	0	0	0	540	
8	0	0	0	0	543	
9	0	0	0	0	546	
10	0	0	0	0	547	
11	0	0	0	0	547	
12	0	0	0	0	547	
13	0	0	0	0	544	
14	0	0	0	0	541	
15	0	0	0	0	538	
0	0	0	0	0	536	
1	0	0	0	0	532	
2	0	0	0	0	531	
3	0	0	0	0	530	
4	0	0	0	0	531	
5	0	0	0	0	531	
6	0	0	0	0	531	
7	0	0	0	0	531	
8	0	0	0	0	532	
9	0	0	0	0	533	
10	0	0	0	0	537	
11	0	0	0	0	539	
12	0	0	0	0	540	
13	0	0	0	0	539	
14	0	0	0	0	536	
15	0	0	0	0	532	
0	0	0	0	0	527	
1	0	0	0	0	523	
2	0	0	0	0	519	
3	0	0	0	0	517	
4	0	0	0	0	515	
5	0	0	0	0	515	
6	0	0	0	0	513	
7	0	0	0	0	514	
8	0	0	0	0	515	
9	0	0	0	0	515	
10	0	0	0	0	515	
11	0	0	0	0	515	
12	0	0	0	0	513	
13	0	0	0	0	512	
14	0	0	0	0	509	
15	0	0	0	0	504	
0	0	0	0	0	499	
1	0	0	0	0	496	
2	0	0	0	0	492	
3	0	0	0	0	489	
4	0	0	0	0	487	
5	0	0	0	0	486	
6	0	0	0	0	485	
7	0	0	0	0	484	
8	0	0	0	0	485	
9	0	0	0	0	484	
10	0	0	0	0	485	
11	0	0	0	0	484	
12	0	0	0	0	483	
13	0	0	0	0	479	
14	0	0	0	0	474	
15	0	0	0	0	470	
0	0	0	0	0	468	
1	0	0	0	0	466	
2	0	0	0	0	464	
3	0	0	0	0	463	
4	0	0	0	0	463	
5	0	0	0	0	465	
6	0	0	0	0	467	
7	0	0	0	0	470	
8	0	0	0	0	473	
9	0	0	0	0	476	
10	0	0	0	0	480	
11	0	0	0	0	482	
12	0	0	0	0	484	
13	0	0	0	0	486	
14	0	0	0	0	487	
15	0	0	0	0	486	
0	0	0	0	0	484	
1	0	0	0	0	482	
2	0	0	0	0	479	
3	0	0	0	0	476	
4	0	0	0	0	474	
5	0	0	0	0	472	
6	0	0	0	0	473	
7	0	0	0	0	474	
8	0	0	0	0	477	
9	0	0	0	0	481	
10	0	0	0	0	487	
11	0	0	0	0	500	
12	0	0	0	0	581	
13	0	0	0	0	680	
14	0	0	0	0	766	
15	0	0	0	0	816	
0	0	0	0	0	839	
1	0	0	0	0	851	
2	0	0	0	0	853	
3	0	0	0	0	848	
4	0	0	0	0	839	
5	0	0	0	0	831	
6	0	0	0	0	828	
7	0	0	0	0	825	
8	0	0	0	0	824	
9	0	0	0	0	822	
10	0	0	0	0	821	
11	0	0	0	0	820	
12	0	0	0	0	820	
13	0	0	0	0	819	
14	0	0	0	0	816	
15	0	0	0	0	807	
0	0	0	0	0	795	
1	0	0	0	0	777	
2	0	0	0	0	757	
3	0	0	0	0	734	
4	0	0	0	0	708	
5	0	0	0	0	683	
6	0	0	0	0	657	
7	0	0	0	0	636	
8	0	0	0	0	620	
9	0	0	0	0	608	
10	0	0	0	0	599	
11	0	0	0	0	594	
12	0	0	0	0	592	
13	0	0	0	0	591	
14	0	0	0	0	590	
15	0	0	0	0	588	
0	0	0	0	0	583	
1	0	0	0	0	575	
2	0	0	0	0	565	
3	0	0	0	0	551	
4	0	0	0	0	537	
5	0	0	0	0	520	
6	0	0	0	0	504	
7	0	0	0	0	490	
8	0	0	0	0	480	
9	0	0	0	0	473	
10	0	0	0	0	469	
11	0	0	0	0	468	
12	0	0	0	0	470	
13	0	0	0	0	474	
14	0	0	0	0	480	
15	0	0	0	0	483	
0	0	0	0	0	487	
1	0	0	0	0	488	
2	0	0	0	0	487	
3	0	0	0	0	481	
4	0	0	0	0	476	
5	0	0	0	0	467	
6	0	0	0	0	457	
7	0	0	0	0	448	
8	0	0	0	0	443	
9	0	0	0	0	440	
10	0	0	0	0	439	
11	0	0	0	0	442	
12	0	0	0	0	447	
13	0	0	0	0	455	
14	0	0	0	0	462	
15	0	0	0	0	469	
0	0	0	0	0	475	
1	0	0	0	0	479	
2	0	0	0	0	479	
3	0	0	0	0	473	
4	0	0	0	0	465	
5	0	0	0	0	455	
6	0	0	0	0	443	
7	0	0	0	0	431	
8	0	0	0	0	421	
9	0	0	0	0	414	
10	0	0	0	0	410	
11	0	0	0	0	411	
12	0	0	0	0	414	
13	0	0	0	0	420	
14	0	0	0	0	429	
15	0	0	0	0	439	
0	0	0	0	0	450	
1	0	0	0	0	457	
2	0	0	0	0	462	
3	0	0	0	0	463	
4	0	0	0	0	461	
5	0	0	0	0	455	
6	0	0	0	0	445	
7	0	0	0	0	432	
8	0	0	0	0	420	
9	0	0	0	0	411	
10	0	0	0	0	405	
11	0	0	0	0	403	
12	0	0	0	0	403	
13	0	0	0	0	408	
14	0	0	0	0	415	
15	0	0	0	0	424	
0	0	0	0	0	435	
1	0	0	0	0	443	
2	0	0	0	0	449	
3	0	0	0	0	451	
4	0	0	0	0	449	
5	0	0	0	0	444	
6	0	0	0	0	435	
7	0	0	0	0	425	
8	0	0	0	0	414	
9	0	0	0	0	403	
10	0	0	0	0	396	
11	0	0	0	0	391	
12	0	0	0	0	391	
13	0	0	0	0	395	
14	0	0	0	0	401	
15	0	0	0	0	411	
0	0	0	0	0	423	
1	0	0	0	0	435	
2	0	0	0	0	444	
3	0	0	0	0	451	
4	0	0	0	0	453	
5	0	0	0	0	451	
6	0	0	0	0	446	
7	0	0	0	0	436	
8	0	0	0	0	425	
9	0	0	0	0	414	
10	0	0	0	0	403	
11	0	0	0	0	397	
12	0	0	0	0	395	
13	0	0	0	0	397	
14	0	0	0	0	400	
15	0	0	0	0	408	
0	0	0	0	0	416	
1	0	0	0	0	428	
2	0	0	0	0	439	
3	0	0	0	0	447	
4	0	0	0	0	451	
5	0	0	0	0	451	
6	0	0	0	0	447	
7	0	0	0	0	439	
8	0	0	0	0	428	
9	0	0	0	0	417	
10	0	0	0	0	407	
11	0	0	0	0	399	
12	0	0	0	0	395	
13	0	0	0	0	395	
14	0	0	0	0	399	
15	0	0	0	0	406	
0	0	0	0	0	416	
1	0	0	0	0	428	
2	0	0	0	0	440	
3	0	0	0	0	452	
4	0	0	0	0	460	
5	0	0	0	0	462	
6	0	0	0	0	461	
7	0	0	0	0	456	
8	0	0	0	0	447	
9	0	0	0	0	436	
10	0	0	0	0	424	
11	0	0	0	0	414	
12	0	0	0	0	407	
13	0	0	0	0	405	
14	0	0	0	0	407	
15	0	0	0	0	413	
0	0	0	0	0	422	
1	0	0	0	0	432	
2	0	0	0	0	443	
3	0	0	0	0	454	
4	0	0	0	0	463	
5	0	0	0	0	468	
6	0	0	0	0	469	
7	0	0	0	0	466	
8	0	0	0	0	461	
9	0	0	0	0	451	
10	0	0	0	0	441	
11	0	0	0	0	430	
12	0	0	0	0	421	
13	0	0	0	0	416	
14	0	0	0	0	415	
15	0	0	0	0	418	
0	0	0	0	0	424	
1	0	0	0	0	433	
2	0	0	0	0	443	
3	0	0	0	0	454	
4	0	0	0	0	464	
5	0	0	0	0	473	
6	0	0	0	0	478	
7	0	0	0	0	479	
8	0	0	0	0	475	
9	0	0	0	0	468	
10	0	0	0	0	459	
11	0	0	0	0	449	
12	0	0	0	0	439	
13	0	0	0	0	431	
14	0	0	0	0	428	
15	0	0	0	0	427	
0	0	0	0	0	429	
1	0	0	0	0	435	
2	0	0	0	0	443	
3	0	0	0	0	453	
4	0	0	0	0	463	
5	0	0	0	0	472	
6	0	0	0	0	479	
7	0	0	0	0	481	
8	0	0	0	0	479	
9	0	0	0	0	475	
10	0	0	0	0	467	
11	0	0	0	0	459	
12	0	0	0	0	450	
13	0	0	0	0	442	
14	0	0	0	0	436	
15	0	0	0	0	434	
0	0	0	0	0	435	
1	0	0	0	0	439	
2	0	0	0	0	445	
3	0	0	0	0	454	
4	0	0	0	0	463	
5	0	0	0	0	472	
6	0	0	0	0	479	
7	0	0	0	0	483	
8	0	0	0	0	484	
9	0	0	0	0	483	
10	0	0	0	0	479	
11	0	0	0	0	474	
12	0	0	0	0	467	
13	0	0	0	0	459	
14	0	0	0	0	451	
15	0	0	0	0	445	
0	0	0	0	0	442	
1	0	0	0	0	443	
2	0	0	0	0	447	
3	0	0	0	0	454	
4	0	0	0	0	461	
5	0	0	0	0	470	
6	0	0	0	0	478	
7	0	0	0	0	484	
8	0	0	0	0	488	
9	0	0	0	0	489	
10	0	0	0	0	487	
11	0	0	0	0	483	
12	0	0	0	0	475	
13	0	0	0	0	468	
14	0	0	0	0	461	
15	0	0	0	0	455	
0	0	0	0	0	451	
1	0	0	0	0	451	
2	0	0	0	0	455	
3	0	0	0	0	461	
4	0	0	0	0	468	
5	0	0	0	0	478	
6	0	0	0	0	487	
7	0	0	0	0	494	
8	0	0	0	0	499	
9	0	0	0	0	502	
10	0	0	0	0	502	
11	0	0	0	0	497	
12	0	0	0	0	490	
13	0	0	0	0	482	
14	0	0	0	0	474	
15	0	0	0	0	466	
0	0	0	0	0	461	
1	0	0	0	0	458	
2	0	0	0	0	460	
3	0	0	0	0	464	
4	0	0	0	0	471	
5	0	0	0	0	479	
6	0	0	0	0	489	
7	0	0	0	0	499	
8	0	0	0	0	508	
9	0	0	0	0	513	
10	0	0	0	0	514	
11	0	0	0	0	512	
12	0	0	0	0	507	
13	0	0	0	0	499	
14	0	0	0	0	488	
15	0	0	0	0	478	
0	0	0	0	0	471	
1	0	0	0	0	467	
2	0	0	0	0	467	
3	0	0	0	0	470	
4	0	0	0	0	476	
5	0	0	0	0	484	
6	0	0	0	0	493	
7	0	0	0	0	504	
8	0	0	0	0	512	
9	0	0	0	0	517	
10	0	0	0	0	519	
11	0	0	0	0	519	
12	0	0	0	0	514	
13	0	0	0	0	508	
14	0	0	0	0	500	
15	0	0	0	0	492	
0	0	0	0	0	484	
1	0	0	0	0	478	
2	0	0	0	0	475	
3	0	0	0	0	475	
4	0	0	0	0	480	
5	0	0	0	0	487	
6	0	0	0	0	496	
7	0	0	0	0	507	
8	0	0	0	0	518	
9	0	0	0	0	527	
10	0	0	0	0	532	
11	0	0	0	0	534	
12	0	0	0	0	533	
13	0	0	0	0	528	
14	0	0	0	0	521	
15	0	0	0	0	514	
0	0	0	0	0	505	
1	0	0	0	0	497	
2	0	0	0	0	492	
3	0	0	0	0	490	
4	0	0	0	0	492	
5	0	0	0	0	498	
6	0	0	0	0	507	
7	0	0	0	0	519	
8	0	0	0	0	532	
9	0	0	0	0	545	
10	0	0	0	0	555	
11	0	0	0	0	561	
12	0	0	0	0	561	
13	0	0	0	0	557	
14	0	0	0	0	549	
15	0	0	0	0	537	
0	0	0	0	0	525	
1	0	0	0	0	513	
2	0	0	0	0	504	
3	0	0	0	0	498	
4	0	0	0	0	496	
5	0	0	0	0	497	
6	0	0	0	0	502	
7	0	0	0	0	509	
8	0	0	0	0	518	
9	0	0	0	0	525	
10	0	0	0	0	534	
11	0	0	0	0	540	
12	0	0	0	0	542	
13	0	0	0	0	540	
14	0	0	0	0	535	
15	0	0	0	0	526	
0	0	0	0	0	514	
1	0	0	0	0	502	
2	0	0	0	0	491	
3	0	0	0	0	483	
4	0	0	0	0	479	
5	0	0	0	0	480	
6	0	0	0	0	483	
7	0	0	0	0	490	
8	0	0	0	0	499	
9	0	0	0	0	508	
10	0	0	0	0	519	
11	0	0	0	0	527	
12	0	0	0	0	532	
13	0	0	0	0	534	
14	0	0	0	0	530	
15	0	0	0	0	524	
0	0	0	0	0	515	
1	0	0	0	0	505	
2	0	0	0	0	493	
3	0	0	0	0	481	
4	0	0	0	0	474	
5	0	0	0	0	471	
6	0	0	0	0	473	
7	0	0	0	0	477	
8	0	0	0	0	484	
9	0	0	0	0	494	
10	0	0	0	0	504	
11	0	0	0	0	515	
12	0	0	0	0	524	
13	0	0	0	0	528	
14	0	0	0	0	527	
15	0	0	0	0	524	
0	0	0	0	0	517	
1	0	0	0	0	508	
2	0	0	0	0	496	
3	0	0	0	0	486	
4	0	0	0	0	477	
5	0	0	0	0	471	
6	0	0	0	0	469	
7	0	0	0	0	471	
8	0	0	0	0	476	
9	0	0	0	0	485	
10	0	0	0	0	496	
11	0	0	0	0	508	
12	0	0	0	0	518	
13	0	0	0	0	525	
14	0	0	0	0	527	
15	0	0	0	0	526	
0	0	0	0	0	521	
1	0	0	0	0	514	
2	0	0	0	0	504	
3	0	0	0	0	495	
4	0	0	0	0	486	
5	0	0	0	0	478	
6	0	0	0	0	474	
7	0	0	0	0	474	
8	0	0	0	0	476	
9	0	0	0	0	483	
10	0	0	0	0	492	
11	0	0	0	0	502	
12	0	0	0	0	510	
13	0	0	0	0	519	
14	0	0	0	0	526	
15	0	0	0	0	529	
0	0	0	0	0	527	
1	0	0	0	0	521	
2	0	0	0	0	512	
3	0	0	0	0	501	
4	0	0	0	0	489	
5	0	0	0	0	477	
6	0	0	0	0	468	
7	0	0	0	0	463	
8	0	0	0	0	463	
9	0	0	0	0	465	
10	0	0	0	0	468	
11	0	0	0	0	474	
12	0	0	0	0	482	
13	0	0	0	0	489	
14	0	0	0	0	494	
15	0	0	0	0	495	
0	0	0	0	0	492	
1	0	0	0	0	484	
2	0	0	0	0	474	
3	0	0	0	0	461	
4	0	0	0	0	447	
5	0	0	0	0	434	
6	0	0	0	0	423	
7	0	0	0	0	418	
8	0	0	0	0	419	
9	0	0	0	0	429	
10	0	0	0	0	448	
11	0	0	0	0	474	
12	0	0	0	0	507	
13	0	0	0	0	546	
14	0	0	0	0	588	
15	0	0	0	0	632	
0	0	0	0	0	678	
1	0	0	0	0	721	
2	0	0	0	0	762	
3	0	0	0	0	801	
4	0	0	0	0	839	
5	0	0	0	0	873	
6	0	0	0	0	899	
7	0	0	0	0	918	
8	0	0	0	0	930	
9	0	0	0	0	936	
10	0	0	0	0	936	
11	0	0	0	0	931	
12	0	0	0	0	921	
13	0	0	0	0	909	
14	0	0	0	0	894	
15	0	0	0	0	876	
0	0	0	0	0	853	
1	0	0	0	0	827	
2	0	0	0	0	795	
3	0	0	0	0	760	
4	0	0	0	0	720	
5	0	0	0	0	680	
6	0	0	0	0	640	
7	0	0	0	0	606	
8	0	0	0	0	578	
9	0	0	0	0	558	
10	0	0	0	0	547	
11	0	0	0	0	542	
12	0	0	0	0	543	
13	0	0	0	0	545	
14	0	0	0	0	550	
15	0	0	0	0	553	
0	0	0	0	0	554	
1	0	0	0	0	549	
2	0	0	0	0	539	
3	0	0	0	0	523	
4	0	0	0	0	507	
5	0	0	0	0	487	
6	0	0	0	0	467	
7	0	0	0	0	448	
8	0	0	0	0	434	
9	0	0	0	0	428	
10	0	0	0	0	428	
11	0	0	0	0	432	
12	0	0	0	0	440	
13	0	0	0	0	450	
14	0	0	0	0	461	
15	0	0	0	0	473	
0	0	0	0	0	483	
1	0	0	0	0	487	
2	0	0	0	0	487	
3	0	0	0	0	481	
4	0	0	0	0	471	
5	0	0	0	0	460	
6	0	0	0	0	446	
7	0	0	0	0	432	
8	0	0	0	0	419	
9	0	0	0	0	411	
10	0	0	0	0	408	
11	0	0	0	0	411	
12	0	0	0	0	418	
13	0	0	0	0	429	
14	0	0	0	0	442	
15	0	0	0	0	455	
0	0	0	0	0	469	
1	0	0	0	0	478	
2	0	0	0	0	483	
3	0	0	0	0	480	
4	0	0	0	0	474	
5	0	0	0	0	464	
6	0	0	0	0	452	
7	0	0	0	0	438	
8	0	0	0	0	424	
9	0	0	0	0	413	
10	0	0	0	0	408	
11	0	0	0	0	409	
12	0	0	0	0	414	
13	0	0	0	0	424	
14	0	0	0	0	438	
15	0	0	0	0	452	
0	0	0	0	0	466	
1	0	0	0	0	479	
2	0	0	0	0	486	
3	0	0	0	0	487	
4	0	0	0	0	486	
5	0	0	0	0	480	
6	0	0	0	0	471	
7	0	0	0	0	457	
8	0	0	0	0	445	
9	0	0	0	0	433	
10	0	0	0	0	423	
11	0	0	0	0	420	
12	0	0	0	0	423	
13	0	0	0	0	431	
14	0	0	0	0	441	
15	0	0	0	0	454	
0	0	0	0	0	468	
1	0	0	0	0	482	
2	0	0	0	0	492	
3	0	0	0	0	498	
4	0	0	0	0	497	
5	0	0	0	0	492	
6	0	0	0	0	485	
7	0	0	0	0	475	
8	0	0	0	0	463	
9	0	0	0	0	451	
10	0	0	0	0	441	
11	0	0	0	0	435	
12	0	0	0	0	434	
13	0	0	0	0	437	
14	0	0	0	0	446	
15	0	0	0	0	458	
0	0	0	0	0	471	
1	0	0	0	0	486	
2	0	0	0	0	500	
3	0	0	0	0	511	
4	0	0	0	0	515	
5	0	0	0	0	513	
6	0	0	0	0	508	
7	0	0	0	0	501	
8	0	0	0	0	489	
9	0	0	0	0	476	
10	0	0	0	0	462	
11	0	0	0	0	452	
12	0	0	0	0	446	
13	0	0	0	0	445	
14	0	0	0	0	449	
15	0	0	0	0	458	
0	0	0	0	0	469	
1	0	0	0	0	483	
2	0	0	0	0	497	
3	0	0	0	0	511	
4	0	0	0	0	520	
5	0	0	0	0	526	
6	0	0	0	0	526	
7	0	0	0	0	522	
8	0	0	0	0	517	
9	0	0	0	0	511	
10	0	0	0	0	507	
11	0	0	0	0	502	
12	0	0	0	0	498	
13	0	0	0	0	497	
14	0	0	0	0	496	
15	0	0	0	0	497	
0	0	0	0	0	499	
1	0	0	0	0	502	
2	0	0	0	0	506	
3	0	0	0	0	511	
4	0	0	0	0	514	
5	0	0	0	0	518	
6	0	0	0	0	522	
7	0	0	0	0	523	
8	0	0	0	0	521	
9	0	0	0	0	518	
10	0	0	0	0	515	
11	0	0	0	0	513	
12	0	0	0	0	512	
13	0	0	0	0	512	
14	0	0	0	0	515	
15	0	0	0	0	517	
0	0	0	0	0	518	
1	0	0	0	0	518	
2	0	0	0	0	517	
3	0	0	0	0	517	
4	0	0	0	0	517	
5	0	0	0	0	516	
6	0	0	0	0	517	
7	0	0	0	0	515	
8	0	0	0	0	512	
9	0	0	0	0	511	
10	0	0	0	0	510	
11	0	0	0	0	509	
12	0	0	0	0	507	
13	0	0	0	0	508	
14	0	0	0	0	508	
15	0	0	0	0	510	
0	0	0	0	0	512	
1	0	0	0	0	513	
2	0	0	0	0	516	
3	0	0	0	0	519	
4	0	0	0	0	523	
5	0	0	0	0	526	
6	0	0	0	0	528	
7	0	0	0	0	530	
8	0	0	0	0	531	
9	0	0	0	0	531	
10	0	0	0	0	529	
11	0	0	0	0	527	
12	0	0	0	0	526	
13	0	0	0	0	525	
14	0	0	0	0	523	
15	0	0	0	0	522	
0	0	0	0	0	522	
1	0	0	0	0	524	
2	0	0	0	0	526	
3	0	0	0	0	529	
4	0	0	0	0	532	
5	0	0	0	0	533	
6	0	0	0	0	533	
7	0	0	0	0	534	
8	0	0	0	0	532	
9	0	0	0	0	532	
10	0	0	0	0	533	
11	0	0	0	0	534	
12	0	0	0	0	536	
13	0	0	0	0	537	
14	0	0	0	0	540	
15	0	0	0	0	541	
0	0	0	0	0	542	
1	0	0	0	0	542	
2	0	0	0	0	541	
3	0	0	0	0	542	
4	0	0	0	0	544	
5	0	0	0	0	546	
6	0	0	0	0	548	
7	0	0	0	0	550	
8	0	0	0	0	550	
9	0	0	0	0	550	
10	0	0	0	0	549	
11	0	0	0	0	547	
12	0	0	0	0	547	
13	0	0	0	0	546	
14	0	0	0	0	545	
15	0	0	0	0	545	
0	0	0	0	0	544	
1	0	0	0	0	545	
2	0	0	0	0	547	
3	0	0	0	0	548	
4	0	0	0	0	549	
5	0	0	0	0	550	
6	0	0	0	0	551	
7	0	0	0	0	552	
8	0	0	0	0	553	
9	0	0	0	0	555	
10	0	0	0	0	555	
11	0	0	0	0	556	
12	0	0	0	0	556	
13	0	0	0	0	557	
14	0	0	0	0	557	
15	0	0	0	0	558	
0	0	0	0	0	558	
1	0	0	0	0	558	
2	0	0	0	0	558	
3	0	0	0	0	559	
4	0	0	0	0	560	
5	0	0	0	0	558	
6	0	0	0	0	558	
7	0	0	0	0	557	
8	0	0	0	0	556	
9	0	0	0	0	556	
10	0	0	0	0	555	
11	0	0	0	0	555	
12	0	0	0	0	554	
13	0	0	0	0	553	
14	0	0	0	0	551	
15	0	0	0	0	550	
0	0	0	0	0	548	
1	0	0	0	0	545	
2	0	0	0	0	544	
3	0	0	0	0	543	
4	0	0	0	0	543	
5	0	0	0	0	543	
6	0	0	0	0	543	
7	0	0	0	0	542	
8	0	0	0	0	540	
9	0	0	0	0	537	
10	0	0	0	0	536	
11	0	0	0	0	536	
12	0	0	0	0	534	
13	0	0	0	0	533	
14	0	0	0	0	531	
15	0	0	0	0	529	
0	0	0	0	0	527	
1	0	0	0	0	526	
2	0	0	0	0	524	
3	0	0	0	0	523	
4	0	0	0	0	523	
5	0	0	0	0	521	
6	0	0	0	0	519	
7	0	0	0	0	518	
8	0	0	0	0	516	
9	0	0	0	0	517	
10	0	0	0	0	515	
11	0	0	0	0	513	
12	0	0	0	0	511	
13	0	0	0	0	510	
14	0	0	0	0	508	
15	0	0	0	0	504	
0	0	0	0	0	501	
1	0	0	0	0	499	
2	0	0	0	0	497	
3	0	0	0	0	495	
4	0	0	0	0	493	
5	0	0	0	0	492	
6	0	0	0	0	492	
7	0	0	0	0	489	
8	0	0	0	0	488	
9	0	0	0	0	488	
10	0	0	0	0	487	
11	0	0	0	0	487	
12	0	0	0	0	487	
13	0	0	0	0	487	
14	0	0	0	0	487	
15	0	0	0	0	486	
0	0	0	0	0	484	
1	0	0	0	0	484	
2	0	0	0	0	483	
3	0	0	0	0	482	
4	0	0	0	0	481	
5	0	0	0	0	481	
6	0	0	0	0	481	
7	0	0	0	0	481	
8	0	0	0	0	481	
9	0	0	0	0	481	
10	0	0	0	0	482	
11	0	0	0	0	484	
12	0	0	0	0	485	
13	0	0	0	0	486	
14	0	0	0	0	486	
15	0	0	0	0	486	
0	0	0	0	0	485	
1	0	0	0	0	483	
2	0	0	0	0	483	
3	0	0	0	0	483	
4	0	0	0	0	482	
5	0	0	0	0	483	
6	0	0	0	0	486	
7	0	0	0	0	487	
8	0	0	0	0	488	
9	0	0	0	0	488	
10	0	0	0	0	488	
11	0	0	0	0	488	
12	0	0	0	0	487	
13	0	0	0	0	486	
14	0	0	0	0	485	
15	0	0	0	0	487	
0	0	0	0	0	489	
1	0	0	0	0	491	
2	0	0	0	0	490	
3	0	0	0	0	491	
4	0	0	0	0	491	
5	0	0	0	0	492	
6	0	0	0	0	493	
7	0	0	0	0	493	
8	0	0	0	0	493	
9	0	0	0	0	494	
10	0	0	0	0	494	
11	0	0	0	0	494	
12	0	0	0	0	494	
13	0	0	0	0	494	
14	0	0	0	0	494	
15	0	0	0	0	494	
0	0	0	0	0	494	
1	0	0	0	0	495	
2	0	0	0	0	494	
3	0	0	0	0	494	
4	0	0	0	0	495	
5	0	0	0	0	496	
6	0	0	0	0	496	
7	0	0	0	0	496	
8	0	0	0	0	496	
9	0	0	0	0	496	
10	0	0	0	0	496	
11	0	0	0	0	497	
12	0	0	0	0	498	
13	0	0	0	0	499	
14	0	0	0	0	499	
15	0	0	0	0	501	
0	0	0	0	0	502	
1	0	0	0	0	501	
2	0	0	0	0	500	
3	0	0	0	0	500	
4	0	0	0	0	499	
5	0	0	0	0	499	
6	0	0	0	0	499	
7	0	0	0	0	499	
8	0	0	0	0	500	
9	0	0	0	0	501	
10	0	0	0	0	501	
11	0	0	0	0	501	
12	0	0	0	0	499	
13	0	0	0	0	499	
14	0	0	0	0	499	
15	0	0	0	0	501	
0	0	0	0	0	503	
1	0	0	0	0	503	
2	0	0	0	0	503	
3	0	0	0	0	504	
4	0	0	0	0	505	
5	0	0	0	0	508	
6	0	0	0	0	510	
7	0	0	0	0	511	
8	0	0	0	0	512	
9	0	0	0	0	512	
10	0	0	0	0	512	
11	0	0	0	0	512	
12	0	0	0	0	516	
13	0	0	0	0	517	
14	0	0	0	0	519	
15	0	0	0	0	518	
0	0	0	0	0	513	
1	0	0	0	0	510	
2	0	0	0	0	508	
3	0	0	0	0	509	
4	0	0	0	0	511	
5	0	0	0	0	512	
6	0	0	0	0	513	
7	0	0	0	0	512	
8	0	0	0	0	511	
9	0	0	0	0	508	
10	0	0	0	0	507	
11	0	0	0	0	506	
12	0	0	0	0	504	
13	0	0	0	0	503	
14	0	0	0	0	501	
15	0	0	0	0	500	
0	0	0	0	0	499	
1	0	0	0	0	498	
2	0	0	0	0	496	
3	0	0	0	0	495	
4	0	0	0	0	493	
5	0	0	0	0	492	
6	0	0	0	0	493	
7	0	0	0	0	494	
8	0	0	0	0	496	
9	0	0	0	0	497	
10	0	0	0	0	498	
11	0	0	0	0	498	
12	0	0	0	0	497	
13	0	0	0	0	496	
14	0	0	0	0	496	
15	0	0	0	0	495	
0	0	0	0	0	496	
1	0	0	0	0	496	
2	0	0	0	0	497	
3	0	0	0	0	497	
4	0	0	0	0	497	
5	0	0	0	0	497	
6	0	0	0	0	497	
7	0	0	0	0	499	
8	0	0	0	0	499	
9	0	0	0	0	499	
10	0	0	0	0	498	
11	0	0	0	0	498	
12	0	0	0	0	498	
13	0	0	0	0	499	
14	0	0	0	0	501	
15	0	0	0	0	503	
0	0	0	0	0	504	
1	0	0	0	0	505	
2	0	0	0	0	505	
3	0	0	0	0	506	
4	0	0	0	0	506	
5	0	0	0	0	507	
6	0	0	0	0	507	
7	0	0	0	0	508	
8	0	0	0	0	508	
9	0	0	0	0	508	
10	0	0	0	0	508	
11	0	0	0	0	507	
12	0	0	0	0	506	
13	0	0	0	0	507	
14	0	0	0	0	508	
15	0	0	0	0	508	
0	0	0	0	0	509	
1	0	0	0	0	508	
2	0	0	0	0	508	
3	0	0	0	0	509	
4	0	0	0	0	510	
5	0	0	0	0	510	
6	0	0	0	0	509	
7	0	0	0	0	509	
8	0	0	0	0	508	
9	0	0	0	0	507	
10	0	0	0	0	507	
11	0	0	0	0	506	
12	0	0	0	0	507	
13	0	0	0	0	507	
14	0	0	0	0	507	
15	0	0	0	0	507	
0	0	0	0	0	508	
1	0	0	0	0	509	
2	0	0	0	0	510	
3	0	0	0	0	510	
4	0	0	0	0	511	
5	0	0	0	0	511	
6	0	0	0	0	511	
7	0	0	0	0	511	
8	0	0	0	0	511	
9	0	0	0	0	510	
10	0	0	0	0	509	
11	0	0	0	0	508	
12	0	0	0	0	508	
13	0	0	0	0	508	
14	0	0	0	0	508	
15	0	0	0	0	508	
0	0	0	0	0	509	
1	0	0	0	0	510	
2	0	0	0	0	511	
3	0	0	0	0	511	
4	0	0	0	0	510	
5	0	0	0	0	509	
6	0	0	0	0	509	
7	0	0	0	0	510	
8	0	0	0	0	509	
9	0	0	0	0	509	
10	0	0	0	0	509	
11	0	0	0	0	509	
12	0	0	0	0	509	
13	0	0	0	0	508	
14	0	0	0	0	508	
15	0	0	0	0	508	
0	0	0	0	0	509	
1	0	0	0	0	510	
2	0	0	0	0	510	
3	0	0	0	0	510	
4	0	0	0	0	511	
5	0	0	0	0	512	
6	0	0	0	0	513	
7	0	0	0	0	513	
8	0	0	0	0	512	
9	0	0	0	0	512	
10	0	0	0	0	512	
11	0	0	0	0	513	
12	0	0	0	0	512	
13	0	0	0	0	513	
14	0	0	0	0	514	
15	0	0	0	0	513	
0	0	0	0	0	513	
1	0	0	0	0	512	
2	0	0	0	0	512	
3	0	0	0	0	512	
4	0	0	0	0	512	
5	0	0	0	0	511	
6	0	0	0	0	512	
7	0	0	0	0	511	
8	0	0	0	0	511	
9	0	0	0	0	511	
10	0	0	0	0	511	
11	0	0	0	0	510	
12	0	0	0	0	510	
13	0	0	0	0	511	
14	0	0	0	0	511	
15	0	0	0	0	509	
0	0	0	0	0	509	
1	0	0	0	0	508	
2	0	0	0	0	508	
3	0	0	0	0	508	
4	0	0	0	0	509	
5	0	0	0	0	510	
6	0	0	0	0	510	
7	0	0	0	0	510	
8	0	0	0	0	511	
9	0	0	0	0	512	
10	0	0	0	0	513	
11	0	0	0	0	512	
12	0	0	0	0	512	
13	0	0	0	0	510	
14	0	0	0	0	510	
15	0	0	0	0	511	
0	0	0	0	0	511	
1	0	0	0	0	512	
2	0	0	0	0	512	
3	0	0	0	0	511	
4	0	0	0	0	510	
5	0	0	0	0	511	
6	0	0	0	0	512	
7	0	0	0	0	515	
8	0	0	0	0	516	
9	0	0	0	0	518	
10	0	0	0	0	520	
11	0	0	0	0	521	
12	0	0	0	0	523	
13	0	0	0	0	524	
14	0	0	0	0	526	
15	0	0	0	0	529	
0	0	0	0	0	529	
1	0	0	0	0	529	
2	0	0	0	0	530	
3	0	0	0	0	529	
4	0	0	0	0	527	
5	0	0	0	0	526	
6	0	0	0	0	526	
7	0	0	0	0	526	
8	0	0	0	0	526	
9	0	0	0	0	526	
10	0	0	0	0	527	
11	0	0	0	0	529	
12	0	0	0	0	531	
13	0	0	0	0	533	
14	0	0	0	0	535	
15	0	0	0	0	538	
0	0	0	0	0	542	
1	0	0	0	0	545	
2	0	0	0	0	549	
3	0	0	0	0	551	
4	0	0	0	0	551	
5	0	0	0	0	550	
6	0	0	0	0	550	
7	0	0	0	0	549	
8	0	0	0	0	548	
9	0	0	0	0	548	
10	0	0	0	0	547	
11	0	0	0	0	547	
12	0	0	0	0	546	
13	0	0	0	0	545	
14	0	0	0	0	544	
15	0	0	0	0	543	
0	0	0	0	0	541	
1	0	0	0	0	540	
2	0	0	0	0	537	
3	0	0	0	0	535	
4	0	0	0	0	533	
5	0	0	0	0	531	
6	0	0	0	0	530	
7	0	0	0	0	528	
8	0	0	0	0	527	
9	0	0	0	0	525	
10	0	0	0	0	523	
11	0	0	0	0	520	
12	0	0	0	0	519	
13	0	0	0	0	519	
14	0	0	0	0	518	
15	0	0	0	0	517	
0	0	0	0	0	515	
1	0	0	0	0	514	
2	0	0	0	0	513	
3	0	0	0	0	511	
4	0	0	0	0	510	
5	0	0	0	0	509	
6	0	0	0	0	508	
7	0	0	0	0	507	
8	0	0	0	0	506	
9	0	0	0	0	505	
10	0	0	0	0	504	
11	0	0	0	0	503	
12	0	0	0	0	502	
13	0	0	0	0	502	
14	0	0	0	0	502	
15	0	0	0	0	502	
0	0	0	0	0	501	
1	0	0	0	0	502	
2	0	0	0	0	501	
3	0	0	0	0	501	
4	0	0	0	0	500	
5	0	0	0	0	500	
6	0	0	0	0	499	
7	0	0	0	0	499	
8	0	0	0	0	499	
9	0	0	0	0	499	
10	0	0	0	0	498	
11	0	0	0	0	497	
12	0	0	0	0	496	
13	0	0	0	0	496	
14	0	0	0	0	496	
15	0	0	0	0	496	
0	0	0	0	0	496	
1	0	0	0	0	497	
2	0	0	0	0	496	
3	0	0	0	0	495	
4	0	0	0	0	494	
5	0	0	0	0	494	
6	0	0	0	0	494	
7	0	0	0	0	495	
8	0	0	0	0	496	
9	0	0	0	0	497	
10	0	0	0	0	499	
11	0	0	0	0	499	
12	0	0	0	0	498	
13	0	0	0	0	498	
14	0	0	0	0	497	
15	0	0	0	0	497	
0	0	0	0	0	496	
1	0	0	0	0	496	
2	0	0	0	0	496	
3	0	0	0	0	497	
4	0	0	0	0	497	
5	0	0	0	0	496	
6	0	0	0	0	496	
7	0	0	0	0	496	
8	0	0	0	0	496	
9	0	0	0	0	496	
10	0	0	0	0	494	
11	0	0	0	0	493	
12	0	0	0	0	492	
13	0	0	0	0	491	
14	0	0	0	0	489	
15	0	0	0	0	487	
0	0	0	0	0	483	
1	0	0	0	0	481	
2	0	0	0	0	478	
3	0	0	0	0	473	
4	0	0	0	0	470	
5	0	0	0	0	467	
6	0	0	0	0	466	
7	0	0	0	0	464	
8	0	0	0	0	463	
9	0	0	0	0	462	
10	0	0	0	0	459	
11	0	0	0	0	456	
12	0	0	0	0	454	
13	0	0	0	0	452	
14	0	0	0	0	451	
15	0	0	0	0	453	
0	0	0	0	0	455	
1	0	0	0	0	458	
2	0	0	0	0	463	
3	0	0	0	0	475	
4	0	0	0	0	490	
5	0	0	0	0	512	
6	0	0	0	0	537	
7	0	0	0	0	567	
8	0	0	0	0	602	
9	0	0	0	0	641	
10	0	0	0	0	684	
11	0	0	0	0	728	
12	0	0	0	0	772	
13	0	0	0	0	815	
14	0	0	0	0	857	
15	0	0	0	0	888	
0	0	0	0	0	908	
1	0	0	0	0	917	
2	0	0	0	0	915	
3	0	0	0	0	905	
4	0	0	0	0	886	
5	0	0	0	0	862	
6	0	0	0	0	834	
7	0	0	0	0	806	
8	0	0	0	0	779	
9	0	0	0	0	754	
10	0	0	0	0	731	
11	0	0	0	0	710	
12	0	0	0	0	688	
13	0	0	0	0	668	
14	0	0	0	0	647	
15	0	0	0	0	627	
0	0	0	0	0	608	
1	0	0	0	0	590	
2	0	0	0	0	572	
3	0	0	0	0	556	
4	0	0	0	0	541	
5	0	0	0	0	530	
6	0	0	0	0	522	
7	0	0	0	0	515	
8	0	0	0	0	511	
9	0	0	0	0	505	
10	0	0	0	0	500	
11	0	0	0	0	495	
12	0	0	0	0	488	
13	0	0	0	0	481	
14	0	0	0	0	474	
15	0	0	0	0	468	
0	0	0	0	0	463	
1	0	0	0	0	460	
2	0	0	0	0	458	
3	0	0	0	0	456	
4	0	0	0	0	455	
5	0	0	0	0	454	
6	0	0	0	0	454	
7	0	0	0	0	452	
8	0	0	0	0	451	
9	0	0	0	0	449	
10	0	0	0	0	447	
11	0	0	0	0	445	
12	0	0	0	0	445	
13	0	0	0	0	446	
14	0	0	0	0	446	
15	0	0	0	0	445	
0	0	0	0	0	445	
1	0	0	0	0	444	
2	0	0	0	0	444	
3	0	0	0	0	444	
4	0	0	0	0	444	
5	0	0	0	0	443	
6	0	0	0	0	442	
7	0	0	0	0	441	
8	0	0	0	0	442	
9	0	0	0	0	443	
10	0	0	0	0	443	
11	0	0	0	0	444	
12	0	0	0	0	444	
13	0	0	0	0	444	
14	0	0	0	0	444	
15	0	0	0	0	444	
0	0	0	0	0	445	
1	0	0	0	0	445	
2	0	0	0	0	445	
3	0	0	0	0	446	
4	0	0	0	0	445	
5	0	0	0	0	446	
6	0	0	0	0	446	
7	0	0	0	0	447	
8	0	0	0	0	448	
9	0	0	0	0	448	
10	0	0	0	0	448	
11	0	0	0	0	448	
12	0	0	0	0	449	
13	0	0	0	0	451	
14	0	0	0	0	452	
15	0	0	0	0	453	
0	0	0	0	0	454	
1	0	0	0	0	455	
2	0	0	0	0	455	
3	0	0	0	0	456	
4	0	0	0	0	457	
5	0	0	0	0	458	
6	0	0	0	0	459	
7	0	0	0	0	460	
8	0	0	0	0	460	
9	0	0	0	0	461	
10	0	0	0	0	462	
11	0	0	0	0	463	
12	0	0	0	0	465	
13	0	0	0	0	467	
14	0	0	0	0	469	
15	0	0	0	0	471	
0	0	0	0	0	472	
1	0	0	0	0	472	
2	0	0	0	0	473	
3	0	0	0	0	473	
4	0	0	0	0	473	
5	0	0	0	0	473	
6	0	0	0	0	472	
7	0	0	0	0	472	
8	0	0	0	0	471	
9	0	0	0	0	470	
10	0	0	0	0	472	
11	0	0	0	0	473	
12	0	0	0	0	475	
13	0	0	0	0	475	
14	0	0	0	0	476	
15	0	0	0	0	476	
0	0	0	0	0	476	
1	0	0	0	0	478	
2	0	0	0	0	479	
3	0	0	0	0	480	
4	0	0	0	0	482	
5	0	0	0	0	481	
6	0	0	0	0	481	
7	0	0	0	0	481	
8	0	0	0	0	481	
9	0	0	0	0	482	
10	0	0	0	0	483	
11	0	0	0	0	482	
12	0	0	0	0	483	
13	0	0	0	0	484	
14	0	0	0	0	485	
15	0	0	0	0	486	
0	0	0	0	0	488	
1	0	0	0	0	489	
2	0	0	0	0	490	
3	0	0	0	0	492	
4	0	0	0	0	493	
5	0	0	0	0	494	
6	0	0	0	0	495	
7	0	0	0	0	496	
8	0	0	0	0	496	
9	0	0	0	0	497	
10	0	0	0	0	497	
11	0	0	0	0	497	
12	0	0	0	0	497	
13	0	0	0	0	499	
14	0	0	0	0	499	
15	0	0	0	0	501	
0	0	0	0	0	503	
1	0	0	0	0	504	
2	0	0	0	0	504	
3	0	0	0	0	505	
4	0	0	0	0	505	
5	0	0	0	0	506	
6	0	0	0	0	507	
7	0	0	0	0	508	
8	0	0	0	0	508	
9	0	0	0	0	509	
10	0	0	0	0	510	
11	0	0	0	0	509	
12	0	0	0	0	509	
13	0	0	0	0	508	
14	0	0	0	0	508	
15	0	0	0	0	508	
0	0	0	0	0	508	
1	0	0	0	0	510	
2	0	0	0	0	510	
3	0	0	0	0	508	
4	0	0	0	0	508	
5	0	0	0	0	509	
6	0	0	0	0	510	
7	0	0	0	0	511	
8	0	0	0	0	512	
9	0	0	0	0	513	
10	0	0	0	0	513	
11	0	0	0	0	514	
12	0	0	0	0	514	
13	0	0	0	0	514	
14	0	0	0	0	515	
15	0	0	0	0	516	
0	0	0	0	0	516	
1	0	0	0	0	517	
2	0	0	0	0	518	
3	0	0	0	0	519	
4	0	0	0	0	519	
5	0	0	0	0	521	
6	0	0	0	0	521	
7	0	0	0	0	523	
8	0	0	0	0	522	
9	0	0	0	0	523	
10	0	0	0	0	522	
11	0	0	0	0	522	
12	0	0	0	0	523	
13	0	0	0	0	524	
14	0	0	0	0	524	
15	0	0	0	0	525	
0	0	0	0	0	526	
1	0	0	0	0	527	
2	0	0	0	0	528	
3	0	0	0	0	529	
4	0	0	0	0	530	
5	0	0	0	0	530	
6	0	0	0	0	530	
7	0	0	0	0	529	
8	0	0	0	0	529	
9	0	0	0	0	528	
10	0	0	0	0	528	
11	0	0	0	0	527	
12	0	0	0	0	528	
13	0	0	0	0	528	
14	0	0	0	0	528	
15	0	0	0	0	528	
0	0	0	0	0	529	
1	0	0	0	0	530	
2	0	0	0	0	531	
3	0	0	0	0	531	
4	0	0	0	0	532	
5	0	0	0	0	534	
6	0	0	0	0	535	
7	0	0	0	0	536	
8	0	0	0	0	537	
9	0	0	0	0	538	
10	0	0	0	0	539	
11	0	0	0	0	540	
12	0	0	0	0	540	
13	0	0	0	0	539	
14	0	0	0	0	538	
15	0	0	0	0	536	
0	0	0	0	0	536	
1	0	0	0	0	536	
2	0	0	0	0	536	
3	0	0	0	0	536	
4	0	0	0	0	536	
5	0	0	0	0	536	
6	0	0	0	0	536	
7	0	0	0	0	536	
8	0	0	0	0	535	
9	0	0	0	0	536	
10	0	0	0	0	536	
11	0	0	0	0	536	
12	0	0	0	0	536	
13	0	0	0	0	536	
14	0	0	0	0	536	
15	0	0	0	0	535	
0	0	0	0	0	534	
1	0	0	0	0	533	
2	0	0	0	0	532	
3	0	0	0	0	532	
4	0	0	0	0	531	
5	0	0	0	0	530	
6	0	0	0	0	529	
7	0	0	0	0	528	
8	0	0	0	0	528	
9	0	0	0	0	526	
10	0	0	0	0	525	
11	0	0	0	0	523	
12	0	0	0	0	521	
13	0	0	0	0	519	
14	0	0	0	0	518	
15	0	0	0	0	516	
0	0	0	0	0	515	
1	0	0	0	0	513	
2	0	0	0	0	513	
3	0	0	0	0	511	
4	0	0	0	0	510	
5	0	0	0	0	509	
6	0	0	0	0	508	
7	0	0	0	0	506	
8	0	0	0	0	505	
9	0	0	0	0	503	
10	0	0	0	0	502	
11	0	0	0	0	499	
12	0	0	0	0	498	
13	0	0	0	0	496	
14	0	0	0	0	495	
15	0	0	0	0	493	
0	0	0	0	0	491	
1	0	0	0	0	489	
2	0	0	0	0	487	
3	0	0	0	0	487	
4	0	0	0	0	486	
5	0	0	0	0	484	
6	0	0	0	0	484	
7	0	0	0	0	483	
8	0	0	0	0	483	
9	0	0	0	0	482	
10	0	0	0	0	482	
11	0	0	0	0	481	
12	0	0	0	0	480	
13	0	0	0	0	480	
14	0	0	0	0	480	
15	0	0	0	0	479	
0	0	0	0	0	479	
1	0	0	0	0	478	
2	0	0	0	0	477	
3	0	0	0	0	476	
4	0	0	0	0	475	
5	0	0	0	0	475	
6	0	0	0	0	475	
7	0	0	0	0	475	
8	0	0	0	0	475	
9	0	0	0	0	476	
10	0	0	0	0	476	
11	0	0	0	0	476	
12	0	0	0	0	476	
13	0	0	0	0	476	
14	0	0	0	0	475	
15	0	0	0	0	475	
0	0	0	0	0	475	
1	0	0	0	0	476	
2	0	0	0	0	476	
3	0	0	0	0	475	
4	0	0	0	0	475	
5	0	0	0	0	475	
6	0	0	0	0	476	
7	0	0	0	0	476	
8	0	0	0	0	476	
9	0	0	0	0	476	
10	0	0	0	0	476	
11	0	0	0	0	477	
12	0	0	0	0	477	
13	0	0	0	0	477	
14	0	0	0	0	478	
15	0	0	0	0	478	
0	0	0	0	0	478	
1	0	0	0	0	478	
2	0	0	0	0	478	
3	0	0	0	0	478	
4	0	0	0	0	478	
5	0	0	0	0	478	
6	0	0	0	0	479	
7	0	0	0	0	480	
8	0	0	0	0	480	
9	0	0	0	0	480	
10	0	0	0	0	480	
11	0	0	0	0	480	
12	0	0	0	0	480	
13	0	0	0	0	480	
14	0	0	0	0	481	
15	0	0	0	0	482	
0	0	0	0	0	483	
1	0	0	0	0	484	
2	0	0	0	0	484	
3	0	0	0	0	485	
4	0	0	0	0	485	
5	0	0	0	0	486	
6	0	0	0	0	486	
7	0	0	0	0	486	
8	0	0	0	0	486	
9	0	0	0	0	487	
10	0	0	0	0	487	
11	0	0	0	0	487	
12	0	0	0	0	486	
13	0	0	0	0	487	
14	0	0	0	0	487	
15	0	0	0	0	487	
0	0	0	0	0	487	
1	0	0	0	0	487	
2	0	0	0	0	487	
3	0	0	0	0	487	
4	0	0	0	0	487	
5	0	0	0	0	487	
6	0	0	0	0	487	
7	0	0	0	0	489	
8	0	0	0	0	490	
9	0	0	0	0	491	
10	0	0	0	0	492	
11	0	0	0	0	493	
12	0	0	0	0	494	
13	0	0	0	0	494	
14	0	0	0	0	493	
15	0	0	0	0	493	
0	0	0	0	0	493	
1	0	0	0	0	494	
2	0	0	0	0	494	
3	0	0	0	0	494	
4	0	0	0	0	494	
5	0	0	0	0	494	
6	0	0	0	0	494	
7	0	0	0	0	493	
8	0	0	0	0	493	
9	0	0	0	0	493	
10	0	0	0	0	493	
11	0	0	0	0	494	
12	0	0	0	0	494	
13	0	0	0	0	495	
14	0	0	0	0	496	
15	0	0	0	0	496	
0	0	0	0	0	496	
1	0	0	0	0	496	
2	0	0	0	0	497	
3	0	0	0	0	496	
4	0	0	0	0	496	
5	0	0	0	0	496	
6	0	0	0	0	496	
7	0	0	0	0	495	
8	0	0	0	0	496	
9	0	0	0	0	496	
10	0	0	0	0	496	
11	0	0	0	0	495	
12	0	0	0	0	495	
13	0	0	0	0	496	
14	0	0	0	0	495	
15	0	0	0	0	495	
0	0	0	0	0	495	
1	0	0	0	0	495	
2	0	0	0	0	494	
3	0	0	0	0	494	
4	0	0	0	0	493	
5	0	0	0	0	493	
6	0	0	0	0	493	
7	0	0	0	0	493	
8	0	0	0	0	493	
9	0	0	0	0	494	
10	0	0	0	0	494	
11	0	0	0	0	495	
12	0	0	0	0	496	
13	0	0	0	0	497	
14	0	0	0	0	497	
15	0	0	0	0	498	
0	0	0	0	0	498	
1	0	0	0	0	498	
2	0	0	0	0	497	
3	0	0	0	0	497	
4	0	0	0	0	496	
5	0	0	0	0	496	
6	0	0	0	0	496	
7	0	0	0	0	496	
8	0	0	0	0	496	
9	0	0	0	0	496	
10	0	0	0	0	496	
11	0	0	0	0	496	
12	0	0	0	0	497	
13	0	0	0	0	497	
14	0	0	0	0	498	
15	0	0	0	0	498	
0	0	0	0	0	497	
1	0	0	0	0	498	
2	0	0	0	0	499	
3	0	0	0	0	499	
4	0	0	0	0	499	
5	0	0	0	0	498	
6	0	0	0	0	498	
7	0	0	0	0	498	
8	0	0	0	0	497	
9	0	0	0	0	498	
10	0	0	0	0	498	
11	0	0	0	0	498	
12	0	0	0	0	499	
13	0	0	0	0	500	
14	0	0	0	0	500	
15	0	0	0	0	500	
0	0	0	0	0	502	
1	0	0	0	0	502	
2	0	0	0	0	502	
3	0	0	0	0	503	
4	0	0	0	0	503	
5	0	0	0	0	503	
6	0	0	0	0	503	
7	0	0	0	0	502	
8	0	0	0	0	502	
9	0	0	0	0	502	
10	0	0	0	0	501	
11	0	0	0	0	502	
12	0	0	0	0	501	
13	0	0	0	0	502	
14	0	0	0	0	503	
15	0	0	0	0	503	
0	0	0	0	0	503	
1	0	0	0	0	503	
2	0	0	0	0	504	
3	0	0	0	0	503	
4	0	0	0	0	504	
5	0	0	0	0	504	
6	0	0	0	0	504	
7	0	0	0	0	506	
8	0	0	0	0	507	
9	0	0	0	0	507	
10	0	0	0	0	506	
11	0	0	0	0	506	
12	0	0	0	0	505	
13	0	0	0	0	504	
14	0	0	0	0	504	
15	0	0	0	0	504	
0	0	0	0	0	504	
1	0	0	0	0	504	
2	0	0	0	0	504	
3	0	0	0	0	504	
4	0	0	0	0	504	
5	0	0	0	0	504	
6	0	0	0	0	504	
7	0	0	0	0	503	
8	0	0	0	0	503	
9	0	0	0	0	503	
10	0	0	0	0	503	
11	0	0	0	0	503	
12	0	0	0	0	504	
13	0	0	0	0	504	
14	0	0	0	0	504	
15	0	0	0	0	505	
0	0	0	0	0	505	
1	0	0	0	0	506	
2	0	0	0	0	506	
3	0	0	0	0	506	
4	0	0	0	0	507	
5	0	0	0	0	507	
6	0	0	0	0	508	
7	0	0	0	0	508	
8	0	0	0	0	508	
9	0	0	0	0	509	
10	0	0	0	0	509	
11	0	0	0	0	508	
12	0	0	0	0	509	
13	0	0	0	0	508	
14	0	0	0	0	507	
15	0	0	0	0	508	
0	0	0	0	0	508	
1	0	0	0	0	509	
2	0	0	0	0	510	
3	0	0	0	0	510	
4	0	0	0	0	511	
5	0	0	0	0	511	
6	0	0	0	0	511	
7	0	0	0	0	511	
8	0	0	0	0	511	
9	0	0	0	0	512	
10	0	0	0	0	513	
11	0	0	0	0	515	
12	0	0	0	0	515	
13	0	0	0	0	516	
14	0	0	0	0	518	
15	0	0	0	0	519	
0	0	0	0	0	520	
1	0	0	0	0	520	
2	0	0	0	0	520	
3	0	0	0	0	521	
4	0	0	0	0	521	
5	0	0	0	0	522	
6	0	0	0	0	523	
7	0	0	0	0	523	
8	0	0	0	0	523	
9	0	0	0	0	524	
10	0	0	0	0	526	
11	0	0	0	0	527	
12	0	0	0	0	527	
13	0	0	0	0	529	
14	0	0	0	0	529	
15	0	0	0	0	531	
0	0	0	0	0	534	
1	0	0	0	0	536	
2	0	0	0	0	540	
3	0	0	0	0	543	
4	0	0	0	0	545	
5	0	0	0	0	548	
6	0	0	0	0	549	
7	0	0	0	0	550	
8	0	0	0	0	549	
9	0	0	0	0	548	
10	0	0	0	0	547	
11	0	0	0	0	546	
12	0	0	0	0	546	
13	0	0	0	0	545	
14	0	0	0	0	543	
15	0	0	0	0	543	
0	0	0	0	0	541	
1	0	0	0	0	539	
2	0	0	0	0	537	
3	0	0	0	0	536	
4	0	0	0	0	534	
5	0	0	0	0	531	
6	0	0	0	0	529	
7	0	0	0	0	527	
8	0	0	0	0	525	
9	0	0	0	0	524	
10	0	0	0	0	524	
11	0	0	0	0	523	
12	0	0	0	0	521	
13	0	0	0	0	520	
14	0	0	0	0	519	
15	0	0	0	0	518	
0	0	0	0	0	517	
1	0	0	0	0	517	
2	0	0	0	0	516	
3	0	0	0	0	515	
4	0	0	0	0	514	
5	0	0	0	0	512	
6	0	0	0	0	511	
7	0	0	0	0	509	
8	0	0	0	0	508	
9	0	0	0	0	507	
10	0	0	0	0	506	
11	0	0	0	0	505	
12	0	0	0	0	505	
13	0	0	0	0	504	
14	0	0	0	0	504	
15	0	0	0	0	504	
0	0	0	0	0	504	
1	0	0	0	0	503	
2	0	0	0	0	504	
3	0	0	0	0	503	
4	0	0	0	0	503	
5	0	0	0	0	503	
6	0	0	0	0	502	
7	0	0	0	0	502	
8	0	0	0	0	501	
9	0	0	0	0	500	
10	0	0	0	0	499	
11	0	0	0	0	498	
12	0	0	0	0	497	
13	0	0	0	0	496	
14	0	0	0	0	496	
15	0	0	0	0	496	
0	0	0	0	0	496	
1	0	0	0	0	495	
2	0	0	0	0	495	
3	0	0	0	0	495	
4	0	0	0	0	495	
5	0	0	0	0	495	
6	0	0	0	0	495	
7	0	0	0	0	495	
8	0	0	0	0	495	
9	0	0	0	0	495	
10	0	0	0	0	495	
11	0	0	0	0	496	
12	0	0	0	0	495	
13	0	0	0	0	496	
14	0	0	0	0	496	
15	0	0	0	0	496	
0	0	0	0	0	497	
1	0	0	0	0	496	
2	0	0	0	0	496	
3	0	0	0	0	496	
4	0	0	0	0	496	
5	0	0	0	0	497	
6	0	0	0	0	497	
7	0	0	0	0	497	
8	0	0	0	0	497	
9	0	0	0	0	498	
10	0	0	0	0	499	
11	0	0	0	0	498	
12	0	0	0	0	497	
13	0	0	0	0	496	
14	0	0	0	0	494	
15	0	0	0	0	492	
0	0	0	0	0	491	
1	0	0	0	0	489	
2	0	0	0	0	487	
3	0	0	0	0	486	
4	0	0	0	0	483	
5	0	0	0	0	480	
6	0	0	0	0	476	
7	0	0	0	0	471	
8	0	0	0	0	467	
9	0	0	0	0	464	
10	0	0	0	0	461	
11	0	0	0	0	460	
12	0	0	0	0	459	
13	0	0	0	0	457	
14	0	0	0	0	454	
15	0	0	0	0	451	
0	0	0	0	0	448	
1	0	0	0	0	446	
2	0	0	0	0	444	
3	0	0	0	0	445	
4	0	0	0	0	448	
5	0	0	0	0	455	
6	0	0	0	0	467	
7	0	0	0	0	484	
8	0	0	0	0	506	
9	0	0	0	0	535	
10	0	0	0	0	568	
11	0	0	0	0	606	
12	0	0	0	0	649	
13	0	0	0	0	693	
14	0	0	0	0	738	
15	0	0	0	0	784	
0	0	0	0	0	831	
1	0	0	0	0	876	
2	0	0	0	0	910	
3	0	0	0	0	934	
4	0	0	0	0	947	
5	0	0	0	0	947	
6	0	0	0	0	936	
7	0	0	0	0	915	
8	0	0	0	0	888	
9	0	0	0	0	859	
10	0	0	0	0	828	
11	0	0	0	0	796	
12	0	0	0	0	768	
13	0	0	0	0	742	
14	0	0	0	0	718	
15	0	0	0	0	693	
0	0	0	0	0	670	
1	0	0	0	0	646	
2	0	0	0	0	624	
3	0	0	0	0	604	
4	0	0	0	0	587	
5	0	0	0	0	572	
6	0	0	0	0	558	
7	0	0	0	0	547	
8	0	0	0	0	538	
9	0	0	0	0	530	
10	0	0	0	0	524	
11	0	0	0	0	519	
12	0	0	0	0	513	
13	0	0	0	0	508	
14	0	0	0	0	503	
15	0	0	0	0	496	
0	0	0	0	0	490	
1	0	0	0	0	483	
2	0	0	0	0	477	
3	0	0	0	0	472	
4	0	0	0	0	467	
5	0	0	0	0	464	
6	0	0	0	0	462	
7	0	0	0	0	459	
8	0	0	0	0	457	
9	0	0	0	0	455	
10	0	0	0	0	452	
11	0	0	0	0	451	
12	0	0	0	0	450	
13	0	0	0	0	449	
14	0	0	0	0	448	
15	0	0	0	0	448	
0	0	0	0	0	447	
1	0	0	0	0	447	
2	0	0	0	0	447	
3	0	0	0	0	447	
4	0	0	0	0	447	
5	0	0	0	0	447	
6	0	0	0	0	447	
7	0	0	0	0	447	
8	0	0	0	0	447	
9	0	0	0	0	447	
10	0	0	0	0	447	
11	0	0	0	0	448	
12	0	0	0	0	448	
13	0	0	0	0	448	
14	0	0	0	0	448	
15	0	0	0	0	449	
0	0	0	0	0	449	
1	0	0	0	0	449	
2	0	0	0	0	450	
3	0	0	0	0	450	
4	0	0	0	0	451	
5	0	0	0	0	451	
6	0	0	0	0	452	
7	0	0	0	0	453	
8	0	0	0	0	454	
9	0	0	0	0	455	
10	0	0	0	0	455	
11	0	0	0	0	456	
12	0	0	0	0	457	
13	0	0	0	0	459	
14	0	0	0	0	460	
15	0	0	0	0	460	
0	0	0	0	0	460	
1	0	0	0	0	460	
2	0	0	0	0	461	
3	0	0	0	0	461	
4	0	0	0	0	462	
5	0	0	0	0	461	
6	0	0	0	0	463	
7	0	0	0	0	463	
8	0	0	0	0	464	
9	0	0	0	0	465	
10	0	0	0	0	465	
11	0	0	0	0	466	
12	0	0	0	0	468	
13	0	0	0	0	468	
14	0	0	0	0	469	
15	0	0	0	0	470	
0	0	0	0	0	470	
1	0	0	0	0	471	
2	0	0	0	0	472	
3	0	0	0	0	472	
4	0	0	0	0	473	
5	0	0	0	0	473	
6	0	0	0	0	473	
7	0	0	0	0	474	
8	0	0	0	0	476	
9	0	0	0	0	476	
10	0	0	0	0	478	
11	0	0	0	0	479	
12	0	0	0	0	479	
13	0	0	0	0	480	
14	0	0	0	0	481	
15	0	0	0	0	481	
0	0	0	0	0	482	
1	0	0	0	0	482	
2	0	0	0	0	483	
3	0	0	0	0	483	
4	0	0	0	0	483	
5	0	0	0	0	484	
6	0	0	0	0	485	
7	0	0	0	0	486	
8	0	0	0	0	487	
9	0	0	0	0	488	
10	0	0	0	0	489	
11	0	0	0	0	491	
12	0	0	0	0	491	
13	0	0	0	0	492	
14	0	0	0	0	493	
15	0	0	0	0	494	
0	0	0	0	0	494	
1	0	0	0	0	495	
2	0	0	0	0	496	
3	0	0	0	0	495	
4	0	0	0	0	495	
5	0	0	0	0	495	
6	0	0	0	0	496	
7	0	0	0	0	496	
8	0	0	0	0	498	
9	0	0	0	0	498	
10	0	0	0	0	499	
11	0	0	0	0	499	
12	0	0	0	0	500	
13	0	0	0	0	501	
14	0	0	0	0	502	
15	0	0	0	0	502	
0	0	0	0	0	503	
1	0	0	0	0	504	
2	0	0	0	0	504	
3	0	0	0	0	504	
4	0	0	0	0	505	
5	0	0	0	0	505	
6	0	0	0	0	505	
7	0	0	0	0	506	
8	0	0	0	0	507	
9	0	0	0	0	508	
10	0	0	0	0	509	
11	0	0	0	0	510	
12	0	0	0	0	511	
13	0	0	0	0	512	
14	0	0	0	0	512	
15	0	0	0	0	513	
0	0	0	0	0	513	
1	0	0	0	0	513	
2	0	0	0	0	514	
3	0	0	0	0	515	
4	0	0	0	0	515	
5	0	0	0	0	515	
6	0	0	0	0	515	
7	0	0	0	0	516	
8	0	0	0	0	516	
9	0	0	0	0	517	
10	0	0	0	0	517	
11	0	0	0	0	517	
12	0	0	0	0	518	
13	0	0	0	0	518	
14	0	0	0	0	519	
15	0	0	0	0	519	
0	0	0	0	0	520	
1	0	0	0	0	521	
2	0	0	0	0	522	
3	0	0	0	0	523	
4	0	0	0	0	524	
5	0	0	0	0	524	
6	0	0	0	0	525	
7	0	0	0	0	525	
8	0	0	0	0	526	
9	0	0	0	0	526	
10	0	0	0	0	526	
11	0	0	0	0	527	
12	0	0	0	0	527	
13	0	0	0	0	528	
14	0	0	0	0	528	
15	0	0	0	0	529	
0	0	0	0	0	529	
1	0	0	0	0	530	
2	0	0	0	0	531	
3	0	0	0	0	531	
4	0	0	0	0	532	
5	0	0	0	0	532	
6	0	0	0	0	532	
7	0	0	0	0	533	
8	0	0	0	0	534	
9	0	0	0	0	533	
10	0	0	0	0	533	
11	0	0	0	0	534	
12	0	0	0	0	534	
13	0	0	0	0	535	
14	0	0	0	0	536	
15	0	0	0	0	536	
0	0	0	0	0	536	
1	0	0	0	0	536	
2	0	0	0	0	536	
3	0	0	0	0	536	
4	0	0	0	0	536	
5	0	0	0	0	536	
6	0	0	0	0	536	
7	0	0	0	0	536	
8	0	0	0	0	536	
9	0	0	0	0	536	
10	0	0	0	0	537	
11	0	0	0	0	537	
12	0	0	0	0	537	
13	0	0	0	0	537	
14	0	0	0	0	537	
15	0	0	0	0	537	
0	0	0	0	0	537	
1	0	0	0	0	537	
2	0	0	0	0	537	
3	0	0	0	0	538	
4	0	0	0	0	539	
5	0	0	0	0	538	
6	0	0	0	0	538	
7	0	0	0	0	538	
8	0	0	0	0	538	
9	0	0	0	0	538	
10	0	0	0	0	539	
11	0	0	0	0	539	
12	0	0	0	0	539	
13	0	0	0	0	539	
14	0	0	0	0	539	
15	0	0	0	0	538	
0	0	0	0	0	538	
1	0	0	0	0	538	
2	0	0	0	0	538	
3	0	0	0	0	538	
4	0	0	0	0	537	
5	0	0	0	0	536	
6	0	0	0	0	536	
7	0	0	0	0	536	
8	0	0	0	0	535	
9	0	0	0	0	534	
10	0	0	0	0	532	
11	0	0	0	0	530	
12	0	0	0	0	529	
13	0	0	0	0	527	
14	0	0	0	0	527	
15	0	0	0	0	525	
0	0	0	0	0	524	
1	0	0	0	0	522	
2	0	0	0	0	521	
3	0	0	0	0	519	
4	0	0	0	0	518	
5	0	0	0	0	516	
6	0	0	0	0	515	
7	0	0	0	0	512	
8	0	0	0	0	511	
9	0	0	0	0	509	
10	0	0	0	0	507	
11	0	0	0	0	505	
12	0	0	0	0	503	
13	0	0	0	0	502	
14	0	0	0	0	500	
15	0	0	0	0	498	
0	0	0	0	0	497	
1	0	0	0	0	496	
2	0	0	0	0	495	
3	0	0	0	0	493	
4	0	0	0	0	492	
5	0	0	0	0	490	
6	0	0	0	0	489	
7	0	0	0	0	487	
8	0	0	0	0	486	
9	0	0	0	0	485	
10	0	0	0	0	484	
11	0	0	0	0	484	
12	0	0	0	0	483	
13	0	0	0	0	482	
14	0	0	0	0	481	
15	0	0	0	0	481	
0	0	0	0	0	480	
1	0	0	0	0	479	
2	0	0	0	0	478	
3	0	0	0	0	477	
4	0	0	0	0	477	
5	0	0	0	0	476	
6	0	0	0	0	476	
7	0	0	0	0	475	
8	0	0	0	0	475	
9	0	0	0	0	474	
10	0	0	0	0	473	
11	0	0	0	0	473	
12	0	0	0	0	472	
13	0	0	0	0	472	
14	0	0	0	0	472	
15	0	0	0	0	472	
0	0	0	0	0	471	
1	0	0	0	0	471	
2	0	0	0	0	471	
3	0	0	0	0	472	
4	0	0	0	0	471	
5	0	0	0	0	472	
6	0	0	0	0	472	
7	0	0	0	0	472	
8	0	0	0	0	473	
9	0	0	0	0	473	
10	0	0	0	0	473	
11	0	0	0	0	473	
12	0	0	0	0	473	
13	0	0	0	0	474	
14	0	0	0	0	473	
15	0	0	0	0	474	
0	0	0	0	0	474	
1	0	0	0	0	475	
2	0	0	0	0	475	
3	0	0	0	0	476	
4	0	0	0	0	477	
5	0	0	0	0	479	
6	0	0	0	0	479	
7	0	0	0	0	479	
8	0	0	0	0	479	
9	0	0	0	0	479	
10	0	0	0	0	479	
11	0	0	0	0	479	
12	0	0	0	0	479	
13	0	0	0	0	479	
14	0	0	0	0	479	
15	0	0	0	0	480	
0	0	0	0	0	480	
1	0	0	0	0	480	
2	0	0	0	0	481	
3	0	0	0	0	482	
4	0	0	0	0	483	
5	0	0	0	0	484	
6	0	0	0	0	484	
7	0	0	0	0	484	
8	0	0	0	0	485	
9	0	0	0	0	485	
10	0	0	0	0	486	
11	0	0	0	0	486	
12	0	0	0	0	486	
13	0	0	0	0	486	
14	0	0	0	0	487	
15	0	0	0	0	487	
0	0	0	0	0	487	
1	0	0	0	0	487	
2	0	0	0	0	487	
3	0	0	0	0	488	
4	0	0	0	0	489	
5	0	0	0	0	490	
6	0	0	0	0	490	
7	0	0	0	0	491	
8	0	0	0	0	491	
9	0	0	0	0	491	
10	0	0	0	0	491	
11	0	0	0	0	491	
12	0	0	0	0	492	
13	0	0	0	0	491	
14	0	0	0	0	491	
15	0	0	0	0	492	
0	0	0	0	0	492	
1	0	0	0	0	493	
2	0	0	0	0	493	
3	0	0	0	0	494	
4	0	0	0	0	495	
5	0	0	0	0	495	
6	0	0	0	0	496	
7	0	0	0	0	496	
8	0	0	0	0	496	
9	0	0	0	0	496	
10	0	0	0	0	497	
11	0	0	0	0	496	
12	0	0	0	0	496	
13	0	0	0	0	496	
14	0	0	0	0	496	
15	0	0	0	0	496	
0	0	0	0	0	496	
1	0	0	0	0	495	
2	0	0	0	0	496	
3	0	0	0	0	496	
4	0	0	0	0	496	
5	0	0	0	0	496	
6	0	0	0	0	497	
7	0	0	0	0	497	
8	0	0	0	0	498	
9	0	0	0	0	498	
10	0	0	0	0	499	
11	0	0	0	0	499	
12	0	0	0	0	499	
13	0	0	0	0	499	
14	0	0	0	0	499	
15	0	0	0	0	499	
0	0	0	0	0	499	
1	0	0	0	0	499	
2	0	0	0	0	500	
3	0	0	0	0	500	
4	0	0	0	0	500	
5	0	0	0	0	500	
6	0	0	0	0	501	
7	0	0	0	0	502	
8	0	0	0	0	502	
9	0	0	0	0	503	
10	0	0	0	0	504	
11	0	0	0	0	504	
12	0	0	0	0	504	
13	0	0	0	0	504	
14	0	0	0	0	504	
15	0	0	0	0	503	
0	0	0	0	0	504	
1	0	0	0	0	504	
2	0	0	0	0	504	
3	0	0	0	0	504	
4	0	0	0	0	504	
5	0	0	0	0	504	
6	0	0	0	0	506	
7	0	0	0	0	505	
8	0	0	0	0	505	
9	0	0	0	0	504	
10	0	0	0	0	505	
11	0	0	0	0	504	
12	0	0	0	0	504	
13	0	0	0	0	505	
14	0	0	0	0	504	
15	0	0	0	0	504	
0	0	0	0	0	504	
1	0	0	0	0	504	
2	0	0	0	0	504	
3	0	0	0	0	504	
4	0	0	0	0	504	
5	0	0	0	0	505	
6	0	0	0	0	505	
7	0	0	0	0	505	
8	0	0	0	0	505	
9	0	0	0	0	505	
10	0	0	0	0	505	
11	0	0	0	0	505	
12	0	0	0	0	505	
13	0	0	0	0	505	
14	0	0	0	0	504	
15	0	0	0	0	504	
0	0	0	0	0	504	
1	0	0	0	0	504	
2	0	0	0	0	504	
3	0	0	0	0	504	
4	0	0	0	0	504	
5	0	0	0	0	505	
6	0	0	0	0	505	
7	0	0	0	0	505	
8	0	0	0	0	505	
9	0	0	0	0	505	
10	0	0	0	0	505	
11	0	0	0	0	506	
12	0	0	0	0	506	
13	0	0	0	0	506	
14	0	0	0	0	506	
15	0	0	0	0	506	
0	0	0	0	0	506	
1	0	0	0	0	505	
2	0	0	0	0	506	
3	0	0	0	0	506	
4	0	0	0	0	507	
5	0	0	0	0	507	
6	0	0	0	0	507	
7	0	0	0	0	506	
8	0	0	0	0	507	
9	0	0	0	0	507	
10	0	0	0	0	507	
11	0	0	0	0	507	
12	0	0	0	0	507	
13	0	0	0	0	507	
14	0	0	0	0	507	
15	0	0	0	0	507	
0	0	0	0	0	507	
1	0	0	0	0	507	
2	0	0	0	0	507	
3	0	0	0	0	507	
4	0	0	0	0	507	
5	0	0	0	0	507	
6	0	0	0	0	507	
7	0	0	0	0	507	
8	0	0	0	0	507	
9	0	0	0	0	508	
10	0	0	0	0	508	
11	0	0	0	0	508	
12	0	0	0	0	508	
13	0	0	0	0	508	
14	0	0	0	0	507	
15	0	0	0	0	507	
0	0	0	0	0	506	
1	0	0	0	0	506	
2	0	0	0	0	505	
3	0	0	0	0	505	
4	0	0	0	0	506	
5	0	0	0	0	506	
6	0	0	0	0	506	
7	0	0	0	0	506	
8	0	0	0	0	506	
9	0	0	0	0	506	
10	0	0	0	0	506	
11	0	0	0	0	507	
12	0	0	0	0	507	
13	0	0	0	0	508	
14	0	0	0	0	508	
15	0	0	0	0	508	
0	0	0	0	0	508	
1	0	0	0	0	508	
2	0	0	0	0	508	
3	0	0	0	0	508	
4	0	0	0	0	508	
5	0	0	0	0	508	
6	0	0	0	0	508	
7	0	0	0	0	509	
8	0	0	0	0	509	
9	0	0	0	0	510	
10	0	0	0	0	511	
11	0	0	0	0	512	
12	0	0	0	0	512	
13	0	0	0	0	513	
14	0	0	0	0	513	
15	0	0	0	0	514	
0	0	0	0	0	514	
1	0	0	0	0	515	
2	0	0	0	0	516	
3	0	0	0	0	518	
4	0	0	0	0	519	
5	0	0	0	0	519	
6	0	0	0	0	519	
7	0	0	0	0	519	
8	0	0	0	0	520	
9	0	0	0	0	520	
10	0	0	0	0	520	
11	0	0	0	0	520	
12	0	0	0	0	521	
13	0	0	0	0	523	
14	0	0	0	0	523	
15	0	0	0	0	524	
0	0	0	0	0	526	
1	0	0	0	0	527	
2	0	0	0	0	529	
3	0	0	0	0	531	
4	0	0	0	0	532	
5	0	0	0	0	533	
6	0	0	0	0	534	
7	0	0	0	0	536	
8	0	0	0	0	538	
9	0	0	0	0	541	
10	0	0	0	0	543	
11	0	0	0	0	546	
12	0	0	0	0	549	
13	0	0	0	0	550	
14	0	0	0	0	549	
15	0	0	0	0	549	
0	0	0	0	0	548	
1	0	0	0	0	547	
2	0	0	0	0	546	
3	0	0	0	0	544	
4	0	0	0	0	542	
5	0	0	0	0	540	
6	0	0	0	0	537	
7	0	0	0	0	535	
8	0	0	0	0	534	
9	0	0	0	0	533	
10	0	0	0	0	531	
11	0	0	0	0	529	
12	0	0	0	0	527	
13	0	0	0	0	525	
14	0	0	0	0	523	
15	0	0	0	0	522	
0	0	0	0	0	521	
1	0	0	0	0	519	
2	0	0	0	0	517	
3	0	0	0	0	516	
4	0	0	0	0	515	
5	0	0	0	0	513	
6	0	0	0	0	513	
7	0	0	0	0	513	
8	0	0	0	0	513	
9	0	0	0	0	513	
10	0	0	0	0	513	
11	0	0	0	0	513	
12	0	0	0	0	511	
13	0	0	0	0	511	
14	0	0	0	0	511	
15	0	0	0	0	510	
0	0	0	0	0	510	
1	0	0	0	0	509	
2	0	0	0	0	508	
3	0	0	0	0	507	
4	0	0	0	0	507	
5	0	0	0	0	506	
6	0	0	0	0	504	
7	0	0	0	0	504	
8	0	0	0	0	504	
9	0	0	0	0	504	
10	0	0	0	0	503	
11	0	0	0	0	503	
12	0	0	0	0	502	
13	0	0	0	0	503	
14	0	0	0	0	502	
15	0	0	0	0	502	
0	0	0	0	0	502	
1	0	0	0	0	502	
2	0	0	0	0	501	
3	0	0	0	0	500	
4	0	0	0	0	499	
5	0	0	0	0	500	
6	0	0	0	0	499	
7	0	0	0	0	497	
8	0	0	0	0	497	
9	0	0	0	0	497	
10	0	0	0	0	497	
11	0	0	0	0	497	
12	0	0	0	0	497	
13	0	0	0	0	498	
14	0	0	0	0	498	
15	0	0	0	0	498	
0	0	0	0	0	499	
1	0	0	0	0	499	
2	0	0	0	0	499	
3	0	0	0	0	499	
4	0	0	0	0	499	
5	0	0	0	0	498	
6	0	0	0	0	498	
7	0	0	0	0	497	
8	0	0	0	0	497	
9	0	0	0	0	496	
10	0	0	0	0	496	
11	0	0	0	0	496	
12	0	0	0	0	497	
13	0	0	0	0	497	
14	0	0	0	0	497	
15	0	0	0	0	498	
0	0	0	0	0	499	
1	0	0	0	0	499	
2	0	0	0	0	499	
3	0	0	0	0	498	
4	0	0	0	0	496	
5	0	0	0	0	493	
6	0	0	0	0	491	
7	0	0	0	0	488	
8	0	0	0	0	486	
9	0	0	0	0	484	
10	0	0	0	0	481	
11	0	0	0	0	478	
12	0	0	0	0	475	
13	0	0	0	0	471	
14	0	0	0	0	467	
15	0	0	0	0	465	
0	0	0	0	0	462	
1	0	0	0	0	461	
2	0	0	0	0	459	
3	0	0	0	0	457	
4	0	0	0	0	453	
5	0	0	0	0	450	
6	0	0	0	0	446	
7	0	0	0	0	442	
8	0	0	0	0	440	
9	0	0	0	0	440	
10	0	0	0	0	440	
11	0	0	0	0	444	
12	0	0	0	0	452	
13	0	0	0	0	465	
14	0	0	0	0	483	
15	0	0	0	0	508	
0	0	0	0	0	538	
1	0	0	0	0	575	
2	0	0	0	0	617	
3	0	0	0	0	662	
4	0	0	0	0	707	
5	0	0	0	0	755	
6	0	0	0	0	804	
7	0	0	0	0	852	
8	0	0	0	0	892	
9	0	0	0	0	921	
10	0	0	0	0	939	
11	0	0	0	0	943	
12	0	0	0	0	936	
13	0	0	0	0	919	
14	0	0	0	0	896	
15	0	0	0	0	868	
0	0	0	0	0	839	
1	0	0	0	0	809	
2	0	0	0	0	782	
3	0	0	0	0	760	
4	0	0	0	0	738	
5	0	0	0	0	715	
6	0	0	0	0	692	
7	0	0	0	0	668	
8	0	0	0	0	646	
9	0	0	0	0	624	
10	0	0	0	0	605	
11	0	0	0	0	588	
12	0	0	0	0	572	
13	0	0	0	0	559	
14	0	0	0	0	547	
15	0	0	0	0	539	
0	0	0	0	0	531	
1	0	0	0	0	525	
2	0	0	0	0	519	
3	0	0	0	0	514	
4	0	0	0	0	508	
5	0	0	0	0	502	
6	0	0	0	0	494	
7	0	0	0	0	487	
8	0	0	0	0	479	
9	0	0	0	0	473	
10	0	0	0	0	467	
11	0	0	0	0	463	
12	0	0	0	0	459	
13	0	0	0	0	455	
14	0	0	0	0	453	
15	0	0	0	0	451	
0	0	0	0	0	449	
1	0	0	0	0	448	
2	0	0	0	0	447	
3	0	0	0	0	447	
4	0	0	0	0	446	
5	0	0	0	0	446	
6	0	0	0	0	445	
7	0	0	0	0	444	
8	0	0	0	0	444	
9	0	0	0	0	443	
10	0	0	0	0	443	
11	0	0	0	0	441	
12	0	0	0	0	441	
13	0	0	0	0	440	
14	0	0	0	0	440	
15	0	0	0	0	440	
0	0	0	0	0	441	
1	0	0	0	0	442	
2	0	0	0	0	443	
3	0	0	0	0	444	
4	0	0	0	0	443	
5	0	0	0	0	444	
6	0	0	0	0	444	
7	0	0	0	0	444	
8	0	0	0	0	445	
9	0	0	0	0	445	
10	0	0	0	0	446	
11	0	0	0	0	447	
12	0	0	0	0	448	
13	0	0	0	0	448	
14	0	0	0	0	449	
15	0	0	0	0	449	
0	0	0	0	0	450	
1	0	0	0	0	451	
2	0	0	0	0	451	
3	0	0	0	0	452	
4	0	0	0	0	453	
5	0	0	0	0	453	
6	0	0	0	0	454	
7	0	0	0	0	456	
8	0	0	0	0	457	
9	0	0	0	0	457	
10	0	0	0	0	458	
11	0	0	0	0	459	
12	0	0	0	0	459	
13	0	0	0	0	459	
14	0	0	0	0	460	
15	0	0	0	0	460	
0	0	0	0	0	461	
1	0	0	0	0	462	
2	0	0	0	0	463	
3	0	0	0	0	464	
4	0	0	0	0	464	
5	0	0	0	0	464	
6	0	0	0	0	465	
7	0	0	0	0	465	
8	0	0	0	0	465	
9	0	0	0	0	466	
10	0	0	0	0	466	
11	0	0	0	0	467	
12	0	0	0	0	468	
13	0	0	0	0	470	
14	0	0	0	0	471	
15	0	0	0	0	472	
0	0	0	0	0	473	
1	0	0	0	0	474	
2	0	0	0	0	476	
3	0	0	0	0	476	
4	0	0	0	0	476	
5	0	0	0	0	476	
6	0	0	0	0	477	
7	0	0	0	0	478	
8	0	0	0	0	479	
9	0	0	0	0	479	
10	0	0	0	0	479	
11	0	0	0	0	478	
12	0	0	0	0	478	
13	0	0	0	0	479	
14	0	0	0	0	479	
15	0	0	0	0	481	
0	0	0	0	0	482	
1	0	0	0	0	483	
2	0	0	0	0	484	
3	0	0	0	0	485	
4	0	0	0	0	486	
5	0	0	0	0	487	
6	0	0	0	0	488	
7	0	0	0	0	488	
8	0	0	0	0	488	
9	0	0	0	0	489	
10	0	0	0	0	489	
11	0	0	0	0	489	
12	0	0	0	0	489	
13	0	0	0	0	489	
14	0	0	0	0	490	
15	0	0	0	0	491	
0	0	0	0	0	492	
1	0	0	0	0	492	
2	0	0	0	0	492	
3	0	0	0	0	492	
4	0	0	0	0	492	
5	0	0	0	0	492	
6	0	0	0	0	492	
7	0	0	0	0	492	
8	0	0	0	0	493	
9	0	0	0	0	494	
10	0	0	0	0	494	
11	0	0	0	0	495	
12	0	0	0	0	496	
13	0	0	0	0	496	
14	0	0	0	0	497	
15	0	0	0	0	498	
0	0	0	0	0	499	
1	0	0	0	0	500	
2	0	0	0	0	500	
3	0	0	0	0	501	
4	0	0	0	0	502	
5	0	0	0	0	503	
6	0	0	0	0	504	
7	0	0	0	0	506	
8	0	0	0	0	507	
9	0	0	0	0	507	
10	0	0	0	0	508	
11	0	0	0	0	509	
12	0	0	0	0	510	
13	0	0	0	0	510	
14	0	0	0	0	511	
15	0	0	0	0	512	
0	0	0	0	0	512	
1	0	0	0	0	513	
2	0	0	0	0	513	
3	0	0	0	0	513	
4	0	0	0	0	514	
5	0	0	0	0	514	
6	0	0	0	0	515	
7	0	0	0	0	515	
8	0	0	0	0	515	
9	0	0	0	0	516	
10	0	0	0	0	516	
11	0	0	0	0	517	
12	0	0	0	0	517	
13	0	0	0	0	518	
14	0	0	0	0	519	
15	0	0	0	0	519	
0	0	0	0	0	520	
1	0	0	0	0	520	
2	0	0	0	0	520	
3	0	0	0	0	519	
4	0	0	0	0	520	
5	0	0	0	0	520	
6	0	0	0	0	520	
7	0	0	0	0	522	
8	0	0	0	0	523	
9	0	0	0	0	524	
10	0	0	0	0	526	
11	0	0	0	0	527	
12	0	0	0	0	528	
13	0	0	0	0	528	
14	0	0	0	0	528	
15	0	0	0	0	528	
0	0	0	0	0	528	
1	0	0	0	0	526	
2	0	0	0	0	527	
3	0	0	0	0	527	
4	0	0	0	0	527	
5	0	0	0	0	527	
6	0	0	0	0	526	
7	0	0	0	0	525	
8	0	0	0	0	524	
9	0	0	0	0	525	
10	0	0	0	0	526	
11	0	0	0	0	526	
12	0	0	0	0	527	
13	0	0	0	0	527	
14	0	0	0	0	528	
15	0	0	0	0	528	
0	0	0	0	0	528	
1	0	0	0	0	529	
2	0	0	0	0	529	
3	0	0	0	0	530	
4	0	0	0	0	530	
5	0	0	0	0	530	
6	0	0	0	0	531	
7	0	0	0	0	531	
8	0	0	0	0	532	
9	0	0	0	0	532	
10	0	0	0	0	531	
11	0	0	0	0	532	
12	0	0	0	0	532	
13	0	0	0	0	533	
14	0	0	0	0	533	
15	0	0	0	0	534	
0	0	0	0	0	533	
1	0	0	0	0	534	
2	0	0	0	0	534	
3	0	0	0	0	534	
4	0	0	0	0	534	
5	0	0	0	0	534	
6	0	0	0	0	535	
7	0	0	0	0	536	
8	0	0	0	0	536	
9	0	0	0	0	536	
10	0	0	0	0	536	
11	0	0	0	0	536	
12	0	0	0	0	536	
13	0	0	0	0	535	
14	0	0	0	0	535	
15	0	0	0	0	534	
0	0	0	0	0	532	
1	0	0	0	0	532	
2	0	0	0	0	531	
3	0	0	0	0	530	
4	0	0	0	0	527	
5	0	0	0	0	526	
6	0	0	0	0	524	
7	0	0	0	0	522	
8	0	0	0	0	520	
9	0	0	0	0	519	
10	0	0	0	0	516	
11	0	0	0	0	514	
12	0	0	0	0	512	
13	0	0	0	0	509	
14	0	0	0	0	508	
15	0	0	0	0	505	
0	0	0	0	0	504	
1	0	0	0	0	504	
2	0	0	0	0	503	
3	0	0	0	0	502	
4	0	0	0	0	499	
5	0	0	0	0	498	
6	0	0	0	0	496	
7	0	0	0	0	496	
8	0	0	0	0	494	
9	0	0	0	0	492	
10	0	0	0	0	491	
11	0	0	0	0	490	
12	0	0	0	0	488	
13	0	0	0	0	487	
14	0	0	0	0	487	
15	0	0	0	0	487	
0	0	0	0	0	487	
1	0	0	0	0	488	
2	0	0	0	0	490	
3	0	0	0	0	490	
4	0	0	0	0	490	
5	0	0	0	0	489	
6	0	0	0	0	487	
7	0	0	0	0	486	
8	0	0	0	0	485	
9	0	0	0	0	485	
10	0	0	0	0	484	
11	0	0	0	0	484	
12	0	0	0	0	484	
13	0	0	0	0	484	
14	0	0	0	0	484	
15	0	0	0	0	484	
0	0	0	0	0	483	
1	0	0	0	0	480	
2	0	0	0	0	479	
3	0	0	0	0	478	
4	0	0	0	0	478	
5	0	0	0	0	477	
6	0	0	0	0	477	
7	0	0	0	0	476	
8	0	0	0	0	476	
9	0	0	0	0	476	
10	0	0	0	0	477	
11	0	0	0	0	477	
12	0	0	0	0	476	
13	0	0	0	0	476	
14	0	0	0	0	476	
15	0	0	0	0	476	
0	0	0	0	0	476	
1	0	0	0	0	476	
2	0	0	0	0	476	
3	0	0	0	0	476	
4	0	0	0	0	477	
5	0	0	0	0	477	
6	0	0	0	0	476	
7	0	0	0	0	475	
8	0	0	0	0	475	
9	0	0	0	0	476	
10	0	0	0	0	476	
11	0	0	0	0	477	
12	0	0	0	0	477	
13	0	0	0	0	477	
14	0	0	0	0	478	
15	0	0	0	0	478	
0	0	0	0	0	478	
1	0	0	0	0	479	
2	0	0	0	0	479	
3	0	0	0	0	479	
4	0	0	0	0	479	
5	0	0	0	0	479	
6	0	0	0	0	479	
7	0	0	0	0	478	
8	0	0	0	0	479	
9	0	0	0	0	479	
10	0	0	0	0	480	
11	0	0	0	0	480	
12	0	0	0	0	481	
13	0	0	0	0	481	
14	0	0	0	0	482	
15	0	0	0	0	482	
0	0	0	0	0	483	
1	0	0	0	0	484	
2	0	0	0	0	486	
3	0	0	0	0	487	
4	0	0	0	0	488	
5	0	0	0	0	488	
6	0	0	0	0	488	
7	0	0	0	0	487	
8	0	0	0	0	487	
9	0	0	0	0	487	
10	0	0	0	0	487	
11	0	0	0	0	488	
12	0	0	0	0	488	
13	0	0	0	0	487	
14	0	0	0	0	484	
15	0	0	0	0	483	
0	0	0	0	0	483	
1	0	0	0	0	482	
2	0	0	0	0	481	
3	0	0	0	0	480	
4	0	0	0	0	479	
5	0	0	0	0	478	
6	0	0	0	0	476	
7	0	0	0	0	475	
8	0	0	0	0	475	
9	0	0	0	0	475	
10	0	0	0	0	476	
11	0	0	0	0	480	
12	0	0	0	0	484	
13	0	0	0	0	488	
14	0	0	0	0	491	
15	0	0	0	0	493	
0	0	0	0	0	496	
1	0	0	0	0	497	
2	0	0	0	0	498	
3	0	0	0	0	497	
4	0	0	0	0	496	
5	0	0	0	0	494	
6	0	0	0	0	490	
7	0	0	0	0	486	
8	0	0	0	0	482	
9	0	0	0	0	479	
10	0	0	0	0	476	
11	0	0	0	0	472	
12	0	0	0	0	472	
13	0	0	0	0	472	
14	0	0	0	0	472	
15	0	0	0	0	475	
0	0	0	0	0	479	
1	0	0	0	0	485	
2	0	0	0	0	492	
3	0	0	0	0	497	
4	0	0	0	0	503	
5	0	0	0	0	507	
6	0	0	0	0	510	
7	0	0	0	0	513	
8	0	0	0	0	514	
9	0	0	0	0	514	
10	0	0	0	0	514	
11	0	0	0	0	514	
12	0	0	0	0	514	
13	0	0	0	0	514	
14	0	0	0	0	514	
15	0	0	0	0	513	
0	0	0	0	0	511	
1	0	0	0	0	508	
2	0	0	0	0	506	
3	0	0	0	0	502	
4	0	0	0	0	499	
5	0	0	0	0	496	
6	0	0	0	0	494	
7	0	0	0	0	493	
8	0	0	0	0	494	
9	0	0	0	0	495	
10	0	0	0	0	497	
11	0	0	0	0	498	
12	0	0	0	0	499	
13	0	0	0	0	500	
14	0	0	0	0	500	
15	0	0	0	0	501	
0	0	0	0	0	502	
1	0	0	0	0	504	
2	0	0	0	0	504	
3	0	0	0	0	505	
4	0	0	0	0	505	
5	0	0	0	0	506	
6	0	0	0	0	506	
7	0	0	0	0	506	
8	0	0	0	0	506	
9	0	0	0	0	507	
10	0	0	0	0	507	
11	0	0	0	0	505	
12	0	0	0	0	504	
13	0	0	0	0	501	
14	0	0	0	0	499	
15	0	0	0	0	498	
0	0	0	0	0	495	
1	0	0	0	0	493	
2	0	0	0	0	492	
3	0	0	0	0	492	
4	0	0	0	0	492	
5	0	0	0	0	493	
6	0	0	0	0	493	
7	0	0	0	0	494	
8	0	0	0	0	496	
9	0	0	0	0	496	
10	0	0	0	0	497	
11	0	0	0	0	498	
12	0	0	0	0	497	
13	0	0	0	0	496	
14	0	0	0	0	496	
15	0	0	0	0	496	
0	0	0	0	0	494	
1	0	0	0	0	494	
2	0	0	0	0	494	
3	0	0	0	0	494	
4	0	0	0	0	492	
5	0	0	0	0	492	
6	0	0	0	0	494	
7	0	0	0	0	495	
8	0	0	0	0	494	
9	0	0	0	0	495	
10	0	0	0	0	496	
11	0	0	0	0	498	
12	0	0	0	0	499	
13	0	0	0	0	501	
14	0	0	0	0	501	
15	0	0	0	0	500	
0	0	0	0	0	500	
1	0	0	0	0	500	
2	0	0	0	0	501	
3	0	0	0	0	504	
4	0	0	0	0	505	
5	0	0	0	0	506	
6	0	0	0	0	506	
7	0	0	0	0	507	
8	0	0	0	0	507	
9	0	0	0	0	506	
10	0	0	0	0	505	
11	0	0	0	0	505	
12	0	0	0	0	504	
13	0	0	0	0	505	
14	0	0	0	0	506	
15	0	0	0	0	508	
0	0	0	0	0	508	
1	0	0	0	0	509	
2	0	0	0	0	510	
3	0	0	0	0	512	
4	0	0	0	0	513	
5	0	0	0	0	513	
6	0	0	0	0	514	
7	0	0	0	0	513	
8	0	0	0	0	513	
9	0	0	0	0	513	
10	0	0	0	0	512	
11	0	0	0	0	510	
12	0	0	0	0	508	
13	0	0	0	0	507	
14	0	0	0	0	506	
15	0	0	0	0	505	
0	0	0	0	0	505	
1	0	0	0	0	504	
2	0	0	0	0	504	
3	0	0	0	0	505	
4	0	0	0	0	507	
5	0	0	0	0	508	
6	0	0	0	0	508	
7	0	0	0	0	508	
8	0	0	0	0	508	
9	0	0	0	0	508	
10	0	0	0	0	508	
11	0	0	0	0	506	
12	0	0	0	0	506	
13	0	0	0	0	507	
14	0	0	0	0	508	
15	0	0	0	0	509	
0	0	0	0	0	511	
1	0	0	0	0	513	
2	0	0	0	0	513	
3	0	0	0	0	515	
4	0	0	0	0	518	
5	0	0	0	0	518	
6	0	0	0	0	518	
7	0	0	0	0	516	
8	0	0	0	0	514	
9	0	0	0	0	514	
10	0	0	0	0	513	
11	0	0	0	0	513	
12	0	0	0	0	512	
13	0	0	0	0	511	
14	0	0	0	0	511	
15	0	0	0	0	512	
0	0	0	0	0	516	
1	0	0	0	0	520	
2	0	0	0	0	525	
3	0	0	0	0	529	
4	0	0	0	0	531	
5	0	0	0	0	532	
6	0	0	0	0	535	
7	0	0	0	0	537	
8	0	0	0	0	540	
9	0	0	0	0	542	
10	0	0	0	0	542	
11	0	0	0	0	542	
12	0	0	0	0	540	
13	0	0	0	0	538	
14	0	0	0	0	538	
15	0	0	0	0	536	
0	0	0	0	0	534	
1	0	0	0	0	531	
2	0	0	0	0	527	
3	0	0	0	0	524	
4	0	0	0	0	521	
5	0	0	0	0	519	
6	0	0	0	0	518	
7	0	0	0	0	517	
8	0	0	0	0	516	
9	0	0	0	0	515	
10	0	0	0	0	513	
11	0	0	0	0	511	
12	0	0	0	0	510	
13	0	0	0	0	508	
14	0	0	0	0	508	
15	0	0	0	0	508	
0	0	0	0	0	508	
1	0	0	0	0	508	
2	0	0	0	0	507	
3	0	0	0	0	505	
4	0	0	0	0	505	
5	0	0	0	0	504	
6	0	0	0	0	504	
7	0	0	0	0	504	
8	0	0	0	0	503	
9	0	0	0	0	503	
10	0	0	0	0	501	
11	0	0	0	0	498	
12	0	0	0	0	497	
13	0	0	0	0	496	
14	0	0	0	0	495	
15	0	0	0	0	493	
0	0	0	0	0	493	
1	0	0	0	0	493	
2	0	0	0	0	493	
3	0	0	0	0	493	
4	0	0	0	0	492	
5	0	0	0	0	492	
6	0	0	0	0	493	
7	0	0	0	0	494	
8	0	0	0	0	496	
9	0	0	0	0	497	
10	0	0	0	0	497	
11	0	0	0	0	497	
12	0	0	0	0	496	
13	0	0	0	0	496	
14	0	0	0	0	495	
15	0	0	0	0	494	
0	0	0	0	0	494	
1	0	0	0	0	494	
2	0	0	0	0	494	
3	0	0	0	0	495	
4	0	0	0	0	496	
5	0	0	0	0	496	
6	0	0	0	0	496	
7	0	0	0	0	496	
8	0	0	0	0	495	
9	0	0	0	0	495	
10	0	0	0	0	496	
11	0	0	0	0	496	
12	0	0	0	0	496	
13	0	0	0	0	497	
14	0	0	0	0	499	
15	0	0	0	0	497	
0	0	0	0	0	496	
1	0	0	0	0	493	
2	0	0	0	0	491	
3	0	0	0	0	488	
4	0	0	0	0	486	
5	0	0	0	0	484	
6	0	0	0	0	483	
7	0	0	0	0	484	
8	0	0	0	0	487	
9	0	0	0	0	487	
10	0	0	0	0	488	
11	0	0	0	0	486	
12	0	0	0	0	485	
13	0	0	0	0	485	
14	0	0	0	0	485	
15	0	0	0	0	486	
0	0	0	0	0	484	
1	0	0	0	0	482	
2	0	0	0	0	478	
3	0	0	0	0	472	
4	0	0	0	0	467	
5	0	0	0	0	463	
6	0	0	0	0	458	
7	0	0	0	0	454	
8	0	0	0	0	450	
9	0	0	0	0	448	
10	0	0	0	0	445	
11	0	0	0	0	443	
12	0	0	0	0	441	
13	0	0	0	0	441	
14	0	0	0	0	442	
15	0	0	0	0	443	
0	0	0	0	0	444	
1	0	0	0	0	447	
2	0	0	0	0	449	
3	0	0	0	0	456	
4	0	0	0	0	468	
5	0	0	0	0	484	
6	0	0	0	0	505	
7	0	0	0	0	532	
8	0	0	0	0	563	
9	0	0	0	0	598	
10	0	0	0	0	636	
11	0	0	0	0	678	
12	0	0	0	0	721	
13	0	0	0	0	766	
14	0	0	0	0	810	
15	0	0	0	0	852	
0	0	0	0	0	888	
1	0	0	0	0	912	
2	0	0	0	0	925	
3	0	0	0	0	928	
4	0	0	0	0	923	
5	0	0	0	0	911	
6	0	0	0	0	894	
7	0	0	0	0	874	
8	0	0	0	0	853	
9	0	0	0	0	832	
10	0	0	0	0	812	
11	0	0	0	0	793	
12	0	0	0	0	773	
13	0	0	0	0	752	
14	0	0	0	0	730	
15	0	0	0	0	711	
0	0	0	0	0	691	
1	0	0	0	0	670	
2	0	0	0	0	648	
3	0	0	0	0	628	
4	0	0	0	0	610	
5	0	0	0	0	593	
6	0	0	0	0	578	
7	0	0	0	0	567	
8	0	0	0	0	556	
9	0	0	0	0	544	
10	0	0	0	0	532	
11	0	0	0	0	522	
12	0	0	0	0	512	
13	0	0	0	0	501	
14	0	0	0	0	491	
15	0	0	0	0	481	
0	0	0	0	0	473	
1	0	0	0	0	468	
2	0	0	0	0	463	
3	0	0	0	0	457	
4	0	0	0	0	451	
5	0	0	0	0	447	
6	0	0	0	0	444	
7	0	0	0	0	443	
8	0	0	0	0	441	
9	0	0	0	0	440	
10	0	0	0	0	440	
11	0	0	0	0	437	
12	0	0	0	0	435	
13	0	0	0	0	433	
14	0	0	0	0	430	
15	0	0	0	0	426	
0	0	0	0	0	422	
1	0	0	0	0	419	
2	0	0	0	0	417	
3	0	0	0	0	415	
4	0	0	0	0	414	
5	0	0	0	0	415	
6	0	0	0	0	417	
7	0	0	0	0	419	
8	0	0	0	0	419	
9	0	0	0	0	421	
10	0	0	0	0	423	
11	0	0	0	0	424	
12	0	0	0	0	425	
13	0	0	0	0	427	
14	0	0	0	0	429	
15	0	0	0	0	428	
0	0	0	0	0	427	
1	0	0	0	0	427	
2	0	0	0	0	430	
3	0	0	0	0	431	
4	0	0	0	0	434	
5	0	0	0	0	436	
6	0	0	0	0	439	
7	0	0	0	0	440	
8	0	0	0	0	440	
9	0	0	0	0	439	
10	0	0	0	0	441	
11	0	0	0	0	443	
12	0	0	0	0	446	
13	0	0	0	0	448	
14	0	0	0	0	450	
15	0	0	0	0	451	
0	0	0	0	0	452	
1	0	0	0	0	452	
2	0	0	0	0	453	
3	0	0	0	0	454	
4	0	0	0	0	454	
5	0	0	0	0	455	
6	0	0	0	0	456	
7	0	0	0	0	457	
8	0	0	0	0	458	
9	0	0	0	0	458	
10	0	0	0	0	457	
11	0	0	0	0	459	
12	0	0	0	0	460	
13	0	0	0	0	460	
14	0	0	0	0	461	
15	0	0	0	0	463	
0	0	0	0	0	463	
1	0	0	0	0	463	
2	0	0	0	0	462	
3	0	0	0	0	462	
4	0	0	0	0	463	
5	0	0	0	0	463	
6	0	0	0	0	463	
7	0	0	0	0	462	
8	0	0	0	0	461	
9	0	0	0	0	461	
10	0	0	0	0	462	
11	0	0	0	0	462	
12	0	0	0	0	463	
13	0	0	0	0	464	
14	0	0	0	0	465	
15	0	0	0	0	467	
0	0	0	0	0	469	
1	0	0	0	0	473	
2	0	0	0	0	476	
3	0	0	0	0	477	
4	0	0	0	0	478	
5	0	0	0	0	479	
6	0	0	0	0	480	
7	0	0	0	0	479	
8	0	0	0	0	478	
9	0	0	0	0	478	
10	0	0	0	0	478	
11	0	0	0	0	479	
12	0	0	0	0	479	
13	0	0	0	0	481	
14	0	0	0	0	483	
15	0	0	0	0	484	
0	0	0	0	0	485	
1	0	0	0	0	486	
2	0	0	0	0	487	
3	0	0	0	0	487	
4	0	0	0	0	488	
5	0	0	0	0	489	
6	0	0	0	0	492	
7	0	0	0	0	496	
8	0	0	0	0	496	
9	0	0	0	0	497	
10	0	0	0	0	498	
11	0	0	0	0	495	
12	0	0	0	0	494	
13	0	0	0	0	495	
14	0	0	0	0	498	
15	0	0	0	0	499	
0	0	0	0	0	501	
1	0	0	0	0	502	
2	0	0	0	0	500	
3	0	0	0	0	500	
4	0	0	0	0	500	
5	0	0	0	0	499	
6	0	0	0	0	500	
7	0	0	0	0	501	
8	0	0	0	0	500	
9	0	0	0	0	500	
10	0	0	0	0	500	
11	0	0	0	0	499	
12	0	0	0	0	500	
13	0	0	0	0	502	
14	0	0	0	0	503	
15	0	0	0	0	505	
0	0	0	0	0	506	
1	0	0	0	0	505	
2	0	0	0	0	506	
3	0	0	0	0	507	
4	0	0	0	0	507	
5	0	0	0	0	507	
6	0	0	0	0	506	
7	0	0	0	0	507	
8	0	0	0	0	507	
9	0	0	0	0	507	
10	0	0	0	0	507	
11	0	0	0	0	507	
12	0	0	0	0	507	
13	0	0	0	0	506	
14	0	0	0	0	506	
15	0	0	0	0	507	
0	0	0	0	0	508	
1	0	0	0	0	511	
2	0	0	0	0	513	
3	0	0	0	0	515	
4	0	0	0	0	517	
5	0	0	0	0	519	
6	0	0	0	0	518	
7	0	0	0	0	516	
8	0	0	0	0	515	
9	0	0	0	0	514	
10	0	0	0	0	514	
11	0	0	0	0	515	
12	0	0	0	0	515	
13	0	0	0	0	516	
14	0	0	0	0	517	
15	0	0	0	0	518	
0	0	0	0	0	521	
1	0	0	0	0	524	
2	0	0	0	0	526	
3	0	0	0	0	527	
4	0	0	0	0	524	
5	0	0	0	0	522	
6	0	0	0	0	521	
7	0	0	0	0	521	
8	0	0	0	0	522	
9	0	0	0	0	521	
10	0	0	0	0	520	
11	0	0	0	0	519	
12	0	0	0	0	520	
13	0	0	0	0	519	
14	0	0	0	0	518	
15	0	0	0	0	519	
0	0	0	0	0	519	
1	0	0	0	0	522	
2	0	0	0	0	525	
3	0	0	0	0	526	
4	0	0	0	0	527	
5	0	0	0	0	524	
6	0	0	0	0	518	
7	0	0	0	0	514	
8	0	0	0	0	513	
9	0	0	0	0	513	
10	0	0	0	0	514	
11	0	0	0	0	512	
12	0	0	0	0	512	
13	0	0	0	0	512	
14	0	0	0	0	517	
15	0	0	0	0	521	
0	0	0	0	0	524	
1	0	0	0	0	527	
2	0	0	0	0	531	
3	0	0	0	0	532	
4	0	0	0	0	534	
5	0	0	0	0	536	
6	0	0	0	0	537	
7	0	0	0	0	538	
8	0	0	0	0	536	
9	0	0	0	0	537	
10	0	0	0	0	537	
11	0	0	0	0	539	
12	0	0	0	0	540	
13	0	0	0	0	538	
14	0	0	0	0	536	
15	0	0	0	0	536	
0	0	0	0	0	536	
1	0	0	0	0	537	
2	0	0	0	0	537	
3	0	0	0	0	537	
4	0	0	0	0	538	
5	0	0	0	0	537	
6	0	0	0	0	535	
7	0	0	0	0	533	
8	0	0	0	0	532	
9	0	0	0	0	530	
10	0	0	0	0	528	
11	0	0	0	0	526	
12	0	0	0	0	525	
13	0	0	0	0	523	
14	0	0	0	0	521	
15	0	0	0	0	519	
0	0	0	0	0	517	
1	0	0	0	0	516	
2	0	0	0	0	515	
3	0	0	0	0	513	
4	0	0	0	0	511	
5	0	0	0	0	510	
6	0	0	0	0	509	
7	0	0	0	0	508	
8	0	0	0	0	507	
9	0	0	0	0	505	
10	0	0	0	0	503	
11	0	0	0	0	502	
12	0	0	0	0	499	
13	0	0	0	0	498	
14	0	0	0	0	497	
15	0	0	0	0	497	
0	0	0	0	0	496	
1	0	0	0	0	496	
2	0	0	0	0	496	
3	0	0	0	0	497	
4	0	0	0	0	496	
5	0	0	0	0	495	
6	0	0	0	0	496	
7	0	0	0	0	496	
8	0	0	0	0	496	
9	0	0	0	0	494	
10	0	0	0	0	492	
11	0	0	0	0	492	
12	0	0	0	0	492	
13	0	0	0	0	492	
14	0	0	0	0	491	
15	0	0	0	0	490	
0	0	0	0	0	490	
1	0	0	0	0	489	
2	0	0	0	0	489	
3	0	0	0	0	487	
4	0	0	0	0	487	
5	0	0	0	0	486	
6	0	0	0	0	484	
7	0	0	0	0	484	
8	0	0	0	0	483	
9	0	0	0	0	484	
10	0	0	0	0	483	
11	0	0	0	0	483	
12	0	0	0	0	483	
13	0	0	0	0	483	
14	0	0	0	0	484	
15	0	0	0	0	486	
0	0	0	0	0	487	
1	0	0	0	0	490	
2	0	0	0	0	490	
3	0	0	0	0	491	
4	0	0	0	0	492	
5	0	0	0	0	492	
6	0	0	0	0	493	
7	0	0	0	0	494	
8	0	0	0	0	493	
9	0	0	0	0	492	
10	0	0	0	0	491	
11	0	0	0	0	491	
12	0	0	0	0	489	
13	0	0	0	0	488	
14	0	0	0	0	487	
15	0	0	0	0	487	
0	0	0	0	0	488	
1	0	0	0	0	487	
2	0	0	0	0	487	
3	0	0	0	0	487	
4	0	0	0	0	487	
5	0	0	0	0	488	
6	0	0	0	0	487	
7	0	0	0	0	489	
8	0	0	0	0	491	
9	0	0	0	0	491	
10	0	0	0	0	492	
11	0	0	0	0	492	
12	0	0	0	0	492	
13	0	0	0	0	492	
14	0	0	0	0	493	
15	0	0	0	0	493	
0	0	0	0	0	493	
1	0	0	0	0	492	
2	0	0	0	0	493	
3	0	0	0	0	494	
4	0	0	0	0	493	
5	0	0	0	0	495	
6	0	0	0	0	496	
7	0	0	0	0	496	
8	0	0	0	0	497	
9	0	0	0	0	498	
10	0	0	0	0	498	
11	0	0	0	0	499	
12	0	0	0	0	501	
13	0	0	0	0	501	
14	0	0	0	0	500	
15	0	0	0	0	498	
0	0	0	0	0	497	
1	0	0	0	0	495	
2	0	0	0	0	494	
3	0	0	0	0	493	
4	0	0	0	0	492	
5	0	0	0	0	493	
6	0	0	0	0	494	
7	0	0	0	0	494	
8	0	0	0	0	495	
9	0	0	0	0	495	
10	0	0	0	0	496	
11	0	0	0	0	497	
12	0	0	0	0	499	
13	0	0	0	0	500	
14	0	0	0	0	501	
15	0	0	0	0	502	
0	0	0	0	0	503	
1	0	0	0	0	504	
2	0	0	0	0	504	
3	0	0	0	0	502	
4	0	0	0	0	504	
5	0	0	0	0	504	
6	0	0	0	0	505	
7	0	0	0	0	505	
8	0	0	0	0	504	
9	0	0	0	0	505	
10	0	0	0	0	505	
11	0	0	0	0	504	
12	0	0	0	0	503	
13	0	0	0	0	503	
14	0	0	0	0	504	
15	0	0	0	0	507	
0	0	0	0	0	508	
1	0	0	0	0	508	
2	0	0	0	0	506	
3	0	0	0	0	505	
4	0	0	0	0	505	
5	0	0	0	0	504	
6	0	0	0	0	503	
7	0	0	0	0	503	
8	0	0	0	0	503	
9	0	0	0	0	501	
10	0	0	0	0	501	
11	0	0	0	0	501	
12	0	0	0	0	504	
13	0	0	0	0	507	
14	0	0	0	0	509	
15	0	0	0	0	510	
0	0	0	0	0	512	
1	0	0	0	0	512	
2	0	0	0	0	512	
3	0	0	0	0	512	
4	0	0	0	0	511	
5	0	0	0	0	511	
6	0	0	0	0	509	
7	0	0	0	0	508	
8	0	0	0	0	507	
9	0	0	0	0	508	
10	0	0	0	0	509	
11	0	0	0	0	508	
12	0	0	0	0	507	
13	0	0	0	0	506	
14	0	0	0	0	504	
15	0	0	0	0	504	
0	0	0	0	0	505	
1	0	0	0	0	505	
2	0	0	0	0	505	
3	0	0	0	0	503	
4	0	0	0	0	503	
5	0	0	0	0	503	
6	0	0	0	0	503	
7	0	0	0	0	504	
8	0	0	0	0	504	
9	0	0	0	0	505	
10	0	0	0	0	506	
11	0	0	0	0	508	
12	0	0	0	0	511	
13	0	0	0	0	512	
14	0	0	0	0	512	
15	0	0	0	0	511	
0	0	0	0	0	510	
1	0	0	0	0	511	
2	0	0	0	0	512	
3	0	0	0	0	511	
4	0	0	0	0	510	
5	0	0	0	0	511	
6	0	0	0	0	511	
7	0	0	0	0	510	
8	0	0	0	0	507	
9	0	0	0	0	508	
10	0	0	0	0	510	
11	0	0	0	0	510	
12	0	0	0	0	509	
13	0	0	0	0	509	
14	0	0	0	0	509	
15	0	0	0	0	508	
0	0	0	0	0	507	
1	0	0	0	0	506	
2	0	0	0	0	506	
3	0	0	0	0	504	
4	0	0	0	0	502	
5	0	0	0	0	501	
6	0	0	0	0	502	
7	0	0	0	0	502	
8	0	0	0	0	502	
9	0	0	0	0	502	
10	0	0	0	0	502	
11	0	0	0	0	502	
12	0	0	0	0	504	
13	0	0	0	0	507	
14	0	0	0	0	508	
15	0	0	0	0	510	
0	0	0	0	0	512	
1	0	0	0	0	512	
2	0	0	0	0	512	
3	0	0	0	0	511	
4	0	0	0	0	511	
5	0	0	0	0	510	
6	0	0	0	0	510	
7	0	0	0	0	510	
8	0	0	0	0	510	
9	0	0	0	0	509	
10	0	0	0	0	510	
11	0	0	0	0	512	
12	0	0	0	0	514	
13	0	0	0	0	516	
14	0	0	0	0	520	
15	0	0	0	0	521	
0	0	0	0	0	522	
1	0	0	0	0	524	
2	0	0	0	0	526	
3	0	0	0	0	528	
4	0	0	0	0	527	
5	0	0	0	0	527	
6	0	0	0	0	525	
7	0	0	0	0	524	
8	0	0	0	0	521	
9	0	0	0	0	519	
10	0	0	0	0	519	
11	0	0	0	0	519	
12	0	0	0	0	520	
13	0	0	0	0	523	
14	0	0	0	0	524	
15	0	0	0	0	524	
0	0	0	0	0	527	
1	0	0	0	0	530	
2	0	0	0	0	532	
3	0	0	0	0	534	
4	0	0	0	0	536	
5	0	0	0	0	538	
6	0	0	0	0	540	
7	0	0	0	0	540	
8	0	0	0	0	541	
9	0	0	0	0	543	
10	0	0	0	0	544	
11	0	0	0	0	546	
12	0	0	0	0	547	
13	0	0	0	0	548	
14	0	0	0	0	549	
15	0	0	0	0	551	
0	0	0	0	0	551	
1	0	0	0	0	550	
2	0	0	0	0	548	
3	0	0	0	0	547	
4	0	0	0	0	544	
5	0	0	0	0	541	
6	0	0	0	0	537	
7	0	0	0	0	535	
8	0	0	0	0	534	
9	0	0	0	0	533	
10	0	0	0	0	530	
11	0	0	0	0	527	
12	0	0	0	0	526	
13	0	0	0	0	526	
14	0	0	0	0	526	
15	0	0	0	0	524	
0	0	0	0	0	524	
1	0	0	0	0	523	
2	0	0	0	0	519	
3	0	0	0	0	520	
4	0	0	0	0	519	
5	0	0	0	0	517	
6	0	0	0	0	517	
7	0	0	0	0	517	
8	0	0	0	0	514	
9	0	0	0	0	511	
10	0	0	0	0	508	
11	0	0	0	0	505	
12	0	0	0	0	502	
13	0	0	0	0	499	
14	0	0	0	0	498	
15	0	0	0	0	496	
0	0	0	0	0	496	
1	0	0	0	0	496	
2	0	0	0	0	497	
3	0	0	0	0	496	
4	0	0	0	0	496	
5	0	0	0	0	495	
6	0	0	0	0	495	
7	0	0	0	0	496	
8	0	0	0	0	497	
9	0	0	0	0	499	
10	0	0	0	0	499	
11	0	0	0	0	500	
12	0	0	0	0	501	
13	0	0	0	0	502	
14	0	0	0	0	502	
15	0	0	0	0	503	
0	0	0	0	0	504	
1	0	0	0	0	504	
2	0	0	0	0	504	
3	0	0	0	0	504	
4	0	0	0	0	502	
5	0	0	0	0	504	
6	0	0	0	0	506	
7	0	0	0	0	507	
8	0	0	0	0	507	
9	0	0	0	0	507	
10	0	0	0	0	508	
11	0	0	0	0	508	
12	0	0	0	0	507	
13	0	0	0	0	506	
14	0	0	0	0	505	
15	0	0	0	0	503	
0	0	0	0	0	502	
1	0	0	0	0	503	
2	0	0	0	0	504	
3	0	0	0	0	504	
4	0	0	0	0	504	
5	0	0	0	0	503	
6	0	0	0	0	502	
7	0	0	0	0	503	
8	0	0	0	0	504	
9	0	0	0	0	505	
10	0	0	0	0	507	
11	0	0	0	0	507	
12	0	0	0	0	507	
13	0	0	0	0	505	
14	0	0	0	0	505	
15	0	0	0	0	505	
0	0	0	0	0	505	
1	0	0	0	0	504	
2	0	0	0	0	503	
3	0	0	0	0	502	
4	0	0	0	0	499	
5	0	0	0	0	497	
6	0	0	0	0	496	
7	0	0	0	0	494	
8	0	0	0	0	492	
9	0	0	0	0	491	
10	0	0	0	0	489	
11	0	0	0	0	486	
12	0	0	0	0	482	
13	0	0	0	0	475	
14	0	0	0	0	469	
15	0	0	0	0	464	
0	0	0	0	0	460	
1	0	0	0	0	460	
2	0	0	0	0	462	
3	0	0	0	0	462	
4	0	0	0	0	461	
5	0	0	0	0	461	
6	0	0	0	0	462	
7	0	0	0	0	461	
8	0	0	0	0	460	
9	0	0	0	0	462	
10	0	0	0	0	466	
11	0	0	0	0	472	
12	0	0	0	0	480	
13	0	0	0	0	493	
14	0	0	0	0	509	
15	0	0	0	0	531	
0	0	0	0	0	558	
1	0	0	0	0	588	
2	0	0	0	0	621	
3	0	0	0	0	661	
4	0	0	0	0	703	
5	0	0	0	0	746	
6	0	0	0	0	789	
7	0	0	0	0	831	
8	0	0	0	0	869	
9	0	0	0	0	895	
10	0	0	0	0	909	
11	0	0	0	0	915	
12	0	0	0	0	910	
13	0	0	0	0	897	
14	0	0	0	0	876	
15	0	0	0	0	853	
0	0	0	0	0	829	
1	0	0	0	0	803	
2	0	0	0	0	779	
3	0	0	0	0	755	
4	0	0	0	0	734	
5	0	0	0	0	715	
6	0	0	0	0	696	
7	0	0	0	0	677	
8	0	0	0	0	659	
9	0	0	0	0	641	
10	0	0	0	0	623	
11	0	0	0	0	606	
12	0	0	0	0	588	
13	0	0	0	0	572	
14	0	0	0	0	558	
15	0	0	0	0	545	
0	0	0	0	0	533	
1	0	0	0	0	523	
2	0	0	0	0	515	
3	0	0	0	0	508	
4	0	0	0	0	500	
5	0	0	0	0	493	
6	0	0	0	0	487	
7	0	0	0	0	481	
8	0	0	0	0	477	
9	0	0	0	0	472	
10	0	0	0	0	468	
11	0	0	0	0	465	
12	0	0	0	0	461	
13	0	0	0	0	457	
14	0	0	0	0	454	
15	0	0	0	0	451	
0	0	0	0	0	449	
1	0	0	0	0	448	
2	0	0	0	0	445	
3	0	0	0	0	443	
4	0	0	0	0	440	
5	0	0	0	0	439	
6	0	0	0	0	439	
7	0	0	0	0	439	
8	0	0	0	0	439	
9	0	0	0	0	440	
10	0	0	0	0	439	
11	0	0	0	0	438	
12	0	0	0	0	439	
13	0	0	0	0	438	
14	0	0	0	0	436	
15	0	0	0	0	437	
0	0	0	0	0	438	
1	0	0	0	0	438	
2	0	0	0	0	440	
3	0	0	0	0	440	
4	0	0	0	0	440	
5	0	0	0	0	440	
6	0	0	0	0	441	
7	0	0	0	0	442	
8	0	0	0	0	445	
9	0	0	0	0	446	
10	0	0	0	0	445	
11	0	0	0	0	444	
12	0	0	0	0	445	
13	0	0	0	0	447	
14	0	0	0	0	449	
15	0	0	0	0	449	
0	0	0	0	0	449	
1	0	0	0	0	448	
2	0	0	0	0	448	
3	0	0	0	0	448	
4	0	0	0	0	448	
5	0	0	0	0	448	
6	0	0	0	0	448	
7	0	0	0	0	448	
8	0	0	0	0	451	
9	0	0	0	0	450	
10	0	0	0	0	450	
11	0	0	0	0	450	
12	0	0	0	0	451	
13	0	0	0	0	451	
14	0	0	0	0	449	
15	0	0	0	0	448	
0	0	0	0	0	447	
1	0	0	0	0	447	
2	0	0	0	0	449	
3	0	0	0	0	451	
4	0	0	0	0	454	
5	0	0	0	0	457	
6	0	0	0	0	460	
7	0	0	0	0	463	
8	0	0	0	0	463	
9	0	0	0	0	464	
10	0	0	0	0	465	
11	0	0	0	0	467	
12	0	0	0	0	470	
13	0	0	0	0	473	
14	0	0	0	0	475	
15	0	0	0	0	477	
0	0	0	0	0	478	
1	0	0	0	0	478	
2	0	0	0	0	477	
3	0	0	0	0	478	
4	0	0	0	0	477	
5	0	0	0	0	476	
6	0	0	0	0	476	
7	0	0	0	0	478	
8	0	0	0	0	478	
9	0	0	0	0	479	
10	0	0	0	0	481	
11	0	0	0	0	483	
12	0	0	0	0	483	
13	0	0	0	0	481	
14	0	0	0	0	481	
15	0	0	0	0	481	
0	0	0	0	0	483	
1	0	0	0	0	484	
2	0	0	0	0	486	
3	0	0	0	0	487	
4	0	0	0	0	488	
5	0	0	0	0	487	
6	0	0	0	0	487	
7	0	0	0	0	487	
8	0	0	0	0	488	
9	0	0	0	0	490	
10	0	0	0	0	489	
11	0	0	0	0	491	
12	0	0	0	0	492	
13	0	0	0	0	494	
14	0	0	0	0	495	
15	0	0	0	0	496	
0	0	0	0	0	499	
1	0	0	0	0	500	
2	0	0	0	0	500	
3	0	0	0	0	499	
4	0	0	0	0	498	
5	0	0	0	0	497	
6	0	0	0	0	497	
7	0	0	0	0	498	
8	0	0	0	0	499	
9	0	0	0	0	498	
10	0	0	0	0	499	
11	0	0	0	0	501	
12	0	0	0	0	503	
13	0	0	0	0	505	
14	0	0	0	0	506	
15	0	0	0	0	505	
0	0	0	0	0	505	
1	0	0	0	0	506	
2	0	0	0	0	506	
3	0	0	0	0	507	
4	0	0	0	0	508	
5	0	0	0	0	507	
6	0	0	0	0	507	
7	0	0	0	0	507	
8	0	0	0	0	507	
9	0	0	0	0	508	
10	0	0	0	0	509	
11	0	0	0	0	509	
12	0	0	0	0	510	
13	0	0	0	0	511	
14	0	0	0	0	512	
15	0	0	0	0	515	
0	0	0	0	0	517	
1	0	0	0	0	516	
2	0	0	0	0	515	
3	0	0	0	0	514	
4	0	0	0	0	515	
5	0	0	0	0	513	
6	0	0	0	0	512	
7	0	0	0	0	512	
8	0	0	0	0	511	
9	0	0	0	0	510	
10	0	0	0	0	512	
11	0	0	0	0	515	
12	0	0	0	0	519	
13	0	0	0	0	522	
14	0	0	0	0	523	
15	0	0	0	0	524	
0	0	0	0	0	525	
1	0	0	0	0	524	
2	0	0	0	0	523	
3	0	0	0	0	523	
4	0	0	0	0	521	
5	0	0	0	0	519	
6	0	0	0	0	519	
7	0	0	0	0	518	
8	0	0	0	0	519	
9	0	0	0	0	519	
10	0	0	0	0	520	
11	0	0	0	0	523	
12	0	0	0	0	525	
13	0	0	0	0	525	
14	0	0	0	0	525	
15	0	0	0	0	526	
0	0	0	0	0	527	
1	0	0	0	0	529	
2	0	0	0	0	528	
3	0	0	0	0	528	
4	0	0	0	0	527	
5	0	0	0	0	528	
6	0	0	0	0	528	
7	0	0	0	0	529	
8	0	0	0	0	529	
9	0	0	0	0	528	
10	0	0	0	0	527	
11	0	0	0	0	526	
12	0	0	0	0	526	
13	0	0	0	0	526	
14	0	0	0	0	524	
15	0	0	0	0	523	
0	0	0	0	0	525	
1	0	0	0	0	529	
2	0	0	0	0	533	
3	0	0	0	0	535	
4	0	0	0	0	535	
5	0	0	0	0	534	
6	0	0	0	0	535	
7	0	0	0	0	536	
8	0	0	0	0	537	
9	0	0	0	0	537	
10	0	0	0	0	536	
11	0	0	0	0	533	
12	0	0	0	0	532	
13	0	0	0	0	531	
14	0	0	0	0	530	
15	0	0	0	0	530	
0	0	0	0	0	531	
1	0	0	0	0	532	
2	0	0	0	0	533	
3	0	0	0	0	535	
4	0	0	0	0	536	
5	0	0	0	0	534	
6	0	0	0	0	531	
7	0	0	0	0	528	
8	0	0	0	0	525	
9	0	0	0	0	522	
10	0	0	0	0	519	
11	0	0	0	0	518	
12	0	0	0	0	519	
13	0	0	0	0	519	
14	0	0	0	0	519	
15	0	0	0	0	519	
0	0	0	0	0	520	
1	0	0	0	0	519	
2	0	0	0	0	518	
3	0	0	0	0	517	
4	0	0	0	0	516	
5	0	0	0	0	515	
6	0	0	0	0	514	
7	0	0	0	0	512	
8	0	0	0	0	510	
9	0	0	0	0	508	
10	0	0	0	0	507	
11	0	0	0	0	507	
12	0	0	0	0	505	
13	0	0	0	0	504	
14	0	0	0	0	503	
15	0	0	0	0	505	
0	0	0	0	0	505	
1	0	0	0	0	504	
2	0	0	0	0	503	
3	0	0	0	0	501	
4	0	0	0	0	501	
5	0	0	0	0	500	
6	0	0	0	0	499	
7	0	0	0	0	497	
8	0	0	0	0	496	
9	0	0	0	0	492	
10	0	0	0	0	488	
11	0	0	0	0	486	
12	0	0	0	0	484	
13	0	0	0	0	482	
14	0	0	0	0	483	
15	0	0	0	0	484	
0	0	0	0	0	484	
1	0	0	0	0	484	
2	0	0	0	0	486	
3	0	0	0	0	486	
4	0	0	0	0	487	
5	0	0	0	0	486	
6	0	0	0	0	486	
7	0	0	0	0	485	
8	0	0	0	0	483	
9	0	0	0	0	483	
10	0	0	0	0	481	
11	0	0	0	0	480	
12	0	0	0	0	479	
13	0	0	0	0	478	
14	0	0	0	0	476	
15	0	0	0	0	477	
0	0	0	0	0	477	
1	0	0	0	0	477	
2	0	0	0	0	478	
3	0	0	0	0	479	
4	0	0	0	0	479	
5	0	0	0	0	479	
6	0	0	0	0	480	
7	0	0	0	0	480	
8	0	0	0	0	482	
9	0	0	0	0	485	
10	0	0	0	0	485	
11	0	0	0	0	484	
12	0	0	0	0	484	
13	0	0	0	0	484	
14	0	0	0	0	485	
15	0	0	0	0	485	
0	0	0	0	0	484	
1	0	0	0	0	480	
2	0	0	0	0	478	
3	0	0	0	0	477	
4	0	0	0	0	478	
5	0	0	0	0	478	
6	0	0	0	0	480	
7	0	0	0	0	484	
8	0	0	0	0	488	
9	0	0	0	0	491	
10	0	0	0	0	491	
11	0	0	0	0	492	
12	0	0	0	0	493	
13	0	0	0	0	493	
14	0	0	0	0	492	
15	0	0	0	0	492	
0	0	0	0	0	493	
1	0	0	0	0	492	
2	0	0	0	0	491	
3	0	0	0	0	492	
4	0	0	0	0	493	
5	0	0	0	0	494	
6	0	0	0	0	494	
7	0	0	0	0	495	
8	0	0	0	0	494	
9	0	0	0	0	494	
10	0	0	0	0	492	
11	0	0	0	0	490	
12	0	0	0	0	489	
13	0	0	0	0	489	
14	0	0	0	0	489	
15	0	0	0	0	489	
0	0	0	0	0	489	
1	0	0	0	0	490	
2	0	0	0	0	492	
3	0	0	0	0	494	
4	0	0	0	0	494	
5	0	0	0	0	495	
6	0	0	0	0	495	
7	0	0	0	0	496	
8	0	0	0	0	497	
9	0	0	0	0	499	
10	0	0	0	0	499	
11	0	0	0	0	498	
12	0	0	0	0	496	
13	0	0	0	0	496	
14	0	0	0	0	495	
15	0	0	0	0	494	
0	0	0	0	0	494	
1	0	0	0	0	493	
2	0	0	0	0	493	
3	0	0	0	0	493	
4	0	0	0	0	493	
5	0	0	0	0	493	
6	0	0	0	0	493	
7	0	0	0	0	493	
8	0	0	0	0	494	
9	0	0	0	0	495	
10	0	0	0	0	495	
11	0	0	0	0	496	
12	0	0	0	0	496	
13	0	0	0	0	496	
14	0	0	0	0	496	
15	0	0	0	0	497	
0	0	0	0	0	496	
1	0	0	0	0	498	
2	0	0	0	0	500	
3	0	0	0	0	502	
4	0	0	0	0	503	
5	0	0	0	0	503	
6	0	0	0	0	504	
7	0	0	0	0	505	
8	0	0	0	0	504	
9	0	0	0	0	503	
10	0	0	0	0	502	
11	0	0	0	0	502	
12	0	0	0	0	503	
13	0	0	0	0	504	
14	0	0	0	0	503	
15	0	0	0	0	503	
0	0	0	0	0	503	
1	0	0	0	0	502	
2	0	0	0	0	501	
3	0	0	0	0	502	
4	0	0	0	0	504	
5	0	0	0	0	505	
6	0	0	0	0	507	
7	0	0	0	0	506	
8	0	0	0	0	505	
9	0	0	0	0	505	
10	0	0	0	0	507	
11	0	0	0	0	508	
12	0	0	0	0	508	
13	0	0	0	0	507	
14	0	0	0	0	507	
15	0	0	0	0	505	
0	0	0	0	0	504	
1	0	0	0	0	502	
2	0	0	0	0	500	
3	0	0	0	0	499	
4	0	0	0	0	499	
5	0	0	0	0	500	
6	0	0	0	0	501	
7	0	0	0	0	503	
8	0	0	0	0	505	
9	0	0	0	0	508	
10	0	0	0	0	510	
11	0	0	0	0	512	
12	0	0	0	0	513	
13	0	0	0	0	513	
14	0	0	0	0	512	
15	0	0	0	0	512	
0	0	0	0	0	512	
1	0	0	0	0	513	
2	0	0	0	0	513	
3	0	0	0	0	513	
4	0	0	0	0	513	
5	0	0	0	0	514	
6	0	0	0	0	516	
7	0	0	0	0	519	
8	0	0	0	0	518	
9	0	0	0	0	515	
10	0	0	0	0	514	
11	0	0	0	0	513	
12	0	0	0	0	512	
13	0	0	0	0	512	
14	0	0	0	0	511	
15	0	0	0	0	511	
0	0	0	0	0	510	
1	0	0	0	0	508	
2	0	0	0	0	506	
3	0	0	0	0	504	
4	0	0	0	0	503	
5	0	0	0	0	503	
6	0	0	0	0	504	
7	0	0	0	0	505	
8	0	0	0	0	505	
9	0	0	0	0	507	
10	0	0	0	0	508	
11	0	0	0	0	508	
12	0	0	0	0	509	
13	0	0	0	0	509	
14	0	0	0	0	509	
15	0	0	0	0	511	
0	0	0	0	0	512	
1	0	0	0	0	513	
2	0	0	0	0	512	
3	0	0	0	0	512	
4	0	0	0	0	511	
5	0	0	0	0	512	
6	0	0	0	0	514	
7	0	0	0	0	515	
8	0	0	0	0	515	
9	0	0	0	0	515	
10	0	0	0	0	514	
11	0	0	0	0	513	
12	0	0	0	0	513	
13	0	0	0	0	513	
14	0	0	0	0	514	
15	0	0	0	0	514	
0	0	0	0	0	516	
1	0	0	0	0	518	
2	0	0	0	0	519	
3	0	0	0	0	521	
4	0	0	0	0	521	
5	0	0	0	0	522	
6	0	0	0	0	521	
7	0	0	0	0	521	
8	0	0	0	0	521	
9	0	0	0	0	522	
10	0	0	0	0	523	
11	0	0	0	0	524	
12	0	0	0	0	526	
13	0	0	0	0	527	
14	0	0	0	0	527	
15	0	0	0	0	529	
0	0	0	0	0	530	
1	0	0	0	0	531	
2	0	0	0	0	532	
3	0	0	0	0	534	
4	0	0	0	0	538	
5	0	0	0	0	543	
6	0	0	0	0	548	
7	0	0	0	0	551	
8	0	0	0	0	551	
9	0	0	0	0	551	
10	0	0	0	0	551	
11	0	0	0	0	551	
12	0	0	0	0	549	
13	0	0	0	0	548	
14	0	0	0	0	545	
15	0	0	0	0	543	
0	0	0	0	0	540	
1	0	0	0	0	538	
2	0	0	0	0	536	
3	0	0	0	0	534	
4	0	0	0	0	534	
5	0	0	0	0	532	
6	0	0	0	0	530	
7	0	0	0	0	529	
8	0	0	0	0	528	
9	0	0	0	0	527	
10	0	0	0	0	525	
11	0	0	0	0	524	
12	0	0	0	0	523	
13	0	0	0	0	521	
14	0	0	0	0	519	
15	0	0	0	0	518	
0	0	0	0	0	517	
1	0	0	0	0	516	
2	0	0	0	0	515	
3	0	0	0	0	516	
4	0	0	0	0	516	
5	0	0	0	0	515	
6	0	0	0	0	512	
7	0	0	0	0	509	
8	0	0	0	0	507	
9	0	0	0	0	506	
10	0	0	0	0	505	
11	0	0	0	0	504	
12	0	0	0	0	503	
13	0	0	0	0	502	
14	0	0	0	0	503	
15	0	0	0	0	504	
0	0	0	0	0	505	
1	0	0	0	0	503	
2	0	0	0	0	500	
3	0	0	0	0	497	
4	0	0	0	0	496	
5	0	0	0	0	495	
6	0	0	0	0	493	
7	0	0	0	0	492	
8	0	0	0	0	491	
9	0	0	0	0	491	
10	0	0	0	0	491	
11	0	0	0	0	489	
12	0	0	0	0	492	
13	0	0	0	0	493	
14	0	0	0	0	495	
15	0	0	0	0	496	
0	0	0	0	0	497	
1	0	0	0	0	498	
2	0	0	0	0	500	
3	0	0	0	0	503	
4	0	0	0	0	504	
5	0	0	0	0	503	
6	0	0	0	0	502	
7	0	0	0	0	500	
8	0	0	0	0	497	
9	0	0	0	0	495	
10	0	0	0	0	494	
11	0	0	0	0	494	
12	0	0	0	0	493	
13	0	0	0	0	493	
14	0	0	0	0	494	
15	0	0	0	0	493	
0	0	0	0	0	494	
1	0	0	0	0	495	
2	0	0	0	0	494	
3	0	0	0	0	495	
4	0	0	0	0	495	
5	0	0	0	0	495	
6	0	0	0	0	495	
7	0	0	0	0	496	
8	0	0	0	0	498	
9	0	0	0	0	499	
10	0	0	0	0	499	
11	0	0	0	0	499	
12	0	0	0	0	499	
13	0	0	0	0	499	
14	0	0	0	0	499	
15	0	0	0	0	499	
0	0	0	0	0	498	
1	0	0	0	0	497	
2	0	0	0	0	497	
3	0	0	0	0	495	
4	0	0	0	0	492	
5	0	0	0	0	490	
6	0	0	0	0	486	
7	0	0	0	0	483	
8	0	0	0	0	479	
9	0	0	0	0	473	
10	0	0	0	0	467	
11	0	0	0	0	466	
12	0	0	0	0	464	
13	0	0	0	0	463	
14	0	0	0	0	464	
15	0	0	0	0	464	
0	0	0	0	0	463	
1	0	0	0	0	461	
2	0	0	0	0	459	
3	0	0	0	0	455	
4	0	0	0	0	453	
5	0	0	0	0	451	
6	0	0	0	0	452	
7	0	0	0	0	455	
8	0	0	0	0	462	
9	0	0	0	0	475	
10	0	0	0	0	491	
11	0	0	0	0	510	
12	0	0	0	0	536	
13	0	0	0	0	569	
14	0	0	0	0	607	
15	0	0	0	0	651	
0	0	0	0	0	695	
1	0	0	0	0	740	
2	0	0	0	0	788	
3	0	0	0	0	834	
4	0	0	0	0	878	
5	0	0	0	0	911	
6	0	0	0	0	934	
7	0	0	0	0	945	
8	0	0	0	0	943	
9	0	0	0	0	930	
10	0	0	0	0	909	
11	0	0	0	0	882	
12	0	0	0	0	852	
13	0	0	0	0	822	
14	0	0	0	0	791	
15	0	0	0	0	761	
0	0	0	0	0	736	
1	0	0	0	0	713	
2	0	0	0	0	691	
3	0	0	0	0	667	
4	0	0	0	0	643	
5	0	0	0	0	622	
6	0	0	0	0	601	
7	0	0	0	0	581	
8	0	0	0	0	563	
9	0	0	0	0	549	
10	0	0	0	0	537	
11	0	0	0	0	528	
12	0	0	0	0	519	
13	0	0	0	0	515	
14	0	0	0	0	511	
15	0	0	0	0	504	
0	0	0	0	0	497	
1	0	0	0	0	491	
2	0	0	0	0	485	
3	0	0	0	0	478	
4	0	0	0	0	472	
5	0	0	0	0	464	
6	0	0	0	0	458	
7	0	0	0	0	455	
8	0	0	0	0	453	
9	0	0	0	0	450	
10	0	0	0	0	449	
11	0	0	0	0	450	
12	0	0	0	0	451	
13	0	0	0	0	452	
14	0	0	0	0	452	
15	0	0	0	0	451	
0	0	0	0	0	451	
1	0	0	0	0	452	
2	0	0	0	0	452	
3	0	0	0	0	451	
4	0	0	0	0	450	
5	0	0	0	0	451	
6	0	0	0	0	453	
7	0	0	0	0	452	
8	0	0	0	0	451	
9	0	0	0	0	450	
10	0	0	0	0	449	
11	0	0	0	0	449	
12	0	0	0	0	449	
13	0	0	0	0	450	
14	0	0	0	0	450	
15	0	0	0	0	451	
0	0	0	0	0	452	
1	0	0	0	0	453	
2	0	0	0	0	454	
3	0	0	0	0	453	
4	0	0	0	0	453	
5	0	0	0	0	452	
6	0	0	0	0	451	
7	0	0	0	0	450	
8	0	0	0	0	449	
9	0	0	0	0	448	
10	0	0	0	0	447	
11	0	0	0	0	446	
12	0	0	0	0	444	
13	0	0	0	0	445	
14	0	0	0	0	446	
15	0	0	0	0	446	
0	0	0	0	0	447	
1	0	0	0	0	448	
2	0	0	0	0	451	
3	0	0	0	0	455	
4	0	0	0	0	459	
5	0	0	0	0	461	
6	0	0	0	0	464	
7	0	0	0	0	464	
8	0	0	0	0	463	
9	0	0	0	0	464	
10	0	0	0	0	465	
11	0	0	0	0	464	
12	0	0	0	0	465	
13	0	0	0	0	465	
14	0	0	0	0	464	
15	0	0	0	0	464	
0	0	0	0	0	465	
1	0	0	0	0	465	
2	0	0	0	0	467	
3	0	0	0	0	467	
4	0	0	0	0	468	
5	0	0	0	0	469	
6	0	0	0	0	469	
7	0	0	0	0	468	
8	0	0	0	0	465	
9	0	0	0	0	463	
10	0	0	0	0	464	
11	0	0	0	0	465	
12	0	0	0	0	467	
13	0	0	0	0	469	
14	0	0	0	0	472	
15	0	0	0	0	475	
0	0	0	0	0	478	
1	0	0	0	0	480	
2	0	0	0	0	482	
3	0	0	0	0	484	
4	0	0	0	0	487	
5	0	0	0	0	487	
6	0	0	0	0	488	
7	0	0	0	0	490	
8	0	0	0	0	490	
9	0	0	0	0	488	
10	0	0	0	0	487	
11	0	0	0	0	488	
12	0	0	0	0	489	
13	0	0	0	0	490	
14	0	0	0	0	491	
15	0	0	0	0	494	
0	0	0	0	0	495	
1	0	0	0	0	496	
2	0	0	0	0	498	
3	0	0	0	0	497	
4	0	0	0	0	497	
5	0	0	0	0	499	
6	0	0	0	0	500	
7	0	0	0	0	500	
8	0	0	0	0	500	
9	0	0	0	0	502	
10	0	0	0	0	503	
11	0	0	0	0	504	
12	0	0	0	0	503	
13	0	0	0	0	503	
14	0	0	0	0	504	
15	0	0	0	0	503	
0	0	0	0	0	501	
1	0	0	0	0	500	
2	0	0	0	0	501	
3	0	0	0	0	503	
4	0	0	0	0	504	
5	0	0	0	0	506	
6	0	0	0	0	508	
7	0	0	0	0	508	
8	0	0	0	0	509	
9	0	0	0	0	509	
10	0	0	0	0	508	
11	0	0	0	0	509	
12	0	0	0	0	509	
13	0	0	0	0	508	
14	0	0	0	0	506	
15	0	0	0	0	506	
0	0	0	0	0	507	
1	0	0	0	0	508	
2	0	0	0	0	509	
3	0	0	0	0	510	
4	0	0	0	0	511	
5	0	0	0	0	511	
6	0	0	0	0	511	
7	0	0	0	0	512	
8	0	0	0	0	514	
9	0	0	0	0	517	
10	0	0	0	0	519	
11	0	0	0	0	520	
12	0	0	0	0	521	
13	0	0	0	0	522	
14	0	0	0	0	523	
15	0	0	0	0	523	
0	0	0	0	0	523	
1	0	0	0	0	524	
2	0	0	0	0	524	
3	0	0	0	0	526	
4	0	0	0	0	527	
5	0	0	0	0	528	
6	0	0	0	0	531	
7	0	0	0	0	531	
8	0	0	0	0	530	
9	0	0	0	0	528	
10	0	0	0	0	527	
11	0	0	0	0	527	
12	0	0	0	0	528	
13	0	0	0	0	528	
14	0	0	0	0	528	
15	0	0	0	0	527	
0	0	0	0	0	526	
1	0	0	0	0	525	
2	0	0	0	0	526	
3	0	0	0	0	526	
4	0	0	0	0	526	
5	0	0	0	0	527	
6	0	0	0	0	528	
7	0	0	0	0	530	
8	0	0	0	0	530	
9	0	0	0	0	531	
10	0	0	0	0	531	
11	0	0	0	0	533	
12	0	0	0	0	534	
13	0	0	0	0	534	
14	0	0	0	0	531	
15	0	0	0	0	529	
0	0	0	0	0	528	
1	0	0	0	0	528	
2	0	0	0	0	529	
3	0	0	0	0	529	
4	0	0	0	0	529	
5	0	0	0	0	531	
6	0	0	0	0	532	
7	0	0	0	0	533	
8	0	0	0	0	534	
9	0	0	0	0	535	
10	0	0	0	0	536	
11	0	0	0	0	536	
12	0	0	0	0	536	
13	0	0	0	0	536	
14	0	0	0	0	536	
15	0	0	0	0	536	
0	0	0	0	0	535	
1	0	0	0	0	533	
2	0	0	0	0	533	
3	0	0	0	0	534	
4	0	0	0	0	534	
5	0	0	0	0	534	
6	0	0	0	0	535	
7	0	0	0	0	534	
8	0	0	0	0	535	
9	0	0	0	0	535	
10	0	0	0	0	535	
11	0	0	0	0	536	
12	0	0	0	0	539	
13	0	0	0	0	539	
14	0	0	0	0	538	
15	0	0	0	0	540	
0	0	0	0	0	539	
1	0	0	0	0	539	
2	0	0	0	0	536	
3	0	0	0	0	534	
4	0	0	0	0	534	
5	0	0	0	0	534	
6	0	0	0	0	533	
7	0	0	0	0	532	
8	0	0	0	0	531	
9	0	0	0	0	531	
10	0	0	0	0	530	
11	0	0	0	0	528	
12	0	0	0	0	527	
13	0	0	0	0	525	
14	0	0	0	0	522	
15	0	0	0	0	520	
0	0	0	0	0	519	
1	0	0	0	0	517	
2	0	0	0	0	515	
3	0	0	0	0	512	
4	0	0	0	0	508	
5	0	0	0	0	507	
6	0	0	0	0	505	
7	0	0	0	0	505	
8	0	0	0	0	505	
9	0	0	0	0	505	
10	0	0	0	0	504	
11	0	0	0	0	503	
12	0	0	0	0	501	
13	0	0	0	0	500	
14	0	0	0	0	499	
15	0	0	0	0	496	
0	0	0	0	0	494	
1	0	0	0	0	492	
2	0	0	0	0	491	
3	0	0	0	0	488	
4	0	0	0	0	485	
5	0	0	0	0	482	
6	0	0	0	0	481	
7	0	0	0	0	480	
8	0	0	0	0	481	
9	0	0	0	0	481	
10	0	0	0	0	483	
11	0	0	0	0	484	
12	0	0	0	0	486	
13	0	0	0	0	486	
14	0	0	0	0	484	
15	0	0	0	0	484	
0	0	0	0	0	483	
1	0	0	0	0	480	
2	0	0	0	0	476	
3	0	0	0	0	473	
4	0	0	0	0	472	
5	0	0	0	0	470	
6	0	0	0	0	469	
7	0	0	0	0	469	
8	0	0	0	0	470	
9	0	0	0	0	472	
10	0	0	0	0	475	
11	0	0	0	0	478	
12	0	0	0	0	480	
13	0	0	0	0	481	
14	0	0	0	0	481	
15	0	0	0	0	482	
0	0	0	0	0	480	
1	0	0	0	0	478	
2	0	0	0	0	476	
3	0	0	0	0	475	
4	0	0	0	0	475	
5	0	0	0	0	474	
6	0	0	0	0	473	
7	0	0	0	0	472	
8	0	0	0	0	473	
9	0	0	0	0	473	
10	0	0	0	0	473	
11	0	0	0	0	476	
12	0	0	0	0	478	
13	0	0	0	0	480	
14	0	0	0	0	482	
15	0	0	0	0	483	
0	0	0	0	0	482	
1	0	0	0	0	482	
2	0	0	0	0	481	
3	0	0	0	0	481	
4	0	0	0	0	481	
5	0	0	0	0	481	
6	0	0	0	0	480	
7	0	0	0	0	481	
8	0	0	0	0	481	
9	0	0	0	0	480	
10	0	0	0	0	481	
11	0	0	0	0	483	
12	0	0	0	0	485	
13	0	0	0	0	485	
14	0	0	0	0	487	
15	0	0	0	0	487	
0	0	0	0	0	487	
1	0	0	0	0	486	
2	0	0	0	0	486	
3	0	0	0	0	486	
4	0	0	0	0	487	
5	0	0	0	0	487	
6	0	0	0	0	485	
7	0	0	0	0	484	
8	0	0	0	0	483	
9	0	0	0	0	483	
10	0	0	0	0	484	
11	0	0	0	0	486	
12	0	0	0	0	486	
13	0	0	0	0	488	
14	0	0	0	0	490	
15	0	0	0	0	492	
0	0	0	0	0	493	
1	0	0	0	0	492	
2	0	0	0	0	491	
3	0	0	0	0	489	
4	0	0	0	0	489	
5	0	0	0	0	489	
6	0	0	0	0	487	
7	0	0	0	0	487	
8	0	0	0	0	487	
9	0	0	0	0	487	
10	0	0	0	0	487	
11	0	0	0	0	487	
12	0	0	0	0	489	
13	0	0	0	0	492	
14	0	0	0	0	495	
15	0	0	0	0	496	
0	0	0	0	0	497	
1	0	0	0	0	498	
2	0	0	0	0	498	
3	0	0	0	0	498	
4	0	0	0	0	498	
5	0	0	0	0	498	
6	0	0	0	0	498	
7	0	0	0	0	496	
8	0	0	0	0	494	
9	0	0	0	0	494	
10	0	0	0	0	492	
11	0	0	0	0	490	
12	0	0	0	0	489	
13	0	0	0	0	487	
14	0	0	0	0	487	
15	0	0	0	0	488	
0	0	0	0	0	490	
1	0	0	0	0	488	
2	0	0	0	0	488	
3	0	0	0	0	487	
4	0	0	0	0	489	
5	0	0	0	0	492	
6	0	0	0	0	494	
7	0	0	0	0	494	
8	0	0	0	0	495	
9	0	0	0	0	497	
10	0	0	0	0	501	
11	0	0	0	0	502	
12	0	0	0	0	503	
13	0	0	0	0	504	
14	0	0	0	0	504	
15	0	0	0	0	504	
0	0	0	0	0	505	
1	0	0	0	0	505	
2	0	0	0	0	505	
3	0	0	0	0	506	
4	0	0	0	0	507	
5	0	0	0	0	507	
6	0	0	0	0	508	
7	0	0	0	0	509	
8	0	0	0	0	510	
9	0	0	0	0	509	
10	0	0	0	0	509	
11	0	0	0	0	509	
12	0	0	0	0	509	
13	0	0	0	0	508	
14	0	0	0	0	507	
15	0	0	0	0	506	
0	0	0	0	0	506	
1	0	0	0	0	507	
2	0	0	0	0	507	
3	0	0	0	0	506	
4	0	0	0	0	505	
5	0	0	0	0	504	
6	0	0	0	0	502	
7	0	0	0	0	500	
8	0	0	0	0	499	
9	0	0	0	0	499	
10	0	0	0	0	499	
11	0	0	0	0	498	
12	0	0	0	0	498	
13	0	0	0	0	500	
14	0	0	0	0	502	
15	0	0	0	0	503	
0	0	0	0	0	504	
1	0	0	0	0	506	
2	0	0	0	0	507	
3	0	0	0	0	507	
4	0	0	0	0	506	
5	0	0	0	0	505	
6	0	0	0	0	505	
7	0	0	0	0	503	
8	0	0	0	0	503	
9	0	0	0	0	501	
10	0	0	0	0	501	
11	0	0	0	0	501	
12	0	0	0	0	502	
13	0	0	0	0	501	
14	0	0	0	0	500	
15	0	0	0	0	500	
0	0	0	0	0	501	
1	0	0	0	0	503	
2	0	0	0	0	504	
3	0	0	0	0	505	
4	0	0	0	0	505	
5	0	0	0	0	505	
6	0	0	0	0	506	
7	0	0	0	0	505	
8	0	0	0	0	505	
9	0	0	0	0	505	
10	0	0	0	0	507	
11	0	0	0	0	508	
12	0	0	0	0	507	
13	0	0	0	0	507	
14	0	0	0	0	506	
15	0	0	0	0	505	
0	0	0	0	0	505	
1	0	0	0	0	504	
2	0	0	0	0	502	
3	0	0	0	0	500	
4	0	0	0	0	499	
5	0	0	0	0	499	
6	0	0	0	0	499	
7	0	0	0	0	499	
8	0	0	0	0	499	
9	0	0	0	0	500	
10	0	0	0	0	503	
11	0	0	0	0	506	
12	0	0	0	0	509	
13	0	0	0	0	511	
14	0	0	0	0	513	
15	0	0	0	0	515	
0	0	0	0	0	515	
1	0	0	0	0	514	
2	0	0	0	0	512	
3	0	0	0	0	512	
4	0	0	0	0	512	
5	0	0	0	0	512	
6	0	0	0	0	512	
7	0	0	0	0	511	
8	0	0	0	0	511	
9	0	0	0	0	512	
10	0	0	0	0	514	
11	0	0	0	0	516	
12	0	0	0	0	517	
13	0	0	0	0	516	
14	0	0	0	0	516	
15	0	0	0	0	518	
0	0	0	0	0	519	
1	0	0	0	0	522	
2	0	0	0	0	523	
3	0	0	0	0	524	
4	0	0	0	0	525	
5	0	0	0	0	528	
6	0	0	0	0	530	
7	0	0	0	0	531	
8	0	0	0	0	532	
9	0	0	0	0	533	
10	0	0	0	0	534	
11	0	0	0	0	535	
12	0	0	0	0	537	
13	0	0	0	0	539	
14	0	0	0	0	541	
15	0	0	0	0	543	
0	0	0	0	0	544	
1	0	0	0	0	543	
2	0	0	0	0	543	
3	0	0	0	0	542	
4	0	0	0	0	540	
5	0	0	0	0	540	
6	0	0	0	0	539	
7	0	0	0	0	539	
8	0	0	0	0	539	
9	0	0	0	0	538	
10	0	0	0	0	535	
11	0	0	0	0	531	
12	0	0	0	0	528	
13	0	0	0	0	525	
14	0	0	0	0	521	
15	0	0	0	0	518	
0	0	0	0	0	517	
1	0	0	0	0	516	
2	0	0	0	0	516	
3	0	0	0	0	514	
4	0	0	0	0	513	
5	0	0	0	0	513	
6	0	0	0	0	512	
7	0	0	0	0	511	
8	0	0	0	0	510	
9	0	0	0	0	509	
10	0	0	0	0	508	
11	0	0	0	0	507	
12	0	0	0	0	506	
13	0	0	0	0	505	
14	0	0	0	0	505	
15	0	0	0	0	503	
0	0	0	0	0	502	
1	0	0	0	0	500	
2	0	0	0	0	499	
3	0	0	0	0	499	
4	0	0	0	0	501	
5	0	0	0	0	502	
6	0	0	0	0	503	
7	0	0	0	0	502	
8	0	0	0	0	502	
9	0	0	0	0	502	
10	0	0	0	0	500	
11	0	0	0	0	498	
12	0	0	0	0	496	
13	0	0	0	0	494	
14	0	0	0	0	492	
15	0	0	0	0	491	
0	0	0	0	0	492	
1	0	0	0	0	493	
2	0	0	0	0	493	
3	0	0	0	0	493	
4	0	0	0	0	494	
5	0	0	0	0	495	
6	0	0	0	0	496	
7	0	0	0	0	496	
8	0	0	0	0	496	
9	0	0	0	0	495	
10	0	0	0	0	494	
11	0	0	0	0	492	
12	0	0	0	0	491	
13	0	0	0	0	490	
14	0	0	0	0	488	
15	0	0	0	0	487	
0	0	0	0	0	487	
1	0	0	0	0	486	
2	0	0	0	0	484	
3	0	0	0	0	484	
4	0	0	0	0	486	
5	0	0	0	0	490	
6	0	0	0	0	492	
7	0	0	0	0	494	
8	0	0	0	0	495	
9	0	0	0	0	496	
10	0	0	0	0	497	
11	0	0	0	0	498	
12	0	0	0	0	499	
13	0	0	0	0	498	
14	0	0	0	0	499	
15	0	0	0	0	498	
0	0	0	0	0	496	
1	0	0	0	0	496	
2	0	0	0	0	494	
3	0	0	0	0	492	
4	0	0	0	0	491	
5	0	0	0	0	491	
6	0	0	0	0	491	
7	0	0	0	0	490	
8	0	0	0	0	489	
9	0	0	0	0	487	
10	0	0	0	0	484	
11	0	0	0	0	483	
12	0	0	0	0	481	
13	0	0	0	0	479	
14	0	0	0	0	477	
15	0	0	0	0	474	
0	0	0	0	0	471	
1	0	0	0	0	468	
2	0	0	0	0	465	
3	0	0	0	0	464	
4	0	0	0	0	463	
5	0	0	0	0	462	
6	0	0	0	0	462	
7	0	0	0	0	461	
8	0	0	0	0	459	
9	0	0	0	0	455	
10	0	0	0	0	453	
11	0	0	0	0	451	
12	0	0	0	0	449	
13	0	0	0	0	448	
14	0	0	0	0	449	
15	0	0	0	0	450	
0	0	0	0	0	455	
1	0	0	0	0	464	
2	0	0	0	0	479	
3	0	0	0	0	499	
4	0	0	0	0	527	
5	0	0	0	0	560	
6	0	0	0	0	600	
7	0	0	0	0	644	
8	0	0	0	0	690	
9	0	0	0	0	736	
10	0	0	0	0	783	
11	0	0	0	0	831	
12	0	0	0	0	874	
13	0	0	0	0	911	
14	0	0	0	0	936	
15	0	0	0	0	951	
0	0	0	0	0	952	
1	0	0	0	0	943	
2	0	0	0	0	925	
3	0	0	0	0	900	
4	0	0	0	0	870	
5	0	0	0	0	835	
6	0	0	0	0	800	
7	0	0	0	0	769	
8	0	0	0	0	742	
9	0	0	0	0	716	
10	0	0	0	0	690	
11	0	0	0	0	664	
12	0	0	0	0	639	
13	0	0	0	0	616	
14	0	0	0	0	595	
15	0	0	0	0	574	
0	0	0	0	0	558	
1	0	0	0	0	544	
2	0	0	0	0	534	
3	0	0	0	0	524	
4	0	0	0	0	517	
5	0	0	0	0	511	
6	0	0	0	0	507	
7	0	0	0	0	502	
8	0	0	0	0	498	
9	0	0	0	0	493	
10	0	0	0	0	487	
11	0	0	0	0	481	
12	0	0	0	0	476	
13	0	0	0	0	470	
14	0	0	0	0	466	
15	0	0	0	0	461	
0	0	0	0	0	457	
1	0	0	0	0	453	
2	0	0	0	0	451	
3	0	0	0	0	448	
4	0	0	0	0	447	
5	0	0	0	0	445	
6	0	0	0	0	444	
7	0	0	0	0	446	
8	0	0	0	0	446	
9	0	0	0	0	446	
10	0	0	0	0	447	
11	0	0	0	0	447	
12	0	0	0	0	446	
13	0	0	0	0	445	
14	0	0	0	0	443	
15	0	0	0	0	443	
0	0	0	0	0	443	
1	0	0	0	0	441	
2	0	0	0	0	440	
3	0	0	0	0	439	
4	0	0	0	0	439	
5	0	0	0	0	440	
6	0	0	0	0	441	
7	0	0	0	0	444	
8	0	0	0	0	446	
9	0	0	0	0	447	
10	0	0	0	0	447	
11	0	0	0	0	447	
12	0	0	0	0	445	
13	0	0	0	0	445	
14	0	0	0	0	444	
15	0	0	0	0	443	
0	0	0	0	0	442	
1	0	0	0	0	443	
2	0	0	0	0	443	
3	0	0	0	0	444	
4	0	0	0	0	446	
5	0	0	0	0	449	
6	0	0	0	0	451	
7	0	0	0	0	454	
8	0	0	0	0	455	
9	0	0	0	0	455	
10	0	0	0	0	455	
11	0	0	0	0	456	
12	0	0	0	0	457	
13	0	0	0	0	459	
14	0	0	0	0	461	
15	0	0	0	0	463	
0	0	0	0	0	464	
1	0	0	0	0	464	
2	0	0	0	0	464	
3	0	0	0	0	464	
4	0	0	0	0	464	
5	0	0	0	0	465	
6	0	0	0	0	466	
7	0	0	0	0	467	
8	0	0	0	0	467	
9	0	0	0	0	468	
10	0	0	0	0	469	
11	0	0	0	0	468	
12	0	0	0	0	468	
13	0	0	0	0	468	
14	0	0	0	0	467	
15	0	0	0	0	467	
0	0	0	0	0	465	
1	0	0	0	0	464	
2	0	0	0	0	463	
3	0	0	0	0	463	
4	0	0	0	0	464	
5	0	0	0	0	465	
6	0	0	0	0	465	
7	0	0	0	0	469	
8	0	0	0	0	473	
9	0	0	0	0	477	
10	0	0	0	0	482	
11	0	0	0	0	485	
12	0	0	0	0	487	
13	0	0	0	0	489	
14	0	0	0	0	490	
15	0	0	0	0	489	
0	0	0	0	0	489	
1	0	0	0	0	489	
2	0	0	0	0	488	
3	0	0	0	0	486	
4	0	0	0	0	485	
5	0	0	0	0	483	
6	0	0	0	0	481	
7	0	0	0	0	481	
8	0	0	0	0	480	
9	0	0	0	0	480	
10	0	0	0	0	480	
11	0	0	0	0	480	
12	0	0	0	0	480	
13	0	0	0	0	481	
14	0	0	0	0	484	
15	0	0	0	0	487	
0	0	0	0	0	490	
1	0	0	0	0	494	
2	0	0	0	0	496	
3	0	0	0	0	497	
4	0	0	0	0	497	
5	0	0	0	0	496	
6	0	0	0	0	496	
7	0	0	0	0	495	
8	0	0	0	0	492	
9	0	0	0	0	491	
10	0	0	0	0	489	
11	0	0	0	0	491	
12	0	0	0	0	493	
13	0	0	0	0	497	
14	0	0	0	0	503	
15	0	0	0	0	505	
0	0	0	0	0	508	
1	0	0	0	0	511	
2	0	0	0	0	512	
3	0	0	0	0	512	
4	0	0	0	0	512	
5	0	0	0	0	511	
6	0	0	0	0	511	
7	0	0	0	0	512	
8	0	0	0	0	512	
9	0	0	0	0	512	
10	0	0	0	0	512	
11	0	0	0	0	512	
12	0	0	0	0	512	
13	0	0	0	0	514	
14	0	0	0	0	513	
15	0	0	0	0	514	
0	0	0	0	0	514	
1	0	0	0	0	514	
2	0	0	0	0	513	
3	0	0	0	0	512	
4	0	0	0	0	512	
5	0	0	0	0	511	
6	0	0	0	0	512	
7	0	0	0	0	512	
8	0	0	0	0	512	
9	0	0	0	0	513	
10	0	0	0	0	514	
11	0	0	0	0	518	
12	0	0	0	0	522	
13	0	0	0	0	525	
14	0	0	0	0	528	
15	0	0	0	0	531	
0	0	0	0	0	531	
1	0	0	0	0	531	
2	0	0	0	0	529	
3	0	0	0	0	528	
4	0	0	0	0	527	
5	0	0	0	0	526	
6	0	0	0	0	526	
7	0	0	0	0	527	
8	0	0	0	0	528	
9	0	0	0	0	527	
10	0	0	0	0	527	
11	0	0	0	0	528	
12	0	0	0	0	529	
13	0	0	0	0	531	
14	0	0	0	0	533	
15	0	0	0	0	534	
0	0	0	0	0	533	
1	0	0	0	0	534	
2	0	0	0	0	535	
3	0	0	0	0	536	
4	0	0	0	0	537	
5	0	0	0	0	536	
6	0	0	0	0	535	
7	0	0	0	0	535	
8	0	0	0	0	535	
9	0	0	0	0	534	
10	0	0	0	0	534	
11	0	0	0	0	535	
12	0	0	0	0	534	
13	0	0	0	0	534	
14	0	0	0	0	535	
15	0	0	0	0	535	
0	0	0	0	0	535	
1	0	0	0	0	535	
2	0	0	0	0	535	
3	0	0	0	0	535	
4	0	0	0	0	536	
5	0	0	0	0	535	
6	0	0	0	0	534	
7	0	0	0	0	535	
8	0	0	0	0	535	
9	0	0	0	0	536	
10	0	0	0	0	537	
11	0	0	0	0	537	
12	0	0	0	0	537	
13	0	0	0	0	539	
14	0	0	0	0	541	
15	0	0	0	0	542	
0	0	0	0	0	542	
1	0	0	0	0	541	
2	0	0	0	0	540	
3	0	0	0	0	539	
4	0	0	0	0	539	
5	0	0	0	0	538	
6	0	0	0	0	536	
7	0	0	0	0	535	
8	0	0	0	0	534	
9	0	0	0	0	531	
10	0	0	0	0	528	
11	0	0	0	0	527	
12	0	0	0	0	527	
13	0	0	0	0	527	
14	0	0	0	0	526	
15	0	0	0	0	526	
0	0	0	0	0	525	
1	0	0	0	0	524	
2	0	0	0	0	524	
3	0	0	0	0	525	
4	0	0	0	0	527	
5	0	0	0	0	527	
6	0	0	0	0	526	
7	0	0	0	0	524	
8	0	0	0	0	522	
9	0	0	0	0	520	
10	0	0	0	0	516	
11	0	0	0	0	515	
12	0	0	0	0	513	
13	0	0	0	0	512	
14	0	0	0	0	508	
15	0	0	0	0	508	
0	0	0	0	0	508	
1	0	0	0	0	508	
2	0	0	0	0	507	
3	0	0	0	0	508	
4	0	0	0	0	508	
5	0	0	0	0	508	
6	0	0	0	0	507	
7	0	0	0	0	505	
8	0	0	0	0	503	
9	0	0	0	0	501	
10	0	0	0	0	499	
11	0	0	0	0	496	
12	0	0	0	0	492	
13	0	0	0	0	490	
14	0	0	0	0	490	
15	0	0	0	0	490	
0	0	0	0	0	490	
1	0	0	0	0	489	
2	0	0	0	0	488	
3	0	0	0	0	488	
4	0	0	0	0	487	
5	0	0	0	0	487	
6	0	0	0	0	487	
7	0	0	0	0	487	
8	0	0	0	0	485	
9	0	0	0	0	482	
10	0	0	0	0	479	
11	0	0	0	0	477	
12	0	0	0	0	476	
13	0	0	0	0	475	
14	0	0	0	0	475	
15	0	0	0	0	476	
0	0	0	0	0	478	
1	0	0	0	0	480	
2	0	0	0	0	480	
3	0	0	0	0	481	
4	0	0	0	0	482	
5	0	0	0	0	483	
6	0	0	0	0	483	
7	0	0	0	0	483	
8	0	0	0	0	482	
9	0	0	0	0	481	
10	0	0	0	0	480	
11	0	0	0	0	479	
12	0	0	0	0	478	
13	0	0	0	0	476	
14	0	0	0	0	473	
15	0	0	0	0	472	
0	0	0	0	0	472	
1	0	0	0	0	470	
2	0	0	0	0	469	
3	0	0	0	0	467	
4	0	0	0	0	467	
5	0	0	0	0	467	
6	0	0	0	0	468	
7	0	0	0	0	468	
8	0	0	0	0	467	
9	0	0	0	0	467	
10	0	0	0	0	467	
11	0	0	0	0	471	
12	0	0	0	0	474	
13	0	0	0	0	476	
14	0	0	0	0	476	
15	0	0	0	0	478	
0	0	0	0	0	480	
1	0	0	0	0	482	
2	0	0	0	0	484	
3	0	0	0	0	485	
4	0	0	0	0	487	
5	0	0	0	0	489	
6	0	0	0	0	492	
7	0	0	0	0	493	
8	0	0	0	0	493	
9	0	0	0	0	494	
10	0	0	0	0	493	
11	0	0	0	0	490	
12	0	0	0	0	488	
13	0	0	0	0	487	
14	0	0	0	0	487	
15	0	0	0	0	486	
0	0	0	0	0	485	
1	0	0	0	0	486	
2	0	0	0	0	487	
3	0	0	0	0	488	
4	0	0	0	0	489	
5	0	0	0	0	490	
6	0	0	0	0	492	
7	0	0	0	0	494	
8	0	0	0	0	495	
9	0	0	0	0	496	
10	0	0	0	0	496	
11	0	0	0	0	498	
12	0	0	0	0	499	
13	0	0	0	0	499	
14	0	0	0	0	499	
15	0	0	0	0	498	
0	0	0	0	0	497	
1	0	0	0	0	496	
2	0	0	0	0	494	
3	0	0	0	0	494	
4	0	0	0	0	494	
5	0	0	0	0	495	
6	0	0	0	0	496	
7	0	0	0	0	495	
8	0	0	0	0	494	
9	0	0	0	0	495	
10	0	0	0	0	496	
11	0	0	0	0	498	
12	0	0	0	0	499	
13	0	0	0	0	499	
14	0	0	0	0	499	
15	0	0	0	0	499	
0	0	0	0	0	501	
1	0	0	0	0	501	
2	0	0	0	0	501	
3	0	0	0	0	501	
4	0	0	0	0	502	
5	0	0	0	0	501	
6	0	0	0	0	501	
7	0	0	0	0	501	
8	0	0	0	0	499	
9	0	0	0	0	497	
10	0	0	0	0	496	
11	0	0	0	0	496	
12	0	0	0	0	493	
13	0	0	0	0	492	
14	0	0	0	0	491	
15	0	0	0	0	489	
0	0	0	0	0	489	
1	0	0	0	0	491	
2	0	0	0	0	493	
3	0	0	0	0	495	
4	0	0	0	0	499	
5	0	0	0	0	504	
6	0	0	0	0	509	
7	0	0	0	0	512	
8	0	0	0	0	513	
9	0	0	0	0	514	
10	0	0	0	0	515	
11	0	0	0	0	515	
12	0	0	0	0	514	
13	0	0	0	0	513	
14	0	0	0	0	512	
15	0	0	0	0	511	
0	0	0	0	0	510	
1	0	0	0	0	508	
2	0	0	0	0	506	
3	0	0	0	0	506	
4	0	0	0	0	506	
5	0	0	0	0	507	
6	0	0	0	0	506	
7	0	0	0	0	505	
8	0	0	0	0	505	
9	0	0	0	0	506	
10	0	0	0	0	508	
11	0	0	0	0	510	
12	0	0	0	0	511	
13	0	0	0	0	511	
14	0	0	0	0	510	
15	0	0	0	0	510	
0	0	0	0	0	511	
1	0	0	0	0	511	
2	0	0	0	0	511	
3	0	0	0	0	508	
4	0	0	0	0	506	
5	0	0	0	0	506	
6	0	0	0	0	504	
7	0	0	0	0	502	
8	0	0	0	0	499	
9	0	0	0	0	498	
10	0	0	0	0	498	
11	0	0	0	0	498	
12	0	0	0	0	497	
13	0	0	0	0	498	
14	0	0	0	0	501	
15	0	0	0	0	505	
0	0	0	0	0	507	
1	0	0	0	0	508	
2	0	0	0	0	509	
3	0	0	0	0	508	
4	0	0	0	0	509	
5	0	0	0	0	510	
6	0	0	0	0	510	
7	0	0	0	0	512	
8	0	0	0	0	512	
9	0	0	0	0	513	
10	0	0	0	0	514	
11	0	0	0	0	514	
12	0	0	0	0	515	
13	0	0	0	0	515	
14	0	0	0	0	514	
15	0	0	0	0	514	
0	0	0	0	0	513	
1	0	0	0	0	512	
2	0	0	0	0	510	
3	0	0	0	0	508	
4	0	0	0	0	505	
5	0	0	0	0	505	
6	0	0	0	0	505	
7	0	0	0	0	506	
8	0	0	0	0	506	
9	0	0	0	0	504	
10	0	0	0	0	505	
11	0	0	0	0	507	
12	0	0	0	0	506	
13	0	0	0	0	505	
14	0	0	0	0	504	
15	0	0	0	0	501	
0	0	0	0	0	499	
1	0	0	0	0	499	
2	0	0	0	0	497	
3	0	0	0	0	496	
4	0	0	0	0	497	
5	0	0	0	0	499	
6	0	0	0	0	503	
7	0	0	0	0	505	
8	0	0	0	0	507	
9	0	0	0	0	508	
10	0	0	0	0	509	
11	0	0	0	0	510	
12	0	0	0	0	510	
13	0	0	0	0	509	
14	0	0	0	0	508	
15	0	0	0	0	508	
0	0	0	0	0	510	
1	0	0	0	0	511	
2	0	0	0	0	512	
3	0	0	0	0	512	
4	0	0	0	0	511	
5	0	0	0	0	510	
6	0	0	0	0	508	
7	0	0	0	0	510	
8	0	0	0	0	513	
9	0	0	0	0	515	
10	0	0	0	0	516	
11	0	0	0	0	518	
12	0	0	0	0	520	
13	0	0	0	0	522	
14	0	0	0	0	524	
15	0	0	0	0	525	
0	0	0	0	0	524	
1	0	0	0	0	522	
2	0	0	0	0	520	
3	0	0	0	0	519	
4	0	0	0	0	517	
5	0	0	0	0	517	
6	0	0	0	0	518	
7	0	0	0	0	519	
8	0	0	0	0	522	
9	0	0	0	0	525	
10	0	0	0	0	527	
11	0	0	0	0	530	
12	0	0	0	0	531	
13	0	0	0	0	535	
14	0	0	0	0	538	
15	0	0	0	0	541	
0	0	0	0	0	543	
1	0	0	0	0	544	
2	0	0	0	0	544	
3	0	0	0	0	543	
4	0	0	0	0	542	
5	0	0	0	0	542	
6	0	0	0	0	542	
7	0	0	0	0	542	
8	0	0	0	0	542	
9	0	0	0	0	542	
10	0	0	0	0	542	
11	0	0	0	0	541	
12	0	0	0	0	538	
13	0	0	0	0	534	
14	0	0	0	0	530	
15	0	0	0	0	527	
0	0	0	0	0	526	
1	0	0	0	0	523	
2	0	0	0	0	521	
3	0	0	0	0	518	
4	0	0	0	0	515	
5	0	0	0	0	513	
6	0	0	0	0	511	
7	0	0	0	0	510	
8	0	0	0	0	510	
9	0	0	0	0	510	
10	0	0	0	0	511	
11	0	0	0	0	512	
12	0	0	0	0	512	
13	0	0	0	0	513	
14	0	0	0	0	514	
15	0	0	0	0	515	
0	0	0	0	0	514	
1	0	0	0	0	515	
2	0	0	0	0	515	
3	0	0	0	0	513	
4	0	0	0	0	511	
5	0	0	0	0	509	
6	0	0	0	0	508	
7	0	0	0	0	507	
8	0	0	0	0	504	
9	0	0	0	0	501	
10	0	0	0	0	501	
11	0	0	0	0	500	
12	0	0	0	0	500	
13	0	0	0	0	500	
14	0	0	0	0	500	
15	0	0	0	0	499	
0	0	0	0	0	500	
1	0	0	0	0	498	
2	0	0	0	0	496	
3	0	0	0	0	495	
4	0	0	0	0	495	
5	0	0	0	0	494	
6	0	0	0	0	493	
7	0	0	0	0	493	
8	0	0	0	0	494	
9	0	0	0	0	495	
10	0	0	0	0	495	
11	0	0	0	0	496	
12	0	0	0	0	497	
13	0	0	0	0	498	
14	0	0	0	0	496	
15	0	0	0	0	493	
0	0	0	0	0	490	
1	0	0	0	0	487	
2	0	0	0	0	485	
3	0	0	0	0	485	
4	0	0	0	0	487	
5	0	0	0	0	487	
6	0	0	0	0	487	
7	0	0	0	0	488	
8	0	0	0	0	490	
9	0	0	0	0	492	
10	0	0	0	0	494	
11	0	0	0	0	496	
12	0	0	0	0	497	
13	0	0	0	0	498	
14	0	0	0	0	499	
15	0	0	0	0	499	
0	0	0	0	0	498	
1	0	0	0	0	497	
2	0	0	0	0	496	
3	0	0	0	0	494	
4	0	0	0	0	492	
5	0	0	0	0	490	
6	0	0	0	0	487	
7	0	0	0	0	485	
8	0	0	0	0	484	
9	0	0	0	0	486	
10	0	0	0	0	487	
11	0	0	0	0	487	
12	0	0	0	0	487	
13	0	0	0	0	488	
14	0	0	0	0	488	
15	0	0	0	0	486	
0	0	0	0	0	486	
1	0	0	0	0	483	
2	0	0	0	0	482	
3	0	0	0	0	481	
4	0	0	0	0	478	
5	0	0	0	0	475	
6	0	0	0	0	472	
7	0	0	0	0	467	
8	0	0	0	0	464	
9	0	0	0	0	462	
10	0	0	0	0	460	
11	0	0	0	0	456	
12	0	0	0	0	453	
13	0	0	0	0	451	
14	0	0	0	0	451	
15	0	0	0	0	450	
0	0	0	0	0	450	
1	0	0	0	0	451	
2	0	0	0	0	454	
3	0	0	0	0	460	
4	0	0	0	0	469	
5	0	0	0	0	483	
6	0	0	0	0	502	
7	0	0	0	0	525	
8	0	0	0	0	556	
9	0	0	0	0	591	
10	0	0	0	0	630	
11	0	0	0	0	672	
12	0	0	0	0	716	
13	0	0	0	0	760	
14	0	0	0	0	808	
15	0	0	0	0	855	
0	0	0	0	0	896	
1	0	0	0	0	926	
2	0	0	0	0	946	
3	0	0	0	0	952	
4	0	0	0	0	947	
5	0	0	0	0	931	
6	0	0	0	0	908	
7	0	0	0	0	880	
8	0	0	0	0	848	
9	0	0	0	0	814	
10	0	0	0	0	779	
11	0	0	0	0	750	
12	0	0	0	0	725	
13	0	0	0	0	700	
14	0	0	0	0	675	
15	0	0	0	0	650	
0	0	0	0	0	628	
1	0	0	0	0	607	
2	0	0	0	0	588	
3	0	0	0	0	571	
4	0	0	0	0	557	
5	0	0	0	0	545	
6	0	0	0	0	534	
7	0	0	0	0	524	
8	0	0	0	0	517	
9	0	0	0	0	510	
10	0	0	0	0	502	
11	0	0	0	0	495	
12	0	0	0	0	489	
13	0	0	0	0	484	
14	0	0	0	0	478	
15	0	0	0	0	472	
0	0	0	0	0	468	
1	0	0	0	0	463	
2	0	0	0	0	459	
3	0	0	0	0	455	
4	0	0	0	0	453	
5	0	0	0	0	450	
6	0	0	0	0	447	
7	0	0	0	0	444	
8	0	0	0	0	443	
9	0	0	0	0	441	
10	0	0	0	0	440	
11	0	0	0	0	440	
12	0	0	0	0	441	
13	0	0	0	0	443	
14	0	0	0	0	443	
15	0	0	0	0	443	
0	0	0	0	0	444	
1	0	0	0	0	445	
2	0	0	0	0	444	
3	0	0	0	0	444	
4	0	0	0	0	444	
5	0	0	0	0	446	
6	0	0	0	0	446	
7	0	0	0	0	446	
8	0	0	0	0	447	
9	0	0	0	0	447	
10	0	0	0	0	446	
11	0	0	0	0	444	
12	0	0	0	0	442	
13	0	0	0	0	442	
14	0	0	0	0	440	
15	0	0	0	0	439	
0	0	0	0	0	439	
1	0	0	0	0	440	
2	0	0	0	0	442	
3	0	0	0	0	443	
4	0	0	0	0	446	
5	0	0	0	0	448	
6	0	0	0	0	451	
7	0	0	0	0	455	
8	0	0	0	0	455	
9	0	0	0	0	456	
10	0	0	0	0	457	
11	0	0	0	0	457	
12	0	0	0	0	456	
13	0	0	0	0	456	
14	0	0	0	0	456	
15	0	0	0	0	457	
0	0	0	0	0	459	
1	0	0	0	0	460	
2	0	0	0	0	462	
3	0	0	0	0	464	
4	0	0	0	0	466	
5	0	0	0	0	468	
6	0	0	0	0	470	
7	0	0	0	0	471	
8	0	0	0	0	471	
9	0	0	0	0	471	
10	0	0	0	0	470	
11	0	0	0	0	470	
12	0	0	0	0	470	
13	0	0	0	0	472	
14	0	0	0	0	472	
15	0	0	0	0	471	
0	0	0	0	0	470	
1	0	0	0	0	470	
2	0	0	0	0	472	
3	0	0	0	0	473	
4	0	0	0	0	475	
5	0	0	0	0	475	
6	0	0	0	0	476	
7	0	0	0	0	478	
8	0	0	0	0	478	
9	0	0	0	0	478	
10	0	0	0	0	478	
11	0	0	0	0	479	
12	0	0	0	0	479	
13	0	0	0	0	478	
14	0	0	0	0	478	
15	0	0	0	0	479	
0	0	0	0	0	480	
1	0	0	0	0	481	
2	0	0	0	0	483	
3	0	0	0	0	483	
4	0	0	0	0	486	
5	0	0	0	0	488	
6	0	0	0	0	490	
7	0	0	0	0	491	
8	0	0	0	0	492	
9	0	0	0	0	493	
10	0	0	0	0	492	
11	0	0	0	0	490	
12	0	0	0	0	489	
13	0	0	0	0	490	
14	0	0	0	0	491	
15	0	0	0	0	491	
0	0	0	0	0	491	
1	0	0	0	0	492	
2	0	0	0	0	492	
3	0	0	0	0	494	
4	0	0	0	0	493	
5	0	0	0	0	492	
6	0	0	0	0	492	
7	0	0	0	0	492	
8	0	0	0	0	492	
9	0	0	0	0	492	
10	0	0	0	0	493	
11	0	0	0	0	494	
12	0	0	0	0	497	
13	0	0	0	0	499	
14	0	0	0	0	501	
15	0	0	0	0	501	
0	0	0	0	0	500	
1	0	0	0	0	500	
2	0	0	0	0	499	
3	0	0	0	0	499	
4	0	0	0	0	499	
5	0	0	0	0	500	
6	0	0	0	0	500	
7	0	0	0	0	502	
8	0	0	0	0	502	
9	0	0	0	0	503	
10	0	0	0	0	505	
11	0	0	0	0	508	
12	0	0	0	0	510	
13	0	0	0	0	512	
14	0	0	0	0	515	
15	0	0	0	0	517	
0	0	0	0	0	519	
1	0	0	0	0	520	
2	0	0	0	0	520	
3	0	0	0	0	521	
4	0	0	0	0	523	
5	0	0	0	0	526	
6	0	0	0	0	527	
7	0	0	0	0	529	
8	0	0	0	0	530	
9	0	0	0	0	531	
10	0	0	0	0	531	
11	0	0	0	0	532	
12	0	0	0	0	532	
13	0	0	0	0	530	
14	0	0	0	0	528	
15	0	0	0	0	527	
0	0	0	0	0	527	
1	0	0	0	0	526	
2	0	0	0	0	525	
3	0	0	0	0	526	
4	0	0	0	0	527	
5	0	0	0	0	528	
6	0	0	0	0	530	
7	0	0	0	0	532	
8	0	0	0	0	532	
9	0	0	0	0	535	
10	0	0	0	0	536	
11	0	0	0	0	536	
12	0	0	0	0	536	
13	0	0	0	0	533	
14	0	0	0	0	531	
15	0	0	0	0	529	
0	0	0	0	0	528	
1	0	0	0	0	527	
2	0	0	0	0	527	
3	0	0	0	0	527	
4	0	0	0	0	527	
5	0	0	0	0	528	
6	0	0	0	0	529	
7	0	0	0	0	532	
8	0	0	0	0	536	
9	0	0	0	0	538	
10	0	0	0	0	540	
11	0	0	0	0	540	
12	0	0	0	0	541	
13	0	0	0	0	540	
14	0	0	0	0	542	
15	0	0	0	0	542	
0	0	0	0	0	541	
1	0	0	0	0	541	
2	0	0	0	0	540	
3	0	0	0	0	538	
4	0	0	0	0	537	
5	0	0	0	0	537	
6	0	0	0	0	537	
7	0	0	0	0	537	
8	0	0	0	0	539	
9	0	0	0	0	541	
10	0	0	0	0	542	
11	0	0	0	0	542	
12	0	0	0	0	542	
13	0	0	0	0	542	
14	0	0	0	0	540	
15	0	0	0	0	539	
0	0	0	0	0	536	
1	0	0	0	0	535	
2	0	0	0	0	536	
3	0	0	0	0	536	
4	0	0	0	0	537	
5	0	0	0	0	540	
6	0	0	0	0	543	
7	0	0	0	0	545	
8	0	0	0	0	546	
9	0	0	0	0	547	
10	0	0	0	0	547	
11	0	0	0	0	547	
12	0	0	0	0	546	
13	0	0	0	0	545	
14	0	0	0	0	545	
15	0	0	0	0	543	
0	0	0	0	0	542	
1	0	0	0	0	541	
2	0	0	0	0	541	
3	0	0	0	0	539	
4	0	0	0	0	534	
5	0	0	0	0	526	
6	0	0	0	0	522	
7	0	0	0	0	519	
8	0	0	0	0	516	
9	0	0	0	0	516	
10	0	0	0	0	516	
11	0	0	0	0	516	
12	0	0	0	0	516	
13	0	0	0	0	515	
14	0	0	0	0	515	
15	0	0	0	0	515	
0	0	0	0	0	515	
1	0	0	0	0	515	
2	0	0	0	0	515	
3	0	0	0	0	515	
4	0	0	0	0	513	
5	0	0	0	0	511	
6	0	0	0	0	510	
7	0	0	0	0	508	
8	0	0	0	0	505	
9	0	0	0	0	503	
10	0	0	0	0	502	
11	0	0	0	0	500	
12	0	0	0	0	497	
13	0	0	0	0	494	
14	0	0	0	0	493	
15	0	0	0	0	492	
0	0	0	0	0	491	
1	0	0	0	0	489	
2	0	0	0	0	487	
3	0	0	0	0	487	
4	0	0	0	0	486	
5	0	0	0	0	486	
6	0	0	0	0	486	
7	0	0	0	0	484	
8	0	0	0	0	484	
9	0	0	0	0	486	
10	0	0	0	0	485	
11	0	0	0	0	485	
12	0	0	0	0	484	
13	0	0	0	0	483	
14	0	0	0	0	483	
15	0	0	0	0	481	
0	0	0	0	0	481	
1	0	0	0	0	480	
2	0	0	0	0	479	
3	0	0	0	0	477	
4	0	0	0	0	476	
5	0	0	0	0	476	
6	0	0	0	0	476	
7	0	0	0	0	475	
8	0	0	0	0	475	
9	0	0	0	0	474	
10	0	0	0	0	474	
11	0	0	0	0	476	
12	0	0	0	0	478	
13	0	0	0	0	480	
14	0	0	0	0	481	
15	0	0	0	0	482	
0	0	0	0	0	483	
1	0	0	0	0	486	
2	0	0	0	0	487	
3	0	0	0	0	486	
4	0	0	0	0	483	
5	0	0	0	0	482	
6	0	0	0	0	481	
7	0	0	0	0	480	
8	0	0	0	0	480	
9	0	0	0	0	480	
10	0	0	0	0	481	
11	0	0	0	0	481	
12	0	0	0	0	481	
13	0	0	0	0	482	
14	0	0	0	0	482	
15	0	0	0	0	481	
0	0	0	0	0	481	
1	0	0	0	0	481	
2	0	0	0	0	480	
3	0	0	0	0	480	
4	0	0	0	0	480	
5	0	0	0	0	480	
6	0	0	0	0	478	
7	0	0	0	0	476	
8	0	0	0	0	476	
9	0	0	0	0	478	
10	0	0	0	0	479	
11	0	0	0	0	480	
12	0	0	0	0	480	
13	0	0	0	0	480	
14	0	0	0	0	478	
15	0	0	0	0	479	
0	0	0	0	0	480	
1	0	0	0	0	482	
2	0	0	0	0	483	
3	0	0	0	0	485	
4	0	0	0	0	485	
5	0	0	0	0	488	
6	0	0	0	0	492	
7	0	0	0	0	493	
8	0	0	0	0	491	
9	0	0	0	0	488	
10	0	0	0	0	489	
11	0	0	0	0	492	
12	0	0	0	0	493	
13	0	0	0	0	494	
14	0	0	0	0	496	
15	0	0	0	0	497	
0	0	0	0	0	498	
1	0	0	0	0	499	
2	0	0	0	0	499	
3	0	0	0	0	500	
4	0	0	0	0	501	
5	0	0	0	0	502	
6	0	0	0	0	502	
7	0	0	0	0	503	
8	0	0	0	0	504	
9	0	0	0	0	504	
10	0	0	0	0	505	
11	0	0	0	0	505	
12	0	0	0	0	505	
13	0	0	0	0	504	
14	0	0	0	0	503	
15	0	0	0	0	502	
0	0	0	0	0	502	
1	0	0	0	0	500	
2	0	0	0	0	500	
3	0	0	0	0	500	
4	0	0	0	0	499	
5	0	0	0	0	499	
6	0	0	0	0	500	
7	0	0	0	0	500	
8	0	0	0	0	501	
9	0	0	0	0	502	
10	0	0	0	0	500	
11	0	0	0	0	499	
12	0	0	0	0	500	
13	0	0	0	0	501	
14	0	0	0	0	500	
15	0	0	0	0	500	
0	0	0	0	0	500	
1	0	0	0	0	501	
2	0	0	0	0	500	
3	0	0	0	0	500	
4	0	0	0	0	500	
5	0	0	0	0	500	
6	0	0	0	0	498	
7	0	0	0	0	497	
8	0	0	0	0	499	
9	0	0	0	0	502	
10	0	0	0	0	504	
11	0	0	0	0	504	
12	0	0	0	0	504	
13	0	0	0	0	504	
14	0	0	0	0	501	
15	0	0	0	0	499	
0	0	0	0	0	497	
1	0	0	0	0	495	
2	0	0	0	0	496	
3	0	0	0	0	495	
4	0	0	0	0	494	
5	0	0	0	0	495	
6	0	0	0	0	499	
7	0	0	0	0	503	
8	0	0	0	0	505	
9	0	0	0	0	508	
10	0	0	0	0	510	
11	0	0	0	0	510	
12	0	0	0	0	510	
13	0	0	0	0	511	
14	0	0	0	0	512	
15	0	0	0	0	513	
0	0	0	0	0	515	
1	0	0	0	0	515	
2	0	0	0	0	515	
3	0	0	0	0	515	
4	0	0	0	0	517	
5	0	0	0	0	517	
6	0	0	0	0	517	
7	0	0	0	0	518	
8	0	0	0	0	519	
9	0	0	0	0	519	
10	0	0	0	0	516	
11	0	0	0	0	514	
12	0	0	0	0	512	
13	0	0	0	0	510	
14	0	0	0	0	509	
15	0	0	0	0	508	
0	0	0	0	0	508	
1	0	0	0	0	508	
2	0	0	0	0	508	
3	0	0	0	0	508	
4	0	0	0	0	510	
5	0	0	0	0	511	
6	0	0	0	0	512	
7	0	0	0	0	513	
8	0	0	0	0	513	
9	0	0	0	0	513	
10	0	0	0	0	513	
11	0	0	0	0	513	
12	0	0	0	0	512	
13	0	0	0	0	513	
14	0	0	0	0	512	
15	0	0	0	0	512	
0	0	0	0	0	512	
1	0	0	0	0	513	
2	0	0	0	0	511	
3	0	0	0	0	511	
4	0	0	0	0	510	
5	0	0	0	0	509	
6	0	0	0	0	508	
7	0	0	0	0	507	
8	0	0	0	0	505	
9	0	0	0	0	504	
10	0	0	0	0	501	
11	0	0	0	0	498	
12	0	0	0	0	497	
13	0	0	0	0	498	
14	0	0	0	0	499	
15	0	0	0	0	499	
0	0	0	0	0	500	
1	0	0	0	0	504	
2	0	0	0	0	510	
3	0	0	0	0	512	
4	0	0	0	0	514	
5	0	0	0	0	517	
6	0	0	0	0	518	
7	0	0	0	0	519	
8	0	0	0	0	520	
9	0	0	0	0	521	
10	0	0	0	0	521	
11	0	0	0	0	522	
12	0	0	0	0	523	
13	0	0	0	0	522	
14	0	0	0	0	523	
15	0	0	0	0	522	
0	0	0	0	0	524	
1	0	0	0	0	524	
2	0	0	0	0	524	
3	0	0	0	0	524	
4	0	0	0	0	525	
5	0	0	0	0	526	
6	0	0	0	0	525	
7	0	0	0	0	523	
8	0	0	0	0	521	
9	0	0	0	0	519	
10	0	0	0	0	515	
11	0	0	0	0	514	
12	0	0	0	0	515	
13	0	0	0	0	517	
14	0	0	0	0	519	
15	0	0	0	0	523	
0	0	0	0	0	527	
1	0	0	0	0	533	
2	0	0	0	0	537	
3	0	0	0	0	543	
4	0	0	0	0	549	
5	0	0	0	0	554	
6	0	0	0	0	558	
7	0	0	0	0	560	
8	0	0	0	0	560	
9	0	0	0	0	560	
10	0	0	0	0	559	
11	0	0	0	0	558	
12	0	0	0	0	556	
13	0	0	0	0	552	
14	0	0	0	0	547	
15	0	0	0	0	542	
0	0	0	0	0	537	
1	0	0	0	0	531	
2	0	0	0	0	524	
3	0	0	0	0	516	
4	0	0	0	0	509	
5	0	0	0	0	502	
6	0	0	0	0	496	
7	0	0	0	0	494	
8	0	0	0	0	494	
9	0	0	0	0	498	
10	0	0	0	0	503	
11	0	0	0	0	507	
12	0	0	0	0	512	
13	0	0	0	0	516	
14	0	0	0	0	521	
15	0	0	0	0	527	
0	0	0	0	0	529	
1	0	0	0	0	528	
2	0	0	0	0	528	
3	0	0	0	0	529	
4	0	0	0	0	528	
5	0	0	0	0	528	
6	0	0	0	0	526	
7	0	0	0	0	524	
8	0	0	0	0	524	
9	0	0	0	0	521	
10	0	0	0	0	516	
11	0	0	0	0	513	
12	0	0	0	0	510	
13	0	0	0	0	507	
14	0	0	0	0	505	
15	0	0	0	0	504	
0	0	0	0	0	505	
1	0	0	0	0	506	
2	0	0	0	0	508	
3	0	0	0	0	507	
4	0	0	0	0	507	
5	0	0	0	0	506	
6	0	0	0	0	506	
7	0	0	0	0	506	
8	0	0	0	0	507	
9	0	0	0	0	508	
10	0	0	0	0	507	
11	0	0	0	0	505	
12	0	0	0	0	505	
13	0	0	0	0	504	
14	0	0	0	0	503	
15	0	0	0	0	500	
0	0	0	0	0	497	
1	0	0	0	0	494	
2	0	0	0	0	492	
3	0	0	0	0	490	
4	0	0	0	0	489	
5	0	0	0	0	489	
6	0	0	0	0	490	
7	0	0	0	0	492	
8	0	0	0	0	495	
9	0	0	0	0	496	
10	0	0	0	0	495	
11	0	0	0	0	496	
12	0	0	0	0	497	
13	0	0	0	0	498	
14	0	0	0	0	497	
15	0	0	0	0	498	
0	0	0	0	0	499	
1	0	0	0	0	500	
2	0	0	0	0	500	
3	0	0	0	0	500	
4	0	0	0	0	498	
5	0	0	0	0	496	
6	0	0	0	0	495	
7	0	0	0	0	494	
8	0	0	0	0	495	
9	0	0	0	0	495	
10	0	0	0	0	494	
11	0	0	0	0	491	
12	0	0	0	0	489	
13	0	0	0	0	487	
14	0	0	0	0	484	
15	0	0	0	0	483	
0	0	0	0	0	483	
1	0	0	0	0	485	
2	0	0	0	0	487	
3	0	0	0	0	485	
4	0	0	0	0	482	
5	0	0	0	0	478	
6	0	0	0	0	476	
7	0	0	0	0	474	
8	0	0	0	0	473	
9	0	0	0	0	471	
10	0	0	0	0	465	
11	0	0	0	0	458	
12	0	0	0	0	455	
13	0	0	0	0	453	
14	0	0	0	0	450	
15	0	0	0	0	447	
0	0	0	0	0	446	
1	0	0	0	0	448	
2	0	0	0	0	451	
3	0	0	0	0	458	
4	0	0	0	0	470	
5	0	0	0	0	488	
6	0	0	0	0	511	
7	0	0	0	0	540	
8	0	0	0	0	574	
9	0	0	0	0	612	
10	0	0	0	0	656	
11	0	0	0	0	701	
12	0	0	0	0	746	
13	0	0	0	0	792	
14	0	0	0	0	835	
15	0	0	0	0	876	
0	0	0	0	0	910	
1	0	0	0	0	934	
2	0	0	0	0	945	
3	0	0	0	0	945	
4	0	0	0	0	936	
5	0	0	0	0	917	
6	0	0	0	0	892	
7	0	0	0	0	864	
8	0	0	0	0	832	
9	0	0	0	0	801	
10	0	0	0	0	773	
11	0	0	0	0	748	
12	0	0	0	0	721	
13	0	0	0	0	695	
14	0	0	0	0	668	
15	0	0	0	0	643	
0	0	0	0	0	622	
1	0	0	0	0	601	
2	0	0	0	0	583	
3	0	0	0	0	566	
4	0	0	0	0	551	
5	0	0	0	0	538	
6	0	0	0	0	529	
7	0	0	0	0	521	
8	0	0	0	0	515	
9	0	0	0	0	511	
10	0	0	0	0	508	
11	0	0	0	0	505	
12	0	0	0	0	503	
13	0	0	0	0	497	
14	0	0	0	0	489	
15	0	0	0	0	483	
0	0	0	0	0	478	
1	0	0	0	0	473	
2	0	0	0	0	467	
3	0	0	0	0	463	
4	0	0	0	0	458	
5	0	0	0	0	455	
6	0	0	0	0	454	
7	0	0	0	0	453	
8	0	0	0	0	452	
9	0	0	0	0	451	
10	0	0	0	0	451	
11	0	0	0	0	450	
12	0	0	0	0	450	
13	0	0	0	0	448	
14	0	0	0	0	447	
15	0	0	0	0	447	
0	0	0	0	0	447	
1	0	0	0	0	445	
2	0	0	0	0	444	
3	0	0	0	0	444	
4	0	0	0	0	445	
5	0	0	0	0	445	
6	0	0	0	0	445	
7	0	0	0	0	444	
8	0	0	0	0	444	
9	0	0	0	0	442	
10	0	0	0	0	441	
11	0	0	0	0	440	
12	0	0	0	0	437	
13	0	0	0	0	434	
14	0	0	0	0	432	
15	0	0	0	0	432	
0	0	0	0	0	434	
1	0	0	0	0	435	
2	0	0	0	0	434	
3	0	0	0	0	434	
4	0	0	0	0	435	
5	0	0	0	0	438	
6	0	0	0	0	443	
7	0	0	0	0	449	
8	0	0	0	0	452	
9	0	0	0	0	453	
10	0	0	0	0	455	
11	0	0	0	0	457	
12	0	0	0	0	459	
13	0	0	0	0	462	
14	0	0	0	0	464	
15	0	0	0	0	467	
0	0	0	0	0	468	
1	0	0	0	0	469	
2	0	0	0	0	468	
3	0	0	0	0	465	
4	0	0	0	0	462	
5	0	0	0	0	459	
6	0	0	0	0	457	
7	0	0	0	0	455	
8	0	0	0	0	456	
9	0	0	0	0	458	
10	0	0	0	0	460	
11	0	0	0	0	463	
12	0	0	0	0	466	
13	0	0	0	0	470	
14	0	0	0	0	474	
15	0	0	0	0	477	
0	0	0	0	0	479	
1	0	0	0	0	481	
2	0	0	0	0	481	
3	0	0	0	0	480	
4	0	0	0	0	477	
5	0	0	0	0	477	
6	0	0	0	0	478	
7	0	0	0	0	480	
8	0	0	0	0	483	
9	0	0	0	0	484	
10	0	0	0	0	485	
11	0	0	0	0	486	
12	0	0	0	0	487	
13	0	0	0	0	489	
14	0	0	0	0	492	
15	0	0	0	0	493	
0	0	0	0	0	494	
1	0	0	0	0	495	
2	0	0	0	0	496	
3	0	0	0	0	497	
4	0	0	0	0	496	
5	0	0	0	0	496	
6	0	0	0	0	496	
7	0	0	0	0	495	
8	0	0	0	0	494	
9	0	0	0	0	493	
10	0	0	0	0	493	
11	0	0	0	0	493	
12	0	0	0	0	494	
13	0	0	0	0	494	
14	0	0	0	0	492	
15	0	0	0	0	492	
0	0	0	0	0	492	
1	0	0	0	0	490	
2	0	0	0	0	488	
3	0	0	0	0	486	
4	0	0	0	0	481	
5	0	0	0	0	479	
6	0	0	0	0	480	
7	0	0	0	0	481	
8	0	0	0	0	483	
9	0	0	0	0	488	
10	0	0	0	0	495	
11	0	0	0	0	501	
12	0	0	0	0	506	
13	0	0	0	0	511	
14	0	0	0	0	516	
15	0	0	0	0	521	
0	0	0	0	0	525	
1	0	0	0	0	526	
2	0	0	0	0	526	
3	0	0	0	0	527	
4	0	0	0	0	527	
5	0	0	0	0	527	
6	0	0	0	0	529	
7	0	0	0	0	531	
8	0	0	0	0	532	
9	0	0	0	0	531	
10	0	0	0	0	528	
11	0	0	0	0	526	
12	0	0	0	0	523	
13	0	0	0	0	523	
14	0	0	0	0	523	
15	0	0	0	0	523	
0	0	0	0	0	522	
1	0	0	0	0	519	
2	0	0	0	0	518	
3	0	0	0	0	515	
4	0	0	0	0	516	
5	0	0	0	0	516	
6	0	0	0	0	515	
7	0	0	0	0	514	
8	0	0	0	0	513	
9	0	0	0	0	511	
10	0	0	0	0	508	
11	0	0	0	0	507	
12	0	0	0	0	505	
13	0	0	0	0	508	
14	0	0	0	0	511	
15	0	0	0	0	514	
0	0	0	0	0	515	
1	0	0	0	0	518	
2	0	0	0	0	519	
3	0	0	0	0	519	
4	0	0	0	0	519	
5	0	0	0	0	519	
6	0	0	0	0	519	
7	0	0	0	0	520	
8	0	0	0	0	521	
9	0	0	0	0	523	
10	0	0	0	0	523	
11	0	0	0	0	523	
12	0	0	0	0	524	
13	0	0	0	0	522	
14	0	0	0	0	521	
15	0	0	0	0	521	
0	0	0	0	0	521	
1	0	0	0	0	521	
2	0	0	0	0	523	
3	0	0	0	0	524	
4	0	0	0	0	526	
5	0	0	0	0	527	
6	0	0	0	0	529	
7	0	0	0	0	529	
8	0	0	0	0	531	
9	0	0	0	0	533	
10	0	0	0	0	534	
11	0	0	0	0	534	
12	0	0	0	0	535	
13	0	0	0	0	534	
14	0	0	0	0	533	
15	0	0	0	0	534	
0	0	0	0	0	536	
1	0	0	0	0	535	
2	0	0	0	0	531	
3	0	0	0	0	528	
4	0	0	0	0	527	
5	0	0	0	0	524	
6	0	0	0	0	520	
7	0	0	0	0	518	
8	0	0	0	0	519	
9	0	0	0	0	521	
10	0	0	0	0	523	
11	0	0	0	0	525	
12	0	0	0	0	529	
13	0	0	0	0	533	
14	0	0	0	0	536	
15	0	0	0	0	537	
0	0	0	0	0	538	
1	0	0	0	0	539	
2	0	0	0	0	538	
3	0	0	0	0	536	
4	0	0	0	0	534	
5	0	0	0	0	533	
6	0	0	0	0	531	
7	0	0	0	0	528	
8	0	0	0	0	526	
9	0	0	0	0	525	
10	0	0	0	0	527	
11	0	0	0	0	529	
12	0	0	0	0	529	
13	0	0	0	0	531	
14	0	0	0	0	536	
15	0	0	0	0	538	
0	0	0	0	0	539	
1	0	0	0	0	539	
2	0	0	0	0	533	
3	0	0	0	0	526	
4	0	0	0	0	519	
5	0	0	0	0	515	
6	0	0	0	0	511	
7	0	0	0	0	507	
8	0	0	0	0	504	
9	0	0	0	0	500	
10	0	0	0	0	497	
11	0	0	0	0	492	
12	0	0	0	0	485	
13	0	0	0	0	480	
14	0	0	0	0	480	
15	0	0	0	0	482	
0	0	0	0	0	487	
1	0	0	0	0	491	
2	0	0	0	0	496	
3	0	0	0	0	500	
4	0	0	0	0	502	
5	0	0	0	0	501	
6	0	0	0	0	499	
7	0	0	0	0	497	
8	0	0	0	0	497	
9	0	0	0	0	495	
10	0	0	0	0	494	
11	0	0	0	0	494	
12	0	0	0	0	492	
13	0	0	0	0	488	
14	0	0	0	0	484	
15	0	0	0	0	480	
0	0	0	0	0	474	
1	0	0	0	0	469	
2	0	0	0	0	467	
3	0	0	0	0	468	
4	0	0	0	0	472	
5	0	0	0	0	478	
6	0	0	0	0	481	
7	0	0	0	0	486	
8	0	0	0	0	490	
9	0	0	0	0	492	
10	0	0	0	0	492	
11	0	0	0	0	489	
12	0	0	0	0	486	
13	0	0	0	0	484	
14	0	0	0	0	482	
15	0	0	0	0	481	
0	0	0	0	0	480	
1	0	0	0	0	480	
2	0	0	0	0	478	
3	0	0	0	0	478	
4	0	0	0	0	478	
5	0	0	0	0	477	
6	0	0	0	0	476	
7	0	0	0	0	475	
8	0	0	0	0	475	
9	0	0	0	0	476	
10	0	0	0	0	476	
11	0	0	0	0	476	
12	0	0	0	0	477	
13	0	0	0	0	477	
14	0	0	0	0	477	
15	0	0	0	0	479	
0	0	0	0	0	481	
1	0	0	0	0	485	
2	0	0	0	0	485	
3	0	0	0	0	485	
4	0	0	0	0	483	
5	0	0	0	0	481	
6	0	0	0	0	478	
7	0	0	0	0	474	
8	0	0	0	0	468	
9	0	0	0	0	462	
10	0	0	0	0	456	
11	0	0	0	0	451	
12	0	0	0	0	445	
13	0	0	0	0	443	
14	0	0	0	0	444	
15	0	0	0	0	447	
0	0	0	0	0	451	
1	0	0	0	0	452	
2	0	0	0	0	454	
3	0	0	0	0	456	
4	0	0	0	0	458	
5	0	0	0	0	457	
6	0	0	0	0	458	
7	0	0	0	0	460	
8	0	0	0	0	463	
9	0	0	0	0	466	
10	0	0	0	0	467	
11	0	0	0	0	467	
12	0	0	0	0	467	
13	0	0	0	0	467	
14	0	0	0	0	466	
15	0	0	0	0	465	
0	0	0	0	0	463	
1	0	0	0	0	460	
2	0	0	0	0	458	
3	0	0	0	0	455	
4	0	0	0	0	454	
5	0	0	0	0	456	
6	0	0	0	0	460	
7	0	0	0	0	463	
8	0	0	0	0	469	
9	0	0	0	0	473	
10	0	0	0	0	477	
11	0	0	0	0	480	
12	0	0	0	0	481	
13	0	0	0	0	482	
14	0	0	0	0	482	
15	0	0	0	0	483	
0	0	0	0	0	483	
1	0	0	0	0	483	
2	0	0	0	0	483	
3	0	0	0	0	482	
4	0	0	0	0	483	
5	0	0	0	0	483	
6	0	0	0	0	483	
7	0	0	0	0	483	
8	0	0	0	0	483	
9	0	0	0	0	484	
10	0	0	0	0	484	
11	0	0	0	0	485	
12	0	0	0	0	485	
13	0	0	0	0	484	
14	0	0	0	0	484	
15	0	0	0	0	484	
0	0	0	0	0	484	
1	0	0	0	0	485	
2	0	0	0	0	486	
3	0	0	0	0	486	
4	0	0	0	0	486	
5	0	0	0	0	486	
6	0	0	0	0	487	
7	0	0	0	0	489	
8	0	0	0	0	491	
9	0	0	0	0	492	
10	0	0	0	0	493	
11	0	0	0	0	492	
12	0	0	0	0	489	
13	0	0	0	0	488	
14	0	0	0	0	487	
15	0	0	0	0	484	
0	0	0	0	0	481	
1	0	0	0	0	479	
2	0	0	0	0	480	
3	0	0	0	0	481	
4	0	0	0	0	480	
5	0	0	0	0	479	
6	0	0	0	0	479	
7	0	0	0	0	479	
8	0	0	0	0	480	
9	0	0	0	0	482	
10	0	0	0	0	484	
11	0	0	0	0	486	
12	0	0	0	0	487	
13	0	0	0	0	488	
14	0	0	0	0	489	
15	0	0	0	0	490	
0	0	0	0	0	489	
1	0	0	0	0	489	
2	0	0	0	0	487	
3	0	0	0	0	487	
4	0	0	0	0	487	
5	0	0	0	0	486	
6	0	0	0	0	486	
7	0	0	0	0	485	
8	0	0	0	0	485	
9	0	0	0	0	484	
10	0	0	0	0	485	
11	0	0	0	0	487	
12	0	0	0	0	487	
13	0	0	0	0	489	
14	0	0	0	0	489	
15	0	0	0	0	491	
0	0	0	0	0	491	
1	0	0	0	0	490	
2	0	0	0	0	490	
3	0	0	0	0	489	
4	0	0	0	0	489	
5	0	0	0	0	489	
6	0	0	0	0	489	
7	0	0	0	0	489	
8	0	0	0	0	491	
9	0	0	0	0	492	
10	0	0	0	0	492	
11	0	0	0	0	493	
12	0	0	0	0	494	
13	0	0	0	0	494	
14	0	0	0	0	493	
15	0	0	0	0	492	
0	0	0	0	0	491	
1	0	0	0	0	490	
2	0	0	0	0	490	
3	0	0	0	0	489	
4	0	0	0	0	490	
5	0	0	0	0	491	
6	0	0	0	0	491	
7	0	0	0	0	491	
8	0	0	0	0	492	
9	0	0	0	0	494	
10	0	0	0	0	495	
11	0	0	0	0	494	
12	0	0	0	0	492	
13	0	0	0	0	491	
14	0	0	0	0	489	
15	0	0	0	0	489	
0	0	0	0	0	491	
1	0	0	0	0	492	
2	0	0	0	0	492	
3	0	0	0	0	494	
4	0	0	0	0	494	
5	0	0	0	0	493	
6	0	0	0	0	492	
7	0	0	0	0	492	
8	0	0	0	0	493	
9	0	0	0	0	492	
10	0	0	0	0	489	
11	0	0	0	0	487	
12	0	0	0	0	487	
13	0	0	0	0	487	
14	0	0	0	0	487	
15	0	0	0	0	488	
0	0	0	0	0	489	
1	0	0	0	0	488	
2	0	0	0	0	487	
3	0	0	0	0	486	
4	0	0	0	0	484	
5	0	0	0	0	483	
6	0	0	0	0	483	
7	0	0	0	0	483	
8	0	0	0	0	484	
9	0	0	0	0	485	
10	0	0	0	0	486	
11	0	0	0	0	487	
12	0	0	0	0	487	
13	0	0	0	0	487	
14	0	0	0	0	487	
15	0	0	0	0	487	
0	0	0	0	0	489	
1	0	0	0	0	492	
2	0	0	0	0	496	
3	0	0	0	0	500	
4	0	0	0	0	504	
5	0	0	0	0	507	
6	0	0	0	0	508	
7	0	0	0	0	505	
8	0	0	0	0	499	
9	0	0	0	0	492	
10	0	0	0	0	488	
11	0	0	0	0	486	
12	0	0	0	0	483	
13	0	0	0	0	482	
14	0	0	0	0	481	
15	0	0	0	0	481	
0	0	0	0	0	481	
1	0	0	0	0	483	
2	0	0	0	0	486	
3	0	0	0	0	488	
4	0	0	0	0	491	
5	0	0	0	0	493	
6	0	0	0	0	493	
7	0	0	0	0	494	
8	0	0	0	0	495	
9	0	0	0	0	496	
10	0	0	0	0	497	
11	0	0	0	0	498	
12	0	0	0	0	500	
13	0	0	0	0	501	
14	0	0	0	0	502	
15	0	0	0	0	503	
0	0	0	0	0	503	
1	0	0	0	0	504	
2	0	0	0	0	503	
3	0	0	0	0	504	
4	0	0	0	0	503	
5	0	0	0	0	503	
6	0	0	0	0	502	
7	0	0	0	0	503	
8	0	0	0	0	504	
9	0	0	0	0	505	
10	0	0	0	0	506	
11	0	0	0	0	508	
12	0	0	0	0	509	
13	0	0	0	0	511	
14	0	0	0	0	513	
15	0	0	0	0	516	
0	0	0	0	0	521	
1	0	0	0	0	526	
2	0	0	0	0	531	
3	0	0	0	0	533	
4	0	0	0	0	534	
5	0	0	0	0	533	
6	0	0	0	0	532	
7	0	0	0	0	530	
8	0	0	0	0	527	
9	0	0	0	0	522	
10	0	0	0	0	520	
11	0	0	0	0	519	
12	0	0	0	0	517	
13	0	0	0	0	515	
14	0	0	0	0	513	
15	0	0	0	0	512	
0	0	0	0	0	511	
1	0	0	0	0	509	
2	0	0	0	0	506	
3	0	0	0	0	504	
4	0	0	0	0	503	
5	0	0	0	0	501	
6	0	0	0	0	499	
7	0	0	0	0	499	
8	0	0	0	0	499	
9	0	0	0	0	499	
10	0	0	0	0	496	
11	0	0	0	0	492	
12	0	0	0	0	490	
13	0	0	0	0	489	
14	0	0	0	0	488	
15	0	0	0	0	488	
0	0	0	0	0	487	
1	0	0	0	0	487	
2	0	0	0	0	488	
3	0	0	0	0	488	
4	0	0	0	0	487	
5	0	0	0	0	486	
6	0	0	0	0	486	
7	0	0	0	0	485	
8	0	0	0	0	483	
9	0	0	0	0	481	
10	0	0	0	0	480	
11	0	0	0	0	479	
12	0	0	0	0	477	
13	0	0	0	0	475	
14	0	0	0	0	475	
15	0	0	0	0	474	
0	0	0	0	0	473	
1	0	0	0	0	473	
2	0	0	0	0	475	
3	0	0	0	0	476	
4	0	0	0	0	475	
5	0	0	0	0	475	
6	0	0	0	0	472	
7	0	0	0	0	470	
8	0	0	0	0	469	
9	0	0	0	0	470	
10	0	0	0	0	471	
11	0	0	0	0	472	
12	0	0	0	0	472	
13	0	0	0	0	473	
14	0	0	0	0	473	
15	0	0	0	0	474	
0	0	0	0	0	475	
1	0	0	0	0	475	
2	0	0	0	0	475	
3	0	0	0	0	476	
4	0	0	0	0	476	
5	0	0	0	0	476	
6	0	0	0	0	474	
7	0	0	0	0	474	
8	0	0	0	0	474	
9	0	0	0	0	473	
10	0	0	0	0	474	
11	0	0	0	0	476	
12	0	0	0	0	480	
13	0	0	0	0	482	
14	0	0	0	0	483	
15	0	0	0	0	486	
0	0	0	0	0	489	
1	0	0	0	0	492	
2	0	0	0	0	493	
3	0	0	0	0	488	
4	0	0	0	0	485	
5	0	0	0	0	483	
6	0	0	0	0	480	
7	0	0	0	0	478	
8	0	0	0	0	476	
9	0	0	0	0	472	
10	0	0	0	0	469	
11	0	0	0	0	466	
12	0	0	0	0	463	
13	0	0	0	0	460	
14	0	0	0	0	457	
15	0	0	0	0	454	
0	0	0	0	0	452	
1	0	0	0	0	450	
2	0	0	0	0	447	
3	0	0	0	0	443	
4	0	0	0	0	440	
5	0	0	0	0	437	
6	0	0	0	0	435	
7	0	0	0	0	433	
8	0	0	0	0	432	
9	0	0	0	0	430	
10	0	0	0	0	427	
11	0	0	0	0	423	
12	0	0	0	0	421	
13	0	0	0	0	418	
14	0	0	0	0	415	
15	0	0	0	0	413	
0	0	0	0	0	413	
1	0	0	0	0	415	
2	0	0	0	0	420	
3	0	0	0	0	430	
4	0	0	0	0	444	
5	0	0	0	0	463	
6	0	0	0	0	488	
7	0	0	0	0	518	
8	0	0	0	0	554	
9	0	0	0	0	597	
10	0	0	0	0	641	
11	0	0	0	0	684	
12	0	0	0	0	729	
13	0	0	0	0	775	
14	0	0	0	0	819	
15	0	0	0	0	855	
0	0	0	0	0	879	
1	0	0	0	0	896	
2	0	0	0	0	902	
3	0	0	0	0	898	
4	0	0	0	0	883	
5	0	0	0	0	862	
6	0	0	0	0	838	
7	0	0	0	0	811	
8	0	0	0	0	781	
9	0	0	0	0	753	
10	0	0	0	0	729	
11	0	0	0	0	704	
12	0	0	0	0	678	
13	0	0	0	0	652	
14	0	0	0	0	628	
15	0	0	0	0	607	
0	0	0	0	0	587	
1	0	0	0	0	568	
2	0	0	0	0	552	
3	0	0	0	0	539	
4	0	0	0	0	527	
5	0	0	0	0	519	
6	0	0	0	0	511	
7	0	0	0	0	504	
8	0	0	0	0	498	
9	0	0	0	0	492	
10	0	0	0	0	488	
11	0	0	0	0	483	
12	0	0	0	0	479	
13	0	0	0	0	472	
14	0	0	0	0	465	
15	0	0	0	0	459	
0	0	0	0	0	454	
1	0	0	0	0	450	
2	0	0	0	0	447	
3	0	0	0	0	444	
4	0	0	0	0	441	
5	0	0	0	0	439	
6	0	0	0	0	438	
7	0	0	0	0	436	
8	0	0	0	0	435	
9	0	0	0	0	435	
10	0	0	0	0	435	
11	0	0	0	0	432	
12	0	0	0	0	431	
13	0	0	0	0	430	
14	0	0	0	0	429	
15	0	0	0	0	428	
0	0	0	0	0	427	
1	0	0	0	0	427	
2	0	0	0	0	426	
3	0	0	0	0	426	
4	0	0	0	0	427	
5	0	0	0	0	428	
6	0	0	0	0	428	
7	0	0	0	0	428	
8	0	0	0	0	428	
9	0	0	0	0	429	
10	0	0	0	0	429	
11	0	0	0	0	430	
12	0	0	0	0	428	
13	0	0	0	0	428	
14	0	0	0	0	428	
15	0	0	0	0	427	
0	0	0	0	0	427	
1	0	0	0	0	427	
2	0	0	0	0	427	
3	0	0	0	0	427	
4	0	0	0	0	427	
5	0	0	0	0	428	
6	0	0	0	0	429	
7	0	0	0	0	429	
8	0	0	0	0	431	
9	0	0	0	0	432	
10	0	0	0	0	435	
11	0	0	0	0	435	
12	0	0	0	0	436	
13	0	0	0	0	436	
14	0	0	0	0	438	
15	0	0	0	0	439	
0	0	0	0	0	441	
1	0	0	0	0	441	
2	0	0	0	0	443	
3	0	0	0	0	444	
4	0	0	0	0	445	
5	0	0	0	0	445	
6	0	0	0	0	447	
7	0	0	0	0	447	
8	0	0	0	0	449	
9	0	0	0	0	451	
10	0	0	0	0	453	
11	0	0	0	0	453	
12	0	0	0	0	450	
13	0	0	0	0	449	
14	0	0	0	0	450	
15	0	0	0	0	452	
0	0	0	0	0	452	
1	0	0	0	0	451	
2	0	0	0	0	452	
3	0	0	0	0	455	
4	0	0	0	0	456	
5	0	0	0	0	458	
6	0	0	0	0	460	
7	0	0	0	0	463	
8	0	0	0	0	465	
9	0	0	0	0	464	
10	0	0	0	0	468	
11	0	0	0	0	471	
12	0	0	0	0	475	
13	0	0	0	0	480	
14	0	0	0	0	483	
15	0	0	0	0	482	
0	0	0	0	0	479	
1	0	0	0	0	477	
2	0	0	0	0	478	
3	0	0	0	0	481	
4	0	0	0	0	483	
5	0	0	0	0	484	
6	0	0	0	0	489	
7	0	0	0	0	489	
8	0	0	0	0	483	
9	0	0	0	0	480	
10	0	0	0	0	480	
11	0	0	0	0	478	
12	0	0	0	0	476	
13	0	0	0	0	476	
14	0	0	0	0	473	
15	0	0	0	0	465	
0	0	0	0	0	460	
1	0	0	0	0	457	
2	0	0	0	0	456	
3	0	0	0	0	457	
4	0	0	0	0	460	
5	0	0	0	0	462	
6	0	0	0	0	464	
7	0	0	0	0	463	
8	0	0	0	0	463	
9	0	0	0	0	464	
10	0	0	0	0	466	
11	0	0	0	0	469	
12	0	0	0	0	472	
13	0	0	0	0	476	
14	0	0	0	0	479	
15	0	0	0	0	481	
0	0	0	0	0	484	
1	0	0	0	0	486	
2	0	0	0	0	487	
3	0	0	0	0	486	
4	0	0	0	0	484	
5	0	0	0	0	480	
6	0	0	0	0	479	
7	0	0	0	0	480	
8	0	0	0	0	480	
9	0	0	0	0	482	
10	0	0	0	0	482	
11	0	0	0	0	483	
12	0	0	0	0	484	
13	0	0	0	0	486	
14	0	0	0	0	489	
15	0	0	0	0	492	
0	0	0	0	0	494	
1	0	0	0	0	494	
2	0	0	0	0	490	
3	0	0	0	0	487	
4	0	0	0	0	487	
5	0	0	0	0	487	
6	0	0	0	0	487	
7	0	0	0	0	488	
8	0	0	0	0	489	
9	0	0	0	0	490	
10	0	0	0	0	490	
11	0	0	0	0	491	
12	0	0	0	0	493	
13	0	0	0	0	495	
14	0	0	0	0	495	
15	0	0	0	0	496	
0	0	0	0	0	497	
1	0	0	0	0	498	
2	0	0	0	0	499	
3	0	0	0	0	499	
4	0	0	0	0	501	
5	0	0	0	0	502	
6	0	0	0	0	503	
7	0	0	0	0	504	
8	0	0	0	0	504	
9	0	0	0	0	504	
10	0	0	0	0	506	
11	0	0	0	0	508	
12	0	0	0	0	509	
13	0	0	0	0	509	
14	0	0	0	0	508	
15	0	0	0	0	508	
0	0	0	0	0	509	
1	0	0	0	0	510	
2	0	0	0	0	510	
3	0	0	0	0	509	
4	0	0	0	0	509	
5	0	0	0	0	510	
6	0	0	0	0	511	
7	0	0	0	0	511	
8	0	0	0	0	510	
9	0	0	0	0	510	
10	0	0	0	0	511	
11	0	0	0	0	512	
12	0	0	0	0	512	
13	0	0	0	0	513	
14	0	0	0	0	514	
15	0	0	0	0	515	
0	0	0	0	0	516	
1	0	0	0	0	518	
2	0	0	0	0	519	
3	0	0	0	0	520	
4	0	0	0	0	520	
5	0	0	0	0	519	
6	0	0	0	0	518	
7	0	0	0	0	518	
8	0	0	0	0	518	
9	0	0	0	0	519	
10	0	0	0	0	519	
11	0	0	0	0	519	
12	0	0	0	0	520	
13	0	0	0	0	522	
14	0	0	0	0	523	
15	0	0	0	0	523	
0	0	0	0	0	523	
1	0	0	0	0	524	
2	0	0	0	0	523	
3	0	0	0	0	522	
4	0	0	0	0	521	
5	0	0	0	0	519	
6	0	0	0	0	519	
7	0	0	0	0	519	
8	0	0	0	0	520	
9	0	0	0	0	519	
10	0	0	0	0	520	
11	0	0	0	0	521	
12	0	0	0	0	519	
13	0	0	0	0	519	
14	0	0	0	0	519	
15	0	0	0	0	519	
0	0	0	0	0	518	
1	0	0	0	0	518	
2	0	0	0	0	517	
3	0	0	0	0	515	
4	0	0	0	0	514	
5	0	0	0	0	512	
6	0	0	0	0	511	
7	0	0	0	0	510	
8	0	0	0	0	510	
9	0	0	0	0	510	
10	0	0	0	0	510	
11	0	0	0	0	510	
12	0	0	0	0	510	
13	0	0	0	0	507	
14	0	0	0	0	503	
15	0	0	0	0	502	
0	0	0	0	0	501	
1	0	0	0	0	499	
2	0	0	0	0	497	
3	0	0	0	0	496	
4	0	0	0	0	494	
5	0	0	0	0	492	
6	0	0	0	0	491	
7	0	0	0	0	487	
8	0	0	0	0	485	
9	0	0	0	0	484	
10	0	0	0	0	483	
11	0	0	0	0	482	
12	0	0	0	0	483	
13	0	0	0	0	482	
14	0	0	0	0	481	
15	0	0	0	0	481	
0	0	0	0	0	482	
1	0	0	0	0	482	
2	0	0	0	0	483	
3	0	0	0	0	482	
4	0	0	0	0	480	
5	0	0	0	0	478	
6	0	0	0	0	476	
7	0	0	0	0	473	
8	0	0	0	0	470	
9	0	0	0	0	469	
10	0	0	0	0	468	
11	0	0	0	0	468	
12	0	0	0	0	468	
13	0	0	0	0	469	
14	0	0	0	0	470	
15	0	0	0	0	471	
0	0	0	0	0	470	
1	0	0	0	0	471	
2	0	0	0	0	470	
3	0	0	0	0	470	
4	0	0	0	0	470	
5	0	0	0	0	468	
6	0	0	0	0	466	
7	0	0	0	0	466	
8	0	0	0	0	465	
9	0	0	0	0	465	
10	0	0	0	0	464	
11	0	0	0	0	464	
12	0	0	0	0	464	
13	0	0	0	0	465	
14	0	0	0	0	466	
15	0	0	0	0	467	
0	0	0	0	0	468	
1	0	0	0	0	468	
2	0	0	0	0	470	
3	0	0	0	0	471	
4	0	0	0	0	472	
5	0	0	0	0	472	
6	0	0	0	0	472	
7	0	0	0	0	472	
8	0	0	0	0	472	
9	0	0	0	0	470	
10	0	0	0	0	468	
11	0	0	0	0	469	
12	0	0	0	0	470	
13	0	0	0	0	471	
14	0	0	0	0	473	
15	0	0	0	0	476	
0	0	0	0	0	476	
1	0	0	0	0	476	
2	0	0	0	0	476	
3	0	0	0	0	477	
4	0	0	0	0	477	
5	0	0	0	0	476	
6	0	0	0	0	476	
7	0	0	0	0	476	
8	0	0	0	0	476	
9	0	0	0	0	476	
10	0	0	0	0	475	
11	0	0	0	0	476	
12	0	0	0	0	476	
13	0	0	0	0	477	
14	0	0	0	0	479	
15	0	0	0	0	481	
0	0	0	0	0	483	
1	0	0	0	0	484	
2	0	0	0	0	485	
3	0	0	0	0	486	
4	0	0	0	0	488	
5	0	0	0	0	489	
6	0	0	0	0	489	
7	0	0	0	0	488	
8	0	0	0	0	487	
9	0	0	0	0	485	
10	0	0	0	0	483	
11	0	0	0	0	483	
12	0	0	0	0	483	
13	0	0	0	0	485	
14	0	0	0	0	487	
15	0	0	0	0	487	
0	0	0	0	0	487	
1	0	0	0	0	487	
2	0	0	0	0	488	
3	0	0	0	0	489	
4	0	0	0	0	490	
5	0	0	0	0	490	
6	0	0	0	0	490	
7	0	0	0	0	489	
8	0	0	0	0	489	
9	0	0	0	0	488	
10	0	0	0	0	488	
11	0	0	0	0	488	
12	0	0	0	0	488	
13	0	0	0	0	488	
14	0	0	0	0	489	
15	0	0	0	0	490	
0	0	0	0	0	491	
1	0	0	0	0	491	
2	0	0	0	0	492	
3	0	0	0	0	493	
4	0	0	0	0	493	
5	0	0	0	0	493	
6	0	0	0	0	494	
7	0	0	0	0	494	
8	0	0	0	0	494	
9	0	0	0	0	495	
10	0	0	0	0	495	
11	0	0	0	0	495	
12	0	0	0	0	495	
13	0	0	0	0	495	
14	0	0	0	0	496	
15	0	0	0	0	496	
0	0	0	0	0	497	
1	0	0	0	0	498	
2	0	0	0	0	499	
3	0	0	0	0	500	
4	0	0	0	0	501	
5	0	0	0	0	503	
6	0	0	0	0	503	
7	0	0	0	0	502	
8	0	0	0	0	502	
9	0	0	0	0	501	
10	0	0	0	0	500	
11	0	0	0	0	500	
12	0	0	0	0	500	
13	0	0	0	0	500	
14	0	0	0	0	499	
15	0	0	0	0	499	
0	0	0	0	0	499	
1	0	0	0	0	500	
2	0	0	0	0	502	
3	0	0	0	0	503	
4	0	0	0	0	504	
5	0	0	0	0	504	
6	0	0	0	0	505	
7	0	0	0	0	505	
8	0	0	0	0	505	
9	0	0	0	0	505	
10	0	0	0	0	504	
11	0	0	0	0	504	
12	0	0	0	0	505	
13	0	0	0	0	505	
14	0	0	0	0	505	
15	0	0	0	0	506	
0	0	0	0	0	506	
1	0	0	0	0	507	
2	0	0	0	0	508	
3	0	0	0	0	508	
4	0	0	0	0	509	
5	0	0	0	0	511	
6	0	0	0	0	512	
7	0	0	0	0	512	
8	0	0	0	0	512	
9	0	0	0	0	511	
10	0	0	0	0	511	
11	0	0	0	0	511	
12	0	0	0	0	510	
13	0	0	0	0	510	
14	0	0	0	0	510	
15	0	0	0	0	511	
0	0	0	0	0	511	
1	0	0	0	0	512	
2	0	0	0	0	512	
3	0	0	0	0	512	
4	0	0	0	0	513	
5	0	0	0	0	513	
6	0	0	0	0	513	
7	0	0	0	0	513	
8	0	0	0	0	513	
9	0	0	0	0	513	
10	0	0	0	0	512	
11	0	0	0	0	512	
12	0	0	0	0	512	
13	0	0	0	0	511	
14	0	0	0	0	511	
15	0	0	0	0	511	
0	0	0	0	0	511	
1	0	0	0	0	511	
2	0	0	0	0	511	
3	0	0	0	0	512	
4	0	0	0	0	514	
5	0	0	0	0	515	
6	0	0	0	0	515	
7	0	0	0	0	515	
8	0	0	0	0	515	
9	0	0	0	0	516	
10	0	0	0	0	516	
11	0	0	0	0	516	
12	0	0	0	0	515	
13	0	0	0	0	514	
14	0	0	0	0	513	
15	0	0	0	0	512	
0	0	0	0	0	512	
1	0	0	0	0	512	
2	0	0	0	0	512	
3	0	0	0	0	513	
4	0	0	0	0	514	
5	0	0	0	0	515	
6	0	0	0	0	515	
7	0	0	0	0	518	
8	0	0	0	0	519	
9	0	0	0	0	519	
10	0	0	0	0	520	
11	0	0	0	0	520	
12	0	0	0	0	520	
13	0	0	0	0	519	
14	0	0	0	0	519	
15	0	0	0	0	519	
0	0	0	0	0	519	
1	0	0	0	0	518	
2	0	0	0	0	517	
3	0	0	0	0	516	
4	0	0	0	0	516	
5	0	0	0	0	516	
6	0	0	0	0	518	
7	0	0	0	0	518	
8	0	0	0	0	519	
9	0	0	0	0	520	
10	0	0	0	0	521	
11	0	0	0	0	521	
12	0	0	0	0	522	
13	0	0	0	0	523	
14	0	0	0	0	523	
15	0	0	0	0	523	
0	0	0	0	0	522	
1	0	0	0	0	521	
2	0	0	0	0	521	
3	0	0	0	0	520	
4	0	0	0	0	520	
5	0	0	0	0	521	
6	0	0	0	0	522	
7	0	0	0	0	523	
8	0	0	0	0	523	
9	0	0	0	0	521	
10	0	0	0	0	521	
11	0	0	0	0	521	
12	0	0	0	0	521	
13	0	0	0	0	520	
14	0	0	0	0	519	
15	0	0	0	0	518	
0	0	0	0	0	518	
1	0	0	0	0	518	
2	0	0	0	0	519	
3	0	0	0	0	519	
4	0	0	0	0	519	
5	0	0	0	0	519	
6	0	0	0	0	521	
7	0	0	0	0	522	
8	0	0	0	0	522	
9	0	0	0	0	524	
10	0	0	0	0	525	
11	0	0	0	0	526	
12	0	0	0	0	526	
13	0	0	0	0	525	
14	0	0	0	0	526	
15	0	0	0	0	526	
0	0	0	0	0	526	
1	0	0	0	0	525	
2	0	0	0	0	525	
3	0	0	0	0	526	
4	0	0	0	0	526	
5	0	0	0	0	527	
6	0	0	0	0	530	
7	0	0	0	0	531	
8	0	0	0	0	534	
9	0	0	0	0	535	
10	0	0	0	0	536	
11	0	0	0	0	537	
12	0	0	0	0	539	
13	0	0	0	0	540	
14	0	0	0	0	540	
15	0	0	0	0	539	
0	0	0	0	0	539	
1	0	0	0	0	538	
2	0	0	0	0	537	
3	0	0	0	0	538	
4	0	0	0	0	540	
5	0	0	0	0	542	
6	0	0	0	0	543	
7	0	0	0	0	545	
8	0	0	0	0	547	
9	0	0	0	0	550	
10	0	0	0	0	553	
11	0	0	0	0	557	
12	0	0	0	0	559	
13	0	0	0	0	562	
14	0	0	0	0	563	
15	0	0	0	0	565	
0	0	0	0	0	566	
1	0	0	0	0	566	
2	0	0	0	0	566	
3	0	0	0	0	565	
4	0	0	0	0	564	
5	0	0	0	0	563	
6	0	0	0	0	562	
7	0	0	0	0	560	
8	0	0	0	0	559	
9	0	0	0	0	558	
10	0	0	0	0	556	
11	0	0	0	0	555	
12	0	0	0	0	554	
13	0	0	0	0	553	
14	0	0	0	0	551	
15	0	0	0	0	548	
0	0	0	0	0	546	
1	0	0	0	0	544	
2	0	0	0	0	543	
3	0	0	0	0	541	
4	0	0	0	0	540	
5	0	0	0	0	540	
6	0	0	0	0	540	
7	0	0	0	0	539	
8	0	0	0	0	538	
9	0	0	0	0	537	
10	0	0	0	0	538	
11	0	0	0	0	538	
12	0	0	0	0	539	
13	0	0	0	0	537	
14	0	0	0	0	536	
15	0	0	0	0	535	
0	0	0	0	0	531	
1	0	0	0	0	530	
2	0	0	0	0	529	
3	0	0	0	0	527	
4	0	0	0	0	527	
5	0	0	0	0	525	
6	0	0	0	0	524	
7	0	0	0	0	523	
8	0	0	0	0	523	
9	0	0	0	0	522	
10	0	0	0	0	523	
11	0	0	0	0	524	
12	0	0	0	0	524	
13	0	0	0	0	525	
14	0	0	0	0	526	
15	0	0	0	0	525	
0	0	0	0	0	524	
1	0	0	0	0	523	
2	0	0	0	0	521	
3	0	0	0	0	520	
4	0	0	0	0	520	
5	0	0	0	0	519	
6	0	0	0	0	519	
7	0	0	0	0	519	
8	0	0	0	0	519	
9	0	0	0	0	520	
10	0	0	0	0	520	
11	0	0	0	0	521	
12	0	0	0	0	521	
13	0	0	0	0	521	
14	0	0	0	0	522	
15	0	0	0	0	521	
0	0	0	0	0	522	
1	0	0	0	0	522	
2	0	0	0	0	520	
3	0	0	0	0	519	
4	0	0	0	0	519	
5	0	0	0	0	519	
6	0	0	0	0	519	
7	0	0	0	0	520	
8	0	0	0	0	520	
9	0	0	0	0	520	
10	0	0	0	0	521	
11	0	0	0	0	521	
12	0	0	0	0	523	
13	0	0	0	0	523	
14	0	0	0	0	523	
15	0	0	0	0	523	
0	0	0	0	0	523	
1	0	0	0	0	522	
2	0	0	0	0	522	
3	0	0	0	0	521	
4	0	0	0	0	522	
5	0	0	0	0	521	
6	0	0	0	0	520	
7	0	0	0	0	519	
8	0	0	0	0	517	
9	0	0	0	0	515	
10	0	0	0	0	513	
11	0	0	0	0	511	
12	0	0	0	0	510	
13	0	0	0	0	508	
14	0	0	0	0	506	
15	0	0	0	0	504	
0	0	0	0	0	500	
1	0	0	0	0	497	
2	0	0	0	0	495	
3	0	0	0	0	493	
4	0	0	0	0	491	
5	0	0	0	0	488	
6	0	0	0	0	486	
7	0	0	0	0	482	
8	0	0	0	0	480	
9	0	0	0	0	478	
10	0	0	0	0	476	
11	0	0	0	0	475	
12	0	0	0	0	475	
13	0	0	0	0	478	
14	0	0	0	0	484	
15	0	0	0	0	495	
0	0	0	0	0	510	
1	0	0	0	0	530	
2	0	0	0	0	557	
3	0	0	0	0	587	
4	0	0	0	0	621	
5	0	0	0	0	659	
6	0	0	0	0	702	
7	0	0	0	0	745	
8	0	0	0	0	788	
9	0	0	0	0	832	
10	0	0	0	0	875	
11	0	0	0	0	910	
12	0	0	0	0	933	
13	0	0	0	0	946	
14	0	0	0	0	948	
15	0	0	0	0	941	
0	0	0	0	0	925	
1	0	0	0	0	903	
2	0	0	0	0	877	
3	0	0	0	0	850	
4	0	0	0	0	823	
5	0	0	0	0	798	
6	0	0	0	0	774	
7	0	0	0	0	749	
8	0	0	0	0	726	
9	0	0	0	0	702	
10	0	0	0	0	679	
11	0	0	0	0	657	
12	0	0	0	0	639	
13	0	0	0	0	620	
14	0	0	0	0	602	
15	0	0	0	0	587	
0	0	0	0	0	575	
1	0	0	0	0	566	
2	0	0	0	0	558	
3	0	0	0	0	551	
4	0	0	0	0	544	
5	0	0	0	0	537	
6	0	0	0	0	531	
7	0	0	0	0	525	
8	0	0	0	0	519	
9	0	0	0	0	512	
10	0	0	0	0	506	
11	0	0	0	0	500	
12	0	0	0	0	496	
13	0	0	0	0	492	
14	0	0	0	0	488	
15	0	0	0	0	486	
0	0	0	0	0	484	
1	0	0	0	0	483	
2	0	0	0	0	482	
3	0	0	0	0	480	
4	0	0	0	0	478	
5	0	0	0	0	476	
6	0	0	0	0	475	
7	0	0	0	0	474	
8	0	0	0	0	473	
9	0	0	0	0	472	
10	0	0	0	0	471	
11	0	0	0	0	472	
12	0	0	0	0	471	
13	0	0	0	0	470	
14	0	0	0	0	470	
15	0	0	0	0	471	
0	0	0	0	0	471	
1	0	0	0	0	471	
2	0	0	0	0	471	
3	0	0	0	0	471	
4	0	0	0	0	471	
5	0	0	0	0	471	
6	0	0	0	0	471	
7	0	0	0	0	471	
8	0	0	0	0	472	
9	0	0	0	0	472	
10	0	0	0	0	473	
11	0	0	0	0	473	
12	0	0	0	0	473	
13	0	0	0	0	475	
14	0	0	0	0	476	
15	0	0	0	0	476	
0	0	0	0	0	477	
1	0	0	0	0	478	
2	0	0	0	0	479	
3	0	0	0	0	480	
4	0	0	0	0	481	
5	0	0	0	0	481	
6	0	0	0	0	482	
7	0	0	0	0	483	
8	0	0	0	0	483	
9	0	0	0	0	483	
10	0	0	0	0	483	
11	0	0	0	0	483	
12	0	0	0	0	484	
13	0	0	0	0	485	
14	0	0	0	0	486	
15	0	0	0	0	486	
0	0	0	0	0	487	
1	0	0	0	0	488	
2	0	0	0	0	489	
3	0	0	0	0	489	
4	0	0	0	0	490	
5	0	0	0	0	491	
6	0	0	0	0	491	
7	0	0	0	0	491	
8	0	0	0	0	492	
9	0	0	0	0	492	
10	0	0	0	0	492	
11	0	0	0	0	493	
12	0	0	0	0	494	
13	0	0	0	0	494	
14	0	0	0	0	495	
15	0	0	0	0	496	
0	0	0	0	0	497	
1	0	0	0	0	498	
2	0	0	0	0	499	
3	0	0	0	0	500	
4	0	0	0	0	502	
5	0	0	0	0	503	
6	0	0	0	0	504	
7	0	0	0	0	505	
8	0	0	0	0	505	
9	0	0	0	0	506	
10	0	0	0	0	506	
11	0	0	0	0	506	
12	0	0	0	0	506	
13	0	0	0	0	505	
14	0	0	0	0	506	
15	0	0	0	0	507	
0	0	0	0	0	506	
1	0	0	0	0	508	
2	0	0	0	0	509	
3	0	0	0	0	510	
4	0	0	0	0	511	
5	0	0	0	0	512	
6	0	0	0	0	514	
7	0	0	0	0	515	
8	0	0	0	0	515	
9	0	0	0	0	515	
10	0	0	0	0	515	
11	0	0	0	0	515	
12	0	0	0	0	516	
13	0	0	0	0	517	
14	0	0	0	0	518	
15	0	0	0	0	518	
0	0	0	0	0	518	
1	0	0	0	0	519	
2	0	0	0	0	520	
3	0	0	0	0	521	
4	0	0	0	0	522	
5	0	0	0	0	523	
6	0	0	0	0	524	
7	0	0	0	0	525	
8	0	0	0	0	525	
9	0	0	0	0	526	
10	0	0	0	0	527	
11	0	0	0	0	527	
12	0	0	0	0	527	
13	0	0	0	0	528	
14	0	0	0	0	528	
15	0	0	0	0	529	
0	0	0	0	0	528	
1	0	0	0	0	528	
2	0	0	0	0	529	
3	0	0	0	0	529	
4	0	0	0	0	529	
5	0	0	0	0	530	
6	0	0	0	0	531	
7	0	0	0	0	531	
8	0	0	0	0	532	
9	0	0	0	0	533	
10	0	0	0	0	533	
11	0	0	0	0	533	
12	0	0	0	0	533	
13	0	0	0	0	534	
14	0	0	0	0	534	
15	0	0	0	0	535	
0	0	0	0	0	535	
1	0	0	0	0	536	
2	0	0	0	0	537	
3	0	0	0	0	538	
4	0	0	0	0	539	
5	0	0	0	0	540	
6	0	0	0	0	540	
7	0	0	0	0	541	
8	0	0	0	0	542	
9	0	0	0	0	542	
10	0	0	0	0	543	
11	0	0	0	0	543	
12	0	0	0	0	544	
13	0	0	0	0	544	
14	0	0	0	0	545	
15	0	0	0	0	545	
0	0	0	0	0	546	
1	0	0	0	0	547	
2	0	0	0	0	547	
3	0	0	0	0	547	
4	0	0	0	0	548	
5	0	0	0	0	548	
6	0	0	0	0	548	
7	0	0	0	0	549	
8	0	0	0	0	550	
9	0	0	0	0	551	
10	0	0	0	0	551	
11	0	0	0	0	551	
12	0	0	0	0	550	
13	0	0	0	0	551	
14	0	0	0	0	551	
15	0	0	0	0	551	
0	0	0	0	0	551	
1	0	0	0	0	551	
2	0	0	0	0	551	
3	0	0	0	0	551	
4	0	0	0	0	552	
5	0	0	0	0	553	
6	0	0	0	0	554	
7	0	0	0	0	555	
8	0	0	0	0	555	
9	0	0	0	0	555	
10	0	0	0	0	555	
11	0	0	0	0	555	
12	0	0	0	0	555	
13	0	0	0	0	554	
14	0	0	0	0	554	
15	0	0	0	0	553	
0	0	0	0	0	553	
1	0	0	0	0	553	
2	0	0	0	0	553	
3	0	0	0	0	554	
4	0	0	0	0	555	
5	0	0	0	0	555	
6	0	0	0	0	556	
7	0	0	0	0	556	
8	0	0	0	0	556	
9	0	0	0	0	556	
10	0	0	0	0	556	
11	0	0	0	0	556	
12	0	0	0	0	556	
13	0	0	0	0	556	
14	0	0	0	0	556	
15	0	0	0	0	556	
0	0	0	0	0	555	
1	0	0	0	0	555	
2	0	0	0	0	555	
3	0	0	0	0	554	
4	0	0	0	0	554	
5	0	0	0	0	555	
6	0	0	0	0	555	
7	0	0	0	0	555	
8	0	0	0	0	554	
9	0	0	0	0	554	
10	0	0	0	0	554	
11	0	0	0	0	553	
12	0	0	0	0	552	
13	0	0	0	0	551	
14	0	0	0	0	550	
15	0	0	0	0	549	
0	0	0	0	0	547	
1	0	0	0	0	546	
2	0	0	0	0	544	
3	0	0	0	0	543	
4	0	0	0	0	542	
5	0	0	0	0	540	
6	0	0	0	0	539	
7	0	0	0	0	537	
8	0	0	0	0	536	
9	0	0	0	0	535	
10	0	0	0	0	534	
11	0	0	0	0	532	
12	0	0	0	0	532	
13	0	0	0	0	531	
14	0	0	0	0	530	
15	0	0	0	0	528	
0	0	0	0	0	526	
1	0	0	0	0	524	
2	0	0	0	0	524	
3	0	0	0	0	522	
4	0	0	0	0	520	
5	0	0	0	0	518	
6	0	0	0	0	516	
7	0	0	0	0	515	
8	0	0	0	0	514	
9	0	0	0	0	513	
10	0	0	0	0	512	
11	0	0	0	0	511	
12	0	0	0	0	511	
13	0	0	0	0	510	
14	0	0	0	0	508	
15	0	0	0	0	506	
0	0	0	0	0	504	
1	0	0	0	0	503	
2	0	0	0	0	501	
3	0	0	0	0	500	
4	0	0	0	0	499	
5	0	0	0	0	499	
6	0	0	0	0	498	
7	0	0	0	0	498	
8	0	0	0	0	498	
9	0	0	0	0	497	
10	0	0	0	0	497	
11	0	0	0	0	497	
12	0	0	0	0	497	
13	0	0	0	0	496	
14	0	0	0	0	496	
15	0	0	0	0	495	
0	0	0	0	0	494	
1	0	0	0	0	493	
2	0	0	0	0	491	
3	0	0	0	0	489	
4	0	0	0	0	489	
5	0	0	0	0	488	
6	0	0	0	0	489	
7	0	0	0	0	490	
8	0	0	0	0	491	
9	0	0	0	0	491	
10	0	0	0	0	492	
11	0	0	0	0	492	
12	0	0	0	0	494	
13	0	0	0	0	494	
14	0	0	0	0	494	
15	0	0	0	0	494	
0	0	0	0	0	493	
1	0	0	0	0	493	
2	0	0	0	0	493	
3	0	0	0	0	493	
4	0	0	0	0	493	
5	0	0	0	0	493	
6	0	0	0	0	493	
7	0	0	0	0	493	
8	0	0	0	0	492	
9	0	0	0	0	493	
10	0	0	0	0	493	
11	0	0	0	0	492	
12	0	0	0	0	492	
13	0	0	0	0	492	
14	0	0	0	0	492	
15	0	0	0	0	492	
0	0	0	0	0	492	
1	0	0	0	0	492	
2	0	0	0	0	492	
3	0	0	0	0	491	
4	0	0	0	0	491	
5	0	0	0	0	491	
6	0	0	0	0	491	
7	0	0	0	0	491	
8	0	0	0	0	490	
9	0	0	0	0	490	
10	0	0	0	0	490	
11	0	0	0	0	491	
12	0	0	0	0	492	
13	0	0	0	0	493	
14	0	0	0	0	493	
15	0	0	0	0	493	
0	0	0	0	0	494	
1	0	0	0	0	495	
2	0	0	0	0	496	
3	0	0	0	0	496	
4	0	0	0	0	495	
5	0	0	0	0	495	
6	0	0	0	0	496	
7	0	0	0	0	496	
8	0	0	0	0	497	
9	0	0	0	0	497	
10	0	0	0	0	497	
11	0	0	0	0	496	
12	0	0	0	0	496	
13	0	0	0	0	497	
14	0	0	0	0	498	
15	0	0	0	0	498	
0	0	0	0	0	497	
1	0	0	0	0	497	
2	0	0	0	0	496	
3	0	0	0	0	496	
4	0	0	0	0	496	
5	0	0	0	0	496	
6	0	0	0	0	497	
7	0	0	0	0	499	
8	0	0	0	0	500	
9	0	0	0	0	501	
10	0	0	0	0	501	
11	0	0	0	0	502	
12	0	0	0	0	501	
13	0	0	0	0	502	
14	0	0	0	0	502	
15	0	0	0	0	502	
0	0	0	0	0	502	
1	0	0	0	0	502	
2	0	0	0	0	501	
3	0	0	0	0	501	
4	0	0	0	0	500	
5	0	0	0	0	500	
6	0	0	0	0	500	
7	0	0	0	0	500	
8	0	0	0	0	500	
9	0	0	0	0	500	
10	0	0	0	0	500	
11	0	0	0	0	500	
12	0	0	0	0	500	
13	0	0	0	0	500	
14	0	0	0	0	499	
15	0	0	0	0	499	
0	0	0	0	0	499	
1	0	0	0	0	500	
2	0	0	0	0	501	
3	0	0	0	0	501	
4	0	0	0	0	501	
5	0	0	0	0	501	
6	0	0	0	0	500	
7	0	0	0	0	499	
8	0	0	0	0	499	
9	0	0	0	0	498	
10	0	0	0	0	498	
11	0	0	0	0	498	
12	0	0	0	0	499	
13	0	0	0	0	499	
14	0	0	0	0	500	
15	0	0	0	0	501	
0	0	0	0	0	502	
1	0	0	0	0	502	
2	0	0	0	0	503	
3	0	0	0	0	503	
4	0	0	0	0	502	
5	0	0	0	0	501	
6	0	0	0	0	500	
7	0	0	0	0	499	
8	0	0	0	0	499	
9	0	0	0	0	497	
10	0	0	0	0	498	
11	0	0	0	0	498	
12	0	0	0	0	499	
13	0	0	0	0	499	
14	0	0	0	0	499	
15	0	0	0	0	499	
0	0	0	0	0	499	
1	0	0	0	0	499	
2	0	0	0	0	499	
3	0	0	0	0	500	
4	0	0	0	0	499	
5	0	0	0	0	499	
6	0	0	0	0	499	
7	0	0	0	0	500	
8	0	0	0	0	499	
9	0	0	0	0	499	
10	0	0	0	0	499	
11	0	0	0	0	499	
12	0	0	0	0	499	
13	0	0	0	0	499	
14	0	0	0	0	499	
15	0	0	0	0	500	
0	0	0	0	0	501	
1	0	0	0	0	502	
2	0	0	0	0	501	
3	0	0	0	0	501	
4	0	0	0	0	501	
5	0	0	0	0	501	
6	0	0	0	0	500	
7	0	0	0	0	500	
8	0	0	0	0	500	
9	0	0	0	0	499	
10	0	0	0	0	499	
11	0	0	0	0	499	
12	0	0	0	0	500	
13	0	0	0	0	500	
14	0	0	0	0	500	
15	0	0	0	0	501	
0	0	0	0	0	502	
1	0	0	0	0	502	
2	0	0	0	0	503	
3	0	0	0	0	504	
4	0	0	0	0	504	
5	0	0	0	0	503	
6	0	0	0	0	503	
7	0	0	0	0	502	
8	0	0	0	0	501	
9	0	0	0	0	499	
10	0	0	0	0	500	
11	0	0	0	0	500	
12	0	0	0	0	500	
13	0	0	0	0	500	
14	0	0	0	0	500	
15	0	0	0	0	500	
0	0	0	0	0	501	
1	0	0	0	0	501	
2	0	0	0	0	501	
3	0	0	0	0	502	
4	0	0	0	0	502	
5	0	0	0	0	502	
6	0	0	0	0	501	
7	0	0	0	0	501	
8	0	0	0	0	501	
9	0	0	0	0	502	
10	0	0	0	0	502	
11	0	0	0	0	501	
12	0	0	0	0	500	
13	0	0	0	0	499	
14	0	0	0	0	499	
15	0	0	0	0	500	
0	0	0	0	0	501	
1	0	0	0	0	502	
2	0	0	0	0	503	
3	0	0	0	0	504	
4	0	0	0	0	504	
5	0	0	0	0	504	
6	0	0	0	0	504	
7	0	0	0	0	502	
8	0	0	0	0	501	
9	0	0	0	0	500	
10	0	0	0	0	500	
11	0	0	0	0	501	
12	0	0	0	0	501	
13	0	0	0	0	501	
14	0	0	0	0	501	
15	0	0	0	0	501	
0	0	0	0	0	502	
1	0	0	0	0	501	
2	0	0	0	0	501	
3	0	0	0	0	501	
4	0	0	0	0	501	
5	0	0	0	0	501	
6	0	0	0	0	502	
7	0	0	0	0	502	
8	0	0	0	0	501	
9	0	0	0	0	501	
10	0	0	0	0	500	
11	0	0	0	0	500	
12	0	0	0	0	501	
13	0	0	0	0	502	
14	0	0	0	0	502	
15	0	0	0	0	502	
0	0	0	0	0	502	
1	0	0	0	0	502	
2	0	0	0	0	500	
3	0	0	0	0	499	
4	0	0	0	0	499	
5	0	0	0	0	499	
6	0	0	0	0	499	
7	0	0	0	0	500	
8	0	0	0	0	501	
9	0	0	0	0	501	
10	0	0	0	0	503	
11	0	0	0	0	504	
12	0	0	0	0	506	
13	0	0	0	0	507	
14	0	0	0	0	508	
15	0	0	0	0	509	
0	0	0	0	0	511	
1	0	0	0	0	512	
2	0	0	0	0	513	
3	0	0	0	0	513	
4	0	0	0	0	515	
5	0	0	0	0	515	
6	0	0	0	0	515	
7	0	0	0	0	516	
8	0	0	0	0	516	
9	0	0	0	0	516	
10	0	0	0	0	517	
11	0	0	0	0	519	
12	0	0	0	0	520	
13	0	0	0	0	522	
14	0	0	0	0	523	
15	0	0	0	0	524	
0	0	0	0	0	526	
1	0	0	0	0	527	
2	0	0	0	0	530	
3	0	0	0	0	532	
4	0	0	0	0	536	
5	0	0	0	0	540	
6	0	0	0	0	542	
7	0	0	0	0	543	
8	0	0	0	0	543	
9	0	0	0	0	542	
10	0	0	0	0	541	
11	0	0	0	0	540	
12	0	0	0	0	539	
13	0	0	0	0	537	
14	0	0	0	0	535	
15	0	0	0	0	534	
0	0	0	0	0	532	
1	0	0	0	0	531	
2	0	0	0	0	529	
3	0	0	0	0	528	
4	0	0	0	0	527	
5	0	0	0	0	524	
6	0	0	0	0	522	
7	0	0	0	0	519	
8	0	0	0	0	516	
9	0	0	0	0	515	
10	0	0	0	0	515	
11	0	0	0	0	514	
12	0	0	0	0	513	
13	0	0	0	0	512	
14	0	0	0	0	510	
15	0	0	0	0	508	
0	0	0	0	0	506	
1	0	0	0	0	505	
2	0	0	0	0	505	
3	0	0	0	0	504	
4	0	0	0	0	504	
5	0	0	0	0	502	
6	0	0	0	0	501	
7	0	0	0	0	500	
8	0	0	0	0	498	
9	0	0	0	0	497	
10	0	0	0	0	496	
11	0	0	0	0	494	
12	0	0	0	0	493	
13	0	0	0	0	491	
14	0	0	0	0	489	
15	0	0	0	0	489	
0	0	0	0	0	488	
1	0	0	0	0	488	
2	0	0	0	0	488	
3	0	0	0	0	488	
4	0	0	0	0	488	
5	0	0	0	0	487	
6	0	0	0	0	487	
7	0	0	0	0	486	
8	0	0	0	0	486	
9	0	0	0	0	485	
10	0	0	0	0	484	
11	0	0	0	0	483	
12	0	0	0	0	482	
13	0	0	0	0	481	
14	0	0	0	0	480	
15	0	0	0	0	480	
0	0	0	0	0	480	
1	0	0	0	0	480	
2	0	0	0	0	479	
3	0	0	0	0	480	
4	0	0	0	0	482	
5	0	0	0	0	482	
6	0	0	0	0	483	
7	0	0	0	0	483	
8	0	0	0	0	483	
9	0	0	0	0	484	
10	0	0	0	0	485	
11	0	0	0	0	484	
12	0	0	0	0	484	
13	0	0	0	0	483	
14	0	0	0	0	483	
15	0	0	0	0	481	
0	0	0	0	0	480	
1	0	0	0	0	480	
2	0	0	0	0	479	
3	0	0	0	0	479	
4	0	0	0	0	479	
5	0	0	0	0	479	
6	0	0	0	0	480	
7	0	0	0	0	480	
8	0	0	0	0	480	
9	0	0	0	0	481	
10	0	0	0	0	480	
11	0	0	0	0	480	
12	0	0	0	0	478	
13	0	0	0	0	476	
14	0	0	0	0	474	
15	0	0	0	0	472	
0	0	0	0	0	470	
1	0	0	0	0	468	
2	0	0	0	0	466	
3	0	0	0	0	463	
4	0	0	0	0	460	
5	0	0	0	0	456	
6	0	0	0	0	453	
7	0	0	0	0	450	
8	0	0	0	0	447	
9	0	0	0	0	445	
10	0	0	0	0	444	
11	0	0	0	0	444	
12	0	0	0	0	442	
13	0	0	0	0	440	
14	0	0	0	0	438	
15	0	0	0	0	435	
0	0	0	0	0	433	
1	0	0	0	0	432	
2	0	0	0	0	433	
3	0	0	0	0	436	
4	0	0	0	0	441	
5	0	0	0	0	451	
6	0	0	0	0	467	
7	0	0	0	0	487	
8	0	0	0	0	513	
9	0	0	0	0	544	
10	0	0	0	0	579	
11	0	0	0	0	620	
12	0	0	0	0	664	
13	0	0	0	0	707	
14	0	0	0	0	752	
15	0	0	0	0	798	
0	0	0	0	0	842	
1	0	0	0	0	880	
2	0	0	0	0	906	
3	0	0	0	0	922	
4	0	0	0	0	927	
5	0	0	0	0	919	
6	0	0	0	0	901	
7	0	0	0	0	877	
8	0	0	0	0	850	
9	0	0	0	0	821	
10	0	0	0	0	790	
11	0	0	0	0	759	
12	0	0	0	0	731	
13	0	0	0	0	705	
14	0	0	0	0	680	
15	0	0	0	0	654	
0	0	0	0	0	631	
1	0	0	0	0	608	
2	0	0	0	0	588	
3	0	0	0	0	568	
4	0	0	0	0	552	
5	0	0	0	0	539	
6	0	0	0	0	528	
7	0	0	0	0	519	
8	0	0	0	0	513	
9	0	0	0	0	507	
10	0	0	0	0	502	
11	0	0	0	0	496	
12	0	0	0	0	492	
13	0	0	0	0	487	
14	0	0	0	0	483	
15	0	0	0	0	478	
0	0	0	0	0	471	
1	0	0	0	0	464	
2	0	0	0	0	459	
3	0	0	0	0	454	
4	0	0	0	0	450	
5	0	0	0	0	447	
6	0	0	0	0	445	
7	0	0	0	0	443	
8	0	0	0	0	442	
9	0	0	0	0	441	
10	0	0	0	0	439	
11	0	0	0	0	438	
12	0	0	0	0	438	
13	0	0	0	0	437	
14	0	0	0	0	436	
15	0	0	0	0	436	
0	0	0	0	0	435	
1	0	0	0	0	434	
2	0	0	0	0	434	
3	0	0	0	0	434	
4	0	0	0	0	434	
5	0	0	0	0	433	
6	0	0	0	0	432	
7	0	0	0	0	432	
8	0	0	0	0	432	
9	0	0	0	0	432	
10	0	0	0	0	432	
11	0	0	0	0	432	
12	0	0	0	0	433	
13	0	0	0	0	434	
14	0	0	0	0	435	
15	0	0	0	0	435	
0	0	0	0	0	435	
1	0	0	0	0	435	
2	0	0	0	0	436	
3	0	0	0	0	437	
4	0	0	0	0	438	
5	0	0	0	0	439	
6	0	0	0	0	440	
7	0	0	0	0	440	
8	0	0	0	0	441	
9	0	0	0	0	442	
10	0	0	0	0	444	
11	0	0	0	0	445	
12	0	0	0	0	446	
13	0	0	0	0	447	
14	0	0	0	0	448	
15	0	0	0	0	449	
0	0	0	0	0	449	
1	0	0	0	0	450	
2	0	0	0	0	450	
3	0	0	0	0	452	
4	0	0	0	0	452	
5	0	0	0	0	452	
6	0	0	0	0	452	
7	0	0	0	0	452	
8	0	0	0	0	454	
9	0	0	0	0	455	
10	0	0	0	0	456	
11	0	0	0	0	457	
12	0	0	0	0	458	
13	0	0	0	0	459	
14	0	0	0	0	460	
15	0	0	0	0	461	
0	0	0	0	0	462	
1	0	0	0	0	462	
2	0	0	0	0	463	
3	0	0	0	0	463	
4	0	0	0	0	464	
5	0	0	0	0	464	
6	0	0	0	0	464	
7	0	0	0	0	466	
8	0	0	0	0	467	
9	0	0	0	0	468	
10	0	0	0	0	469	
11	0	0	0	0	470	
12	0	0	0	0	472	
13	0	0	0	0	473	
14	0	0	0	0	474	
15	0	0	0	0	475	
0	0	0	0	0	475	
1	0	0	0	0	476	
2	0	0	0	0	476	
3	0	0	0	0	476	
4	0	0	0	0	476	
5	0	0	0	0	476	
6	0	0	0	0	476	
7	0	0	0	0	477	
8	0	0	0	0	477	
9	0	0	0	0	477	
10	0	0	0	0	478	
11	0	0	0	0	479	
12	0	0	0	0	480	
13	0	0	0	0	481	
14	0	0	0	0	483	
15	0	0	0	0	484	
0	0	0	0	0	485	
1	0	0	0	0	486	
2	0	0	0	0	486	
3	0	0	0	0	487	
4	0	0	0	0	488	
5	0	0	0	0	488	
6	0	0	0	0	488	
7	0	0	0	0	489	
8	0	0	0	0	489	
9	0	0	0	0	490	
10	0	0	0	0	491	
11	0	0	0	0	492	
12	0	0	0	0	493	
13	0	0	0	0	493	
14	0	0	0	0	494	
15	0	0	0	0	495	
0	0	0	0	0	495	
1	0	0	0	0	495	
2	0	0	0	0	496	
3	0	0	0	0	497	
4	0	0	0	0	497	
5	0	0	0	0	498	
6	0	0	0	0	498	
7	0	0	0	0	499	
8	0	0	0	0	499	
9	0	0	0	0	500	
10	0	0	0	0	502	
11	0	0	0	0	502	
12	0	0	0	0	503	
13	0	0	0	0	504	
14	0	0	0	0	504	
15	0	0	0	0	504	
0	0	0	0	0	505	
1	0	0	0	0	506	
2	0	0	0	0	505	
3	0	0	0	0	506	
4	0	0	0	0	507	
5	0	0	0	0	507	
6	0	0	0	0	508	
7	0	0	0	0	508	
8	0	0	0	0	508	
9	0	0	0	0	510	
10	0	0	0	0	510	
11	0	0	0	0	511	
12	0	0	0	0	512	
13	0	0	0	0	513	
14	0	0	0	0	515	
15	0	0	0	0	515	
0	0	0	0	0	515	
1	0	0	0	0	517	
2	0	0	0	0	518	
3	0	0	0	0	519	
4	0	0	0	0	519	
5	0	0	0	0	519	
6	0	0	0	0	518	
7	0	0	0	0	518	
8	0	0	0	0	518	
9	0	0	0	0	518	
10	0	0	0	0	517	
11	0	0	0	0	517	
12	0	0	0	0	518	
13	0	0	0	0	519	
14	0	0	0	0	520	
15	0	0	0	0	521	
0	0	0	0	0	521	
1	0	0	0	0	522	
2	0	0	0	0	523	
3	0	0	0	0	523	
4	0	0	0	0	524	
5	0	0	0	0	524	
6	0	0	0	0	525	
7	0	0	0	0	524	
8	0	0	0	0	524	
9	0	0	0	0	524	
10	0	0	0	0	524	
11	0	0	0	0	524	
12	0	0	0	0	523	
13	0	0	0	0	523	
14	0	0	0	0	523	
15	0	0	0	0	523	
0	0	0	0	0	523	
1	0	0	0	0	523	
2	0	0	0	0	523	
3	0	0	0	0	524	
4	0	0	0	0	524	
5	0	0	0	0	525	
6	0	0	0	0	526	
7	0	0	0	0	526	
8	0	0	0	0	527	
9	0	0	0	0	527	
10	0	0	0	0	527	
11	0	0	0	0	527	
12	0	0	0	0	526	
13	0	0	0	0	525	
14	0	0	0	0	526	
15	0	0	0	0	527	
0	0	0	0	0	527	
1	0	0	0	0	527	
2	0	0	0	0	527	
3	0	0	0	0	527	
4	0	0	0	0	528	
5	0	0	0	0	528	
6	0	0	0	0	527	
7	0	0	0	0	527	
8	0	0	0	0	526	
9	0	0	0	0	526	
10	0	0	0	0	526	
11	0	0	0	0	525	
12	0	0	0	0	526	
13	0	0	0	0	525	
14	0	0	0	0	525	
15	0	0	0	0	525	
0	0	0	0	0	526	
1	0	0	0	0	525	
2	0	0	0	0	524	
3	0	0	0	0	525	
4	0	0	0	0	524	
5	0	0	0	0	524	
6	0	0	0	0	523	
7	0	0	0	0	521	
8	0	0	0	0	519	
9	0	0	0	0	517	
10	0	0	0	0	515	
11	0	0	0	0	513	
12	0	0	0	0	512	
13	0	0	0	0	512	
14	0	0	0	0	511	
15	0	0	0	0	510	
0	0	0	0	0	508	
1	0	0	0	0	508	
2	0	0	0	0	507	
3	0	0	0	0	506	
4	0	0	0	0	505	
5	0	0	0	0	504	
6	0	0	0	0	501	
7	0	0	0	0	500	
8	0	0	0	0	498	
9	0	0	0	0	496	
10	0	0	0	0	494	
11	0	0	0	0	492	
12	0	0	0	0	490	
13	0	0	0	0	488	
14	0	0	0	0	487	
15	0	0	0	0	486	
0	0	0	0	0	484	
1	0	0	0	0	483	
2	0	0	0	0	482	
3	0	0	0	0	482	
4	0	0	0	0	481	
5	0	0	0	0	480	
6	0	0	0	0	479	
7	0	0	0	0	478	
8	0	0	0	0	477	
9	0	0	0	0	476	
10	0	0	0	0	476	
11	0	0	0	0	474	
12	0	0	0	0	473	
13	0	0	0	0	472	
14	0	0	0	0	472	
15	0	0	0	0	471	
0	0	0	0	0	470	
1	0	0	0	0	470	
2	0	0	0	0	470	
3	0	0	0	0	470	
4	0	0	0	0	470	
5	0	0	0	0	469	
6	0	0	0	0	469	
7	0	0	0	0	469	
8	0	0	0	0	468	
9	0	0	0	0	468	
10	0	0	0	0	469	
11	0	0	0	0	468	
12	0	0	0	0	468	
13	0	0	0	0	468	
14	0	0	0	0	468	
15	0	0	0	0	468	
0	0	0	0	0	467	
1	0	0	0	0	468	
2	0	0	0	0	468	
3	0	0	0	0	468	
4	0	0	0	0	468	
5	0	0	0	0	468	
6	0	0	0	0	469	
7	0	0	0	0	470	
8	0	0	0	0	470	
9	0	0	0	0	470	
10	0	0	0	0	470	
11	0	0	0	0	470	
12	0	0	0	0	470	
13	0	0	0	0	470	
14	0	0	0	0	470	
15	0	0	0	0	470	
0	0	0	0	0	470	
1	0	0	0	0	470	
2	0	0	0	0	471	
3	0	0	0	0	472	
4	0	0	0	0	473	
5	0	0	0	0	474	
6	0	0	0	0	475	
7	0	0	0	0	476	
8	0	0	0	0	476	
9	0	0	0	0	475	
10	0	0	0	0	475	
11	0	0	0	0	475	
12	0	0	0	0	475	
13	0	0	0	0	476	
14	0	0	0	0	475	
15	0	0	0	0	474	
0	0	0	0	0	474	
1	0	0	0	0	474	
2	0	0	0	0	475	
3	0	0	0	0	476	
4	0	0	0	0	477	
5	0	0	0	0	478	
6	0	0	0	0	478	
7	0	0	0	0	478	
8	0	0	0	0	478	
9	0	0	0	0	478	
10	0	0	0	0	479	
11	0	0	0	0	479	
12	0	0	0	0	479	
13	0	0	0	0	479	
14	0	0	0	0	479	
15	0	0	0	0	479	
0	0	0	0	0	479	
1	0	0	0	0	480	
2	0	0	0	0	480	
3	0	0	0	0	480	
4	0	0	0	0	481	
5	0	0	0	0	481	
6	0	0	0	0	482	
7	0	0	0	0	482	
8	0	0	0	0	483	
9	0	0	0	0	484	
10	0	0	0	0	484	
11	0	0	0	0	484	
12	0	0	0	0	484	
13	0	0	0	0	483	
14	0	0	0	0	484	
15	0	0	0	0	484	
0	0	0	0	0	484	
1	0	0	0	0	485	
2	0	0	0	0	485	
3	0	0	0	0	485	
4	0	0	0	0	485	
5	0	0	0	0	486	
6	0	0	0	0	486	
7	0	0	0	0	486	
8	0	0	0	0	486	
9	0	0	0	0	486	
10	0	0	0	0	486	
11	0	0	0	0	486	
12	0	0	0	0	485	
13	0	0	0	0	484	
14	0	0	0	0	483	
15	0	0	0	0	483	
0	0	0	0	0	483	
1	0	0	0	0	483	
2	0	0	0	0	483	
3	0	0	0	0	484	
4	0	0	0	0	484	
5	0	0	0	0	485	
6	0	0	0	0	487	
7	0	0	0	0	487	
8	0	0	0	0	488	
9	0	0	0	0	489	
10	0	0	0	0	489	
11	0	0	0	0	487	
12	0	0	0	0	487	
13	0	0	0	0	486	
14	0	0	0	0	486	
15	0	0	0	0	485	
0	0	0	0	0	485	
1	0	0	0	0	484	
2	0	0	0	0	484	
3	0	0	0	0	484	
4	0	0	0	0	484	
5	0	0	0	0	486	
6	0	0	0	0	488	
7	0	0	0	0	489	
8	0	0	0	0	491	
9	0	0	0	0	492	
10	0	0	0	0	492	
11	0	0	0	0	492	
12	0	0	0	0	492	
13	0	0	0	0	492	
14	0	0	0	0	492	
15	0	0	0	0	492	
0	0	0	0	0	492	
1	0	0	0	0	492	
2	0	0	0	0	492	
3	0	0	0	0	492	
4	0	0	0	0	493	
5	0	0	0	0	493	
6	0	0	0	0	493	
7	0	0	0	0	494	
8	0	0	0	0	495	
9	0	0	0	0	495	
10	0	0	0	0	495	
11	0	0	0	0	496	
12	0	0	0	0	496	
13	0	0	0	0	496	
14	0	0	0	0	496	
15	0	0	0	0	496	
0	0	0	0	0	497	
1	0	0	0	0	497	
2	0	0	0	0	496	
3	0	0	0	0	496	
4	0	0	0	0	496	
5	0	0	0	0	496	
6	0	0	0	0	496	
7	0	0	0	0	496	
8	0	0	0	0	497	
9	0	0	0	0	497	
10	0	0	0	0	497	
11	0	0	0	0	496	
12	0	0	0	0	496	
13	0	0	0	0	496	
14	0	0	0	0	496	
15	0	0	0	0	496	
0	0	0	0	0	496	
1	0	0	0	0	496	
2	0	0	0	0	496	
3	0	0	0	0	496	
4	0	0	0	0	496	
5	0	0	0	0	497	
6	0	0	0	0	497	
7	0	0	0	0	497	
8	0	0	0	0	497	
9	0	0	0	0	498	
10	0	0	0	0	498	
11	0	0	0	0	499	
12	0	0	0	0	499	
13	0	0	0	0	499	
14	0	0	0	0	498	
15	0	0	0	0	498	
0	0	0	0	0	498	
1	0	0	0	0	498	
2	0	0	0	0	497	
3	0	0	0	0	497	
4	0	0	0	0	497	
5	0	0	0	0	498	
6	0	0	0	0	498	
7	0	0	0	0	498	
8	0	0	0	0	498	
9	0	0	0	0	498	
10	0	0	0	0	498	
11	0	0	0	0	499	
12	0	0	0	0	499	
13	0	0	0	0	499	
14	0	0	0	0	499	
15	0	0	0	0	499	
0	0	0	0	0	499	
1	0	0	0	0	499	
2	0	0	0	0	499	
3	0	0	0	0	498	
4	0	0	0	0	497	
5	0	0	0	0	496	
6	0	0	0	0	496	
7	0	0	0	0	495	
8	0	0	0	0	495	
9	0	0	0	0	496	
10	0	0	0	0	496	
11	0	0	0	0	496	
12	0	0	0	0	497	
13	0	0	0	0	497	
14	0	0	0	0	497	
15	0	0	0	0	497	
0	0	0	0	0	498	
1	0	0	0	0	498	
2	0	0	0	0	498	
3	0	0	0	0	498	
4	0	0	0	0	498	
5	0	0	0	0	498	
6	0	0	0	0	498	
7	0	0	0	0	498	
8	0	0	0	0	498	
9	0	0	0	0	498	
10	0	0	0	0	498	
11	0	0	0	0	499	
12	0	0	0	0	499	
13	0	0	0	0	500	
14	0	0	0	0	501	
15	0	0	0	0	501	
0	0	0	0	0	501	
1	0	0	0	0	502	
2	0	0	0	0	501	
3	0	0	0	0	500	
4	0	0	0	0	500	
5	0	0	0	0	500	
6	0	0	0	0	500	
7	0	0	0	0	500	
8	0	0	0	0	500	
9	0	0	0	0	500	
10	0	0	0	0	500	
11	0	0	0	0	501	
12	0	0	0	0	502	
13	0	0	0	0	502	
14	0	0	0	0	502	
15	0	0	0	0	503	
0	0	0	0	0	503	
1	0	0	0	0	503	
2	0	0	0	0	503	
3	0	0	0	0	503	
4	0	0	0	0	503	
5	0	0	0	0	503	
6	0	0	0	0	503	
7	0	0	0	0	502	
8	0	0	0	0	504	
9	0	0	0	0	504	
10	0	0	0	0	504	
11	0	0	0	0	504	
12	0	0	0	0	505	
13	0	0	0	0	505	
14	0	0	0	0	505	
15	0	0	0	0	505	
0	0	0	0	0	504	
1	0	0	0	0	504	
2	0	0	0	0	504	
3	0	0	0	0	505	
4	0	0	0	0	505	
5	0	0	0	0	504	
6	0	0	0	0	504	
7	0	0	0	0	504	
8	0	0	0	0	505	
9	0	0	0	0	507	
10	0	0	0	0	508	
11	0	0	0	0	509	
12	0	0	0	0	510	
13	0	0	0	0	511	
14	0	0	0	0	512	
15	0	0	0	0	513	
0	0	0	0	0	515	
1	0	0	0	0	516	
2	0	0	0	0	518	
3	0	0	0	0	518	
4	0	0	0	0	519	
5	0	0	0	0	519	
6	0	0	0	0	519	
7	0	0	0	0	519	
8	0	0	0	0	518	
9	0	0	0	0	519	
10	0	0	0	0	519	
11	0	0	0	0	520	
12	0	0	0	0	521	
13	0	0	0	0	523	
14	0	0	0	0	525	
15	0	0	0	0	527	
0	0	0	0	0	528	
1	0	0	0	0	530	
2	0	0	0	0	531	
3	0	0	0	0	533	
4	0	0	0	0	536	
5	0	0	0	0	539	
6	0	0	0	0	542	
7	0	0	0	0	545	
8	0	0	0	0	548	
9	0	0	0	0	549	
10	0	0	0	0	551	
11	0	0	0	0	550	
12	0	0	0	0	550	
13	0	0	0	0	549	
14	0	0	0	0	549	
15	0	0	0	0	547	
0	0	0	0	0	546	
1	0	0	0	0	544	
2	0	0	0	0	543	
3	0	0	0	0	541	
4	0	0	0	0	539	
5	0	0	0	0	536	
6	0	0	0	0	534	
7	0	0	0	0	531	
8	0	0	0	0	529	
9	0	0	0	0	527	
10	0	0	0	0	525	
11	0	0	0	0	523	
12	0	0	0	0	522	
13	0	0	0	0	522	
14	0	0	0	0	521	
15	0	0	0	0	521	
0	0	0	0	0	519	
1	0	0	0	0	517	
2	0	0	0	0	515	
3	0	0	0	0	514	
4	0	0	0	0	512	
5	0	0	0	0	512	
6	0	0	0	0	511	
7	0	0	0	0	509	
8	0	0	0	0	508	
9	0	0	0	0	507	
10	0	0	0	0	505	
11	0	0	0	0	504	
12	0	0	0	0	503	
13	0	0	0	0	502	
14	0	0	0	0	500	
15	0	0	0	0	499	
0	0	0	0	0	499	
1	0	0	0	0	498	
2	0	0	0	0	497	
3	0	0	0	0	496	
4	0	0	0	0	495	
5	0	0	0	0	495	
6	0	0	0	0	495	
7	0	0	0	0	495	
8	0	0	0	0	494	
9	0	0	0	0	494	
10	0	0	0	0	493	
11	0	0	0	0	492	
12	0	0	0	0	492	
13	0	0	0	0	492	
14	0	0	0	0	491	
15	0	0	0	0	491	
0	0	0	0	0	491	
1	0	0	0	0	490	
2	0	0	0	0	490	
3	0	0	0	0	489	
4	0	0	0	0	489	
5	0	0	0	0	489	
6	0	0	0	0	489	
7	0	0	0	0	489	
8	0	0	0	0	490	
9	0	0	0	0	490	
10	0	0	0	0	491	
11	0	0	0	0	490	
12	0	0	0	0	489	
13	0	0	0	0	490	
14	0	0	0	0	490	
15	0	0	0	0	491	
0	0	0	0	0	491	
1	0	0	0	0	492	
2	0	0	0	0	493	
3	0	0	0	0	494	
4	0	0	0	0	494	
5	0	0	0	0	495	
6	0	0	0	0	494	
7	0	0	0	0	494	
8	0	0	0	0	494	
9	0	0	0	0	493	
10	0	0	0	0	492	
11	0	0	0	0	492	
12	0	0	0	0	491	
13	0	0	0	0	489	
14	0	0	0	0	487	
15	0	0	0	0	486	
0	0	0	0	0	484	
1	0	0	0	0	482	
2	0	0	0	0	481	
3	0	0	0	0	479	
4	0	0	0	0	477	
5	0	0	0	0	473	
6	0	0	0	0	470	
7	0	0	0	0	465	
8	0	0	0	0	460	
9	0	0	0	0	456	
10	0	0	0	0	454	
11	0	0	0	0	452	
12	0	0	0	0	452	
13	0	0	0	0	450	
14	0	0	0	0	448	
15	0	0	0	0	445	
0	0	0	0	0	443	
1	0	0	0	0	441	
2	0	0	0	0	440	
3	0	0	0	0	441	
4	0	0	0	0	443	
5	0	0	0	0	447	
6	0	0	0	0	455	
7	0	0	0	0	470	
8	0	0	0	0	488	
9	0	0	0	0	513	
10	0	0	0	0	543	
11	0	0	0	0	579	
12	0	0	0	0	620	
13	0	0	0	0	664	
14	0	0	0	0	709	
15	0	0	0	0	756	
0	0	0	0	0	804	
1	0	0	0	0	851	
2	0	0	0	0	893	
3	0	0	0	0	924	
4	0	0	0	0	944	
5	0	0	0	0	952	
6	0	0	0	0	947	
7	0	0	0	0	931	
8	0	0	0	0	908	
9	0	0	0	0	880	
10	0	0	0	0	848	
11	0	0	0	0	814	
12	0	0	0	0	782	
13	0	0	0	0	752	
14	0	0	0	0	724	
15	0	0	0	0	699	
0	0	0	0	0	673	
1	0	0	0	0	649	
2	0	0	0	0	625	
3	0	0	0	0	604	
4	0	0	0	0	585	
5	0	0	0	0	568	
6	0	0	0	0	553	
7	0	0	0	0	540	
8	0	0	0	0	531	
9	0	0	0	0	522	
10	0	0	0	0	517	
11	0	0	0	0	512	
12	0	0	0	0	507	
13	0	0	0	0	503	
14	0	0	0	0	499	
15	0	0	0	0	493	
0	0	0	0	0	487	
1	0	0	0	0	481	
2	0	0	0	0	475	
3	0	0	0	0	469	
4	0	0	0	0	465	
5	0	0	0	0	462	
6	0	0	0	0	458	
7	0	0	0	0	455	
8	0	0	0	0	453	
9	0	0	0	0	451	
10	0	0	0	0	448	
11	0	0	0	0	448	
12	0	0	0	0	447	
13	0	0	0	0	447	
14	0	0	0	0	446	
15	0	0	0	0	445	
0	0	0	0	0	444	
1	0	0	0	0	444	
2	0	0	0	0	443	
3	0	0	0	0	443	
4	0	0	0	0	442	
5	0	0	0	0	442	
6	0	0	0	0	441	
7	0	0	0	0	441	
8	0	0	0	0	441	
9	0	0	0	0	441	
10	0	0	0	0	441	
11	0	0	0	0	441	
12	0	0	0	0	440	
13	0	0	0	0	439	
14	0	0	0	0	439	
15	0	0	0	0	439	
0	0	0	0	0	440	
1	0	0	0	0	440	
2	0	0	0	0	440	
3	0	0	0	0	442	
4	0	0	0	0	443	
5	0	0	0	0	444	
6	0	0	0	0	446	
7	0	0	0	0	448	
8	0	0	0	0	448	
9	0	0	0	0	449	
10	0	0	0	0	451	
11	0	0	0	0	452	
12	0	0	0	0	453	
13	0	0	0	0	454	
14	0	0	0	0	454	
15	0	0	0	0	455	
0	0	0	0	0	456	
1	0	0	0	0	456	
2	0	0	0	0	456	
3	0	0	0	0	456	
4	0	0	0	0	457	
5	0	0	0	0	458	
6	0	0	0	0	459	
7	0	0	0	0	460	
8	0	0	0	0	461	
9	0	0	0	0	462	
10	0	0	0	0	463	
11	0	0	0	0	463	
12	0	0	0	0	464	
13	0	0	0	0	464	
14	0	0	0	0	464	
15	0	0	0	0	464	
0	0	0	0	0	464	
1	0	0	0	0	465	
2	0	0	0	0	466	
3	0	0	0	0	467	
4	0	0	0	0	468	
5	0	0	0	0	469	
6	0	0	0	0	470	
7	0	0	0	0	471	
8	0	0	0	0	471	
9	0	0	0	0	472	
10	0	0	0	0	472	
11	0	0	0	0	473	
12	0	0	0	0	473	
13	0	0	0	0	473	
14	0	0	0	0	474	
15	0	0	0	0	475	
0	0	0	0	0	475	
1	0	0	0	0	476	
2	0	0	0	0	477	
3	0	0	0	0	477	
4	0	0	0	0	477	
5	0	0	0	0	477	
6	0	0	0	0	478	
7	0	0	0	0	479	
8	0	0	0	0	480	
9	0	0	0	0	481	
10	0	0	0	0	483	
11	0	0	0	0	484	
12	0	0	0	0	486	
13	0	0	0	0	487	
14	0	0	0	0	487	
15	0	0	0	0	488	
0	0	0	0	0	489	
1	0	0	0	0	489	
2	0	0	0	0	489	
3	0	0	0	0	489	
4	0	0	0	0	490	
5	0	0	0	0	491	
6	0	0	0	0	491	
7	0	0	0	0	492	
8	0	0	0	0	493	
9	0	0	0	0	494	
10	0	0	0	0	495	
11	0	0	0	0	495	
12	0	0	0	0	496	
13	0	0	0	0	497	
14	0	0	0	0	497	
15	0	0	0	0	497	
0	0	0	0	0	498	
1	0	0	0	0	498	
2	0	0	0	0	499	
3	0	0	0	0	498	
4	0	0	0	0	499	
5	0	0	0	0	500	
6	0	0	0	0	501	
7	0	0	0	0	502	
8	0	0	0	0	503	
9	0	0	0	0	504	
10	0	0	0	0	505	
11	0	0	0	0	506	
12	0	0	0	0	506	
13	0	0	0	0	507	
14	0	0	0	0	508	
15	0	0	0	0	508	
0	0	0	0	0	508	
1	0	0	0	0	509	
2	0	0	0	0	510	
3	0	0	0	0	511	
4	0	0	0	0	511	
5	0	0	0	0	512	
6	0	0	0	0	513	
7	0	0	0	0	515	
8	0	0	0	0	516	
9	0	0	0	0	517	
10	0	0	0	0	518	
11	0	0	0	0	517	
12	0	0	0	0	518	
13	0	0	0	0	519	
14	0	0	0	0	520	
15	0	0	0	0	521	
0	0	0	0	0	521	
1	0	0	0	0	521	
2	0	0	0	0	521	
3	0	0	0	0	520	
4	0	0	0	0	520	
5	0	0	0	0	520	
6	0	0	0	0	520	
7	0	0	0	0	521	
8	0	0	0	0	522	
9	0	0	0	0	523	
10	0	0	0	0	524	
11	0	0	0	0	524	
12	0	0	0	0	524	
13	0	0	0	0	525	
14	0	0	0	0	525	
15	0	0	0	0	526	
0	0	0	0	0	526	
1	0	0	0	0	526	
2	0	0	0	0	526	
3	0	0	0	0	526	
4	0	0	0	0	527	
5	0	0	0	0	527	
6	0	0	0	0	527	
7	0	0	0	0	528	
8	0	0	0	0	529	
9	0	0	0	0	531	
10	0	0	0	0	532	
11	0	0	0	0	533	
12	0	0	0	0	534	
13	0	0	0	0	534	
14	0	0	0	0	535	
15	0	0	0	0	534	
0	0	0	0	0	534	
1	0	0	0	0	535	
2	0	0	0	0	535	
3	0	0	0	0	534	
4	0	0	0	0	534	
5	0	0	0	0	534	
6	0	0	0	0	534	
7	0	0	0	0	534	
8	0	0	0	0	534	
9	0	0	0	0	535	
10	0	0	0	0	535	
11	0	0	0	0	536	
12	0	0	0	0	536	
13	0	0	0	0	536	
14	0	0	0	0	537	
15	0	0	0	0	537	
0	0	0	0	0	538	
1	0	0	0	0	538	
2	0	0	0	0	537	
3	0	0	0	0	537	
4	0	0	0	0	536	
5	0	0	0	0	536	
6	0	0	0	0	536	
7	0	0	0	0	536	
8	0	0	0	0	536	
9	0	0	0	0	535	
10	0	0	0	0	535	
11	0	0	0	0	535	
12	0	0	0	0	536	
13	0	0	0	0	536	
14	0	0	0	0	536	
15	0	0	0	0	537	
0	0	0	0	0	536	
1	0	0	0	0	536	
2	0	0	0	0	536	
3	0	0	0	0	537	
4	0	0	0	0	536	
5	0	0	0	0	536	
6	0	0	0	0	536	
7	0	0	0	0	535	
8	0	0	0	0	534	
9	0	0	0	0	533	
10	0	0	0	0	532	
11	0	0	0	0	531	
12	0	0	0	0	531	
13	0	0	0	0	530	
14	0	0	0	0	529	
15	0	0	0	0	528	
0	0	0	0	0	527	
1	0	0	0	0	526	
2	0	0	0	0	524	
3	0	0	0	0	523	
4	0	0	0	0	521	
5	0	0	0	0	520	
6	0	0	0	0	519	
7	0	0	0	0	517	
8	0	0	0	0	515	
9	0	0	0	0	513	
10	0	0	0	0	512	
11	0	0	0	0	510	
12	0	0	0	0	508	
13	0	0	0	0	507	
14	0	0	0	0	505	
15	0	0	0	0	504	
0	0	0	0	0	504	
1	0	0	0	0	502	
2	0	0	0	0	502	
3	0	0	0	0	500	
4	0	0	0	0	497	
5	0	0	0	0	496	
6	0	0	0	0	495	
7	0	0	0	0	494	
8	0	0	0	0	491	
9	0	0	0	0	489	
10	0	0	0	0	489	
11	0	0	0	0	488	
12	0	0	0	0	487	
13	0	0	0	0	487	
14	0	0	0	0	486	
15	0	0	0	0	486	
0	0	0	0	0	485	
1	0	0	0	0	485	
2	0	0	0	0	484	
3	0	0	0	0	484	
4	0	0	0	0	483	
5	0	0	0	0	481	
6	0	0	0	0	481	
7	0	0	0	0	480	
8	0	0	0	0	480	
9	0	0	0	0	479	
10	0	0	0	0	479	
11	0	0	0	0	479	
12	0	0	0	0	478	
13	0	0	0	0	478	
14	0	0	0	0	478	
15	0	0	0	0	478	
0	0	0	0	0	479	
1	0	0	0	0	479	
2	0	0	0	0	479	
3	0	0	0	0	479	
4	0	0	0	0	479	
5	0	0	0	0	479	
6	0	0	0	0	479	
7	0	0	0	0	479	
8	0	0	0	0	478	
9	0	0	0	0	477	
10	0	0	0	0	476	
11	0	0	0	0	476	
12	0	0	0	0	476	
13	0	0	0	0	476	
14	0	0	0	0	477	
15	0	0	0	0	477	
0	0	0	0	0	479	
1	0	0	0	0	480	
2	0	0	0	0	480	
3	0	0	0	0	481	
4	0	0	0	0	481	
5	0	0	0	0	481	
6	0	0	0	0	482	
7	0	0	0	0	482	
8	0	0	0	0	482	
9	0	0	0	0	482	
10	0	0	0	0	481	
11	0	0	0	0	482	
12	0	0	0	0	483	
13	0	0	0	0	483	
14	0	0	0	0	483	
15	0	0	0	0	483	
0	0	0	0	0	484	
1	0	0	0	0	485	
2	0	0	0	0	486	
3	0	0	0	0	486	
4	0	0	0	0	487	
5	0	0	0	0	487	
6	0	0	0	0	488	
7	0	0	0	0	488	
8	0	0	0	0	488	
9	0	0	0	0	488	
10	0	0	0	0	489	
11	0	0	0	0	489	
12	0	0	0	0	489	
13	0	0	0	0	490	
14	0	0	0	0	490	
15	0	0	0	0	491	
0	0	0	0	0	491	
1	0	0	0	0	491	
2	0	0	0	0	492	
3	0	0	0	0	492	
4	0	0	0	0	493	
5	0	0	0	0	493	
6	0	0	0	0	493	
7	0	0	0	0	493	
8	0	0	0	0	494	
9	0	0	0	0	495	
10	0	0	0	0	495	
11	0	0	0	0	494	
12	0	0	0	0	493	
13	0	0	0	0	493	
14	0	0	0	0	494	
15	0	0	0	0	493	
0	0	0	0	0	494	
1	0	0	0	0	494	
2	0	0	0	0	495	
3	0	0	0	0	496	
4	0	0	0	0	496	
5	0	0	0	0	497	
6	0	0	0	0	498	
7	0	0	0	0	498	
8	0	0	0	0	498	
9	0	0	0	0	498	
10	0	0	0	0	497	
11	0	0	0	0	497	
12	0	0	0	0	497	
13	0	0	0	0	497	
14	0	0	0	0	497	
15	0	0	0	0	497	
0	0	0	0	0	497	
1	0	0	0	0	497	
2	0	0	0	0	498	
3	0	0	0	0	499	
4	0	0	0	0	499	
5	0	0	0	0	500	
6	0	0	0	0	501	
7	0	0	0	0	501	
8	0	0	0	0	501	
9	0	0	0	0	501	
10	0	0	0	0	500	
11	0	0	0	0	499	
12	0	0	0	0	499	
13	0	0	0	0	499	
14	0	0	0	0	499	
15	0	0	0	0	499	
0	0	0	0	0	500	
1	0	0	0	0	501	
2	0	0	0	0	501	
3	0	0	0	0	502	
4	0	0	0	0	502	
5	0	0	0	0	502	
6	0	0	0	0	502	
7	0	0	0	0	502	
8	0	0	0	0	502	
9	0	0	0	0	502	
10	0	0	0	0	502	
11	0	0	0	0	502	
12	0	0	0	0	502	
13	0	0	0	0	501	
14	0	0	0	0	501	
15	0	0	0	0	501	
0	0	0	0	0	502	
1	0	0	0	0	502	
2	0	0	0	0	502	
3	0	0	0	0	502	
4	0	0	0	0	503	
5	0	0	0	0	503	
6	0	0	0	0	503	
7	0	0	0	0	503	
8	0	0	0	0	504	
9	0	0	0	0	504	
10	0	0	0	0	504	
11	0	0	0	0	504	
12	0	0	0	0	504	
13	0	0	0	0	504	
14	0	0	0	0	504	
15	0	0	0	0	504	
0	0	0	0	0	504	
1	0	0	0	0	504	
2	0	0	0	0	504	
3	0	0	0	0	504	
4	0	0	0	0	504	
5	0	0	0	0	505	
6	0	0	0	0	505	
7	0	0	0	0	506	
8	0	0	0	0	507	
9	0	0	0	0	507	
10	0	0	0	0	507	
11	0	0	0	0	507	
12	0	0	0	0	506	
13	0	0	0	0	505	
14	0	0	0	0	505	
15	0	0	0	0	505	
0	0	0	0	0	504	
1	0	0	0	0	505	
2	0	0	0	0	505	
3	0	0	0	0	505	
4	0	0	0	0	505	
5	0	0	0	0	507	
6	0	0	0	0	507	
7	0	0	0	0	507	
8	0	0	0	0	507	
9	0	0	0	0	507	
10	0	0	0	0	507	
11	0	0	0	0	507	
12	0	0	0	0	507	
13	0	0	0	0	507	
14	0	0	0	0	506	
15	0	0	0	0	506	
0	0	0	0	0	505	
1	0	0	0	0	505	
2	0	0	0	0	505	
3	0	0	0	0	504	
4	0	0	0	0	504	
5	0	0	0	0	504	
6	0	0	0	0	504	
7	0	0	0	0	505	
8	0	0	0	0	505	
9	0	0	0	0	506	
10	0	0	0	0	506	
11	0	0	0	0	506	
12	0	0	0	0	507	
13	0	0	0	0	507	
14	0	0	0	0	506	
15	0	0	0	0	507	
0	0	0	0	0	507	
1	0	0	0	0	507	
2	0	0	0	0	507	
3	0	0	0	0	507	
4	0	0	0	0	508	
5	0	0	0	0	508	
6	0	0	0	0	508	
7	0	0	0	0	508	
8	0	0	0	0	509	
9	0	0	0	0	510	
10	0	0	0	0	509	
11	0	0	0	0	510	
12	0	0	0	0	510	
13	0	0	0	0	510	
14	0	0	0	0	510	
15	0	0	0	0	510	
0	0	0	0	0	510	
1	0	0	0	0	510	
2	0	0	0	0	510	
3	0	0	0	0	510	
4	0	0	0	0	510	
5	0	0	0	0	511	
6	0	0	0	0	511	
7	0	0	0	0	511	
8	0	0	0	0	512	
9	0	0	0	0	512	
10	0	0	0	0	512	
11	0	0	0	0	512	
12	0	0	0	0	512	
13	0	0	0	0	512	
14	0	0	0	0	511	
15	0	0	0	0	510	
0	0	0	0	0	510	
1	0	0	0	0	510	
2	0	0	0	0	509	
3	0	0	0	0	509	
4	0	0	0	0	509	
5	0	0	0	0	509	
6	0	0	0	0	510	
7	0	0	0	0	511	
8	0	0	0	0	511	
9	0	0	0	0	511	
10	0	0	0	0	512	
11	0	0	0	0	511	
12	0	0	0	0	512	
13	0	0	0	0	513	
14	0	0	0	0	512	
15	0	0	0	0	513	
0	0	0	0	0	513	
1	0	0	0	0	512	
2	0	0	0	0	512	
3	0	0	0	0	512	
4	0	0	0	0	512	
5	0	0	0	0	512	
6	0	0	0	0	512	
7	0	0	0	0	513	
8	0	0	0	0	514	
9	0	0	0	0	515	
10	0	0	0	0	515	
11	0	0	0	0	515	
12	0	0	0	0	515	
13	0	0	0	0	515	
14	0	0	0	0	516	
15	0	0	0	0	516	
0	0	0	0	0	516	
1	0	0	0	0	515	
2	0	0	0	0	515	
3	0	0	0	0	515	
4	0	0	0	0	515	
5	0	0	0	0	515	
6	0	0	0	0	514	
7	0	0	0	0	515	
8	0	0	0	0	515	
9	0	0	0	0	515	
10	0	0	0	0	515	
11	0	0	0	0	516	
12	0	0	0	0	516	
13	0	0	0	0	516	
14	0	0	0	0	516	
15	0	0	0	0	516	
0	0	0	0	0	516	
1	0	0	0	0	516	
2	0	0	0	0	516	
3	0	0	0	0	517	
4	0	0	0	0	518	
5	0	0	0	0	519	
6	0	0	0	0	519	
7	0	0	0	0	520	
8	0	0	0	0	521	
9	0	0	0	0	521	
10	0	0	0	0	521	
11	0	0	0	0	523	
12	0	0	0	0	524	
13	0	0	0	0	525	
14	0	0	0	0	527	
15	0	0	0	0	528	
0	0	0	0	0	529	
1	0	0	0	0	530	
2	0	0	0	0	530	
3	0	0	0	0	530	
4	0	0	0	0	529	
5	0	0	0	0	529	
6	0	0	0	0	529	
7	0	0	0	0	529	
8	0	0	0	0	530	
9	0	0	0	0	531	
10	0	0	0	0	532	
11	0	0	0	0	534	
12	0	0	0	0	536	
13	0	0	0	0	538	
14	0	0	0	0	540	
15	0	0	0	0	541	
0	0	0	0	0	543	
1	0	0	0	0	545	
2	0	0	0	0	548	
3	0	0	0	0	551	
4	0	0	0	0	554	
5	0	0	0	0	556	
6	0	0	0	0	556	
7	0	0	0	0	557	
8	0	0	0	0	557	
9	0	0	0	0	556	
10	0	0	0	0	554	
11	0	0	0	0	552	
12	0	0	0	0	551	
13	0	0	0	0	549	
14	0	0	0	0	547	
15	0	0	0	0	546	
0	0	0	0	0	544	
1	0	0	0	0	543	
2	0	0	0	0	540	
3	0	0	0	0	537	
4	0	0	0	0	535	
5	0	0	0	0	532	
6	0	0	0	0	530	
7	0	0	0	0	528	
8	0	0	0	0	527	
9	0	0	0	0	527	
10	0	0	0	0	526	
11	0	0	0	0	525	
12	0	0	0	0	525	
13	0	0	0	0	524	
14	0	0	0	0	523	
15	0	0	0	0	523	
0	0	0	0	0	523	
1	0	0	0	0	522	
2	0	0	0	0	521	
3	0	0	0	0	519	
4	0	0	0	0	518	
5	0	0	0	0	516	
6	0	0	0	0	515	
7	0	0	0	0	514	
8	0	0	0	0	512	
9	0	0	0	0	511	
10	0	0	0	0	510	
11	0	0	0	0	510	
12	0	0	0	0	510	
13	0	0	0	0	509	
14	0	0	0	0	508	
15	0	0	0	0	508	
0	0	0	0	0	507	
1	0	0	0	0	507	
2	0	0	0	0	508	
3	0	0	0	0	507	
4	0	0	0	0	506	
5	0	0	0	0	505	
6	0	0	0	0	504	
7	0	0	0	0	504	
8	0	0	0	0	503	
9	0	0	0	0	501	
10	0	0	0	0	500	
11	0	0	0	0	500	
12	0	0	0	0	500	
13	0	0	0	0	501	
14	0	0	0	0	500	
15	0	0	0	0	501	
0	0	0	0	0	501	
1	0	0	0	0	501	
2	0	0	0	0	500	
3	0	0	0	0	501	
4	0	0	0	0	502	
5	0	0	0	0	502	
6	0	0	0	0	501	
7	0	0	0	0	500	
8	0	0	0	0	498	
9	0	0	0	0	499	
10	0	0	0	0	499	
11	0	0	0	0	500	
12	0	0	0	0	501	
13	0	0	0	0	500	
14	0	0	0	0	500	
15	0	0	0	0	500	
0	0	0	0	0	499	
1	0	0	0	0	499	
2	0	0	0	0	499	
3	0	0	0	0	499	
4	0	0	0	0	499	
5	0	0	0	0	498	
6	0	0	0	0	498	
7	0	0	0	0	497	
8	0	0	0	0	497	
9	0	0	0	0	497	
10	0	0	0	0	496	
11	0	0	0	0	493	
12	0	0	0	0	491	
13	0	0	0	0	489	
14	0	0	0	0	487	
15	0	0	0	0	486	
0	0	0	0	0	484	
1	0	0	0	0	481	
2	0	0	0	0	478	
3	0	0	0	0	473	
4	0	0	0	0	469	
5	0	0	0	0	466	
6	0	0	0	0	462	
7	0	0	0	0	460	
8	0	0	0	0	458	
9	0	0	0	0	455	
10	0	0	0	0	451	
11	0	0	0	0	448	
12	0	0	0	0	445	
13	0	0	0	0	441	
14	0	0	0	0	439	
15	0	0	0	0	437	
0	0	0	0	0	438	
1	0	0	0	0	441	
2	0	0	0	0	449	
3	0	0	0	0	462	
4	0	0	0	0	477	
5	0	0	0	0	500	
6	0	0	0	0	527	
7	0	0	0	0	561	
8	0	0	0	0	603	
9	0	0	0	0	647	
10	0	0	0	0	692	
11	0	0	0	0	739	
12	0	0	0	0	789	
13	0	0	0	0	838	
14	0	0	0	0	884	
15	0	0	0	0	919	
0	0	0	0	0	942	
1	0	0	0	0	952	
2	0	0	0	0	950	
3	0	0	0	0	937	
4	0	0	0	0	917	
5	0	0	0	0	892	
6	0	0	0	0	864	
7	0	0	0	0	833	
8	0	0	0	0	803	
9	0	0	0	0	775	
10	0	0	0	0	750	
11	0	0	0	0	725	
12	0	0	0	0	700	
13	0	0	0	0	675	
14	0	0	0	0	651	
15	0	0	0	0	628	
0	0	0	0	0	608	
1	0	0	0	0	590	
2	0	0	0	0	574	
3	0	0	0	0	560	
4	0	0	0	0	548	
5	0	0	0	0	539	
6	0	0	0	0	532	
7	0	0	0	0	526	
8	0	0	0	0	520	
9	0	0	0	0	515	
10	0	0	0	0	510	
11	0	0	0	0	504	
12	0	0	0	0	497	
13	0	0	0	0	489	
14	0	0	0	0	483	
15	0	0	0	0	478	
0	0	0	0	0	473	
1	0	0	0	0	469	
2	0	0	0	0	466	
3	0	0	0	0	463	
4	0	0	0	0	461	
5	0	0	0	0	458	
6	0	0	0	0	456	
7	0	0	0	0	454	
8	0	0	0	0	452	
9	0	0	0	0	451	
10	0	0	0	0	449	
11	0	0	0	0	448	
12	0	0	0	0	447	
13	0	0	0	0	447	
14	0	0	0	0	447	
15	0	0	0	0	446	
0	0	0	0	0	446	
1	0	0	0	0	446	
2	0	0	0	0	447	
3	0	0	0	0	447	
4	0	0	0	0	447	
5	0	0	0	0	447	
6	0	0	0	0	446	
7	0	0	0	0	447	
8	0	0	0	0	446	
9	0	0	0	0	446	
10	0	0	0	0	446	
11	0	0	0	0	446	
12	0	0	0	0	446	
13	0	0	0	0	446	
14	0	0	0	0	447	
15	0	0	0	0	447	
0	0	0	0	0	448	
1	0	0	0	0	449	
2	0	0	0	0	450	
3	0	0	0	0	451	
4	0	0	0	0	453	
5	0	0	0	0	455	
6	0	0	0	0	455	
7	0	0	0	0	455	
8	0	0	0	0	456	
9	0	0	0	0	457	
10	0	0	0	0	457	
11	0	0	0	0	457	
12	0	0	0	0	458	
13	0	0	0	0	458	
14	0	0	0	0	459	
15	0	0	0	0	460	
0	0	0	0	0	461	
1	0	0	0	0	462	
2	0	0	0	0	463	
3	0	0	0	0	465	
4	0	0	0	0	466	
5	0	0	0	0	467	
6	0	0	0	0	468	
7	0	0	0	0	468	
8	0	0	0	0	469	
9	0	0	0	0	469	
10	0	0	0	0	471	
11	0	0	0	0	471	
12	0	0	0	0	471	
13	0	0	0	0	471	
14	0	0	0	0	472	
15	0	0	0	0	472	
0	0	0	0	0	473	
1	0	0	0	0	475	
2	0	0	0	0	476	
3	0	0	0	0	476	
4	0	0	0	0	477	
5	0	0	0	0	478	
6	0	0	0	0	479	
7	0	0	0	0	479	
8	0	0	0	0	481	
9	0	0	0	0	481	
10	0	0	0	0	482	
11	0	0	0	0	483	
12	0	0	0	0	484	
13	0	0	0	0	484	
14	0	0	0	0	484	
15	0	0	0	0	484	
0	0	0	0	0	484	
1	0	0	0	0	484	
2	0	0	0	0	484	
3	0	0	0	0	486	
4	0	0	0	0	487	
5	0	0	0	0	487	
6	0	0	0	0	488	
7	0	0	0	0	488	
8	0	0	0	0	489	
9	0	0	0	0	489	
10	0	0	0	0	491	
11	0	0	0	0	491	
12	0	0	0	0	492	
13	0	0	0	0	492	
14	0	0	0	0	493	
15	0	0	0	0	494	
0	0	0	0	0	495	
1	0	0	0	0	495	
2	0	0	0	0	496	
3	0	0	0	0	497	
4	0	0	0	0	498	
5	0	0	0	0	499	
6	0	0	0	0	502	
7	0	0	0	0	503	
8	0	0	0	0	504	
9	0	0	0	0	505	
10	0	0	0	0	506	
11	0	0	0	0	505	
12	0	0	0	0	505	
13	0	0	0	0	505	
14	0	0	0	0	506	
15	0	0	0	0	506	
0	0	0	0	0	506	
1	0	0	0	0	506	
2	0	0	0	0	507	
3	0	0	0	0	508	
4	0	0	0	0	509	
5	0	0	0	0	511	
6	0	0	0	0	512	
7	0	0	0	0	513	
8	0	0	0	0	514	
9	0	0	0	0	514	
10	0	0	0	0	515	
11	0	0	0	0	516	
12	0	0	0	0	516	
13	0	0	0	0	517	
14	0	0	0	0	518	
15	0	0	0	0	518	
0	0	0	0	0	518	
1	0	0	0	0	518	
2	0	0	0	0	518	
3	0	0	0	0	518	
4	0	0	0	0	519	
5	0	0	0	0	519	
6	0	0	0	0	519	
7	0	0	0	0	521	
8	0	0	0	0	522	
9	0	0	0	0	523	
10	0	0	0	0	524	
11	0	0	0	0	524	
12	0	0	0	0	525	
13	0	0	0	0	526	
14	0	0	0	0	526	
15	0	0	0	0	526	
0	0	0	0	0	527	
1	0	0	0	0	527	
2	0	0	0	0	528	
3	0	0	0	0	529	
4	0	0	0	0	529	
5	0	0	0	0	530	
6	0	0	0	0	531	
7	0	0	0	0	531	
8	0	0	0	0	532	
9	0	0	0	0	534	
10	0	0	0	0	535	
11	0	0	0	0	535	
12	0	0	0	0	536	
13	0	0	0	0	536	
14	0	0	0	0	536	
15	0	0	0	0	536	
0	0	0	0	0	536	
1	0	0	0	0	536	
2	0	0	0	0	536	
3	0	0	0	0	537	
4	0	0	0	0	537	
5	0	0	0	0	537	
6	0	0	0	0	538	
7	0	0	0	0	539	
8	0	0	0	0	540	
9	0	0	0	0	539	
10	0	0	0	0	540	
11	0	0	0	0	541	
12	0	0	0	0	540	
13	0	0	0	0	540	
14	0	0	0	0	540	
15	0	0	0	0	540	
0	0	0	0	0	540	
1	0	0	0	0	540	
2	0	0	0	0	540	
3	0	0	0	0	540	
4	0	0	0	0	540	
5	0	0	0	0	540	
6	0	0	0	0	540	
7	0	0	0	0	541	
8	0	0	0	0	541	
9	0	0	0	0	542	
10	0	0	0	0	542	
11	0	0	0	0	543	
12	0	0	0	0	543	
13	0	0	0	0	542	
14	0	0	0	0	543	
15	0	0	0	0	542	
0	0	0	0	0	542	
1	0	0	0	0	543	
2	0	0	0	0	543	
3	0	0	0	0	543	
4	0	0	0	0	543	
5	0	0	0	0	543	
6	0	0	0	0	542	
7	0	0	0	0	543	
8	0	0	0	0	543	
9	0	0	0	0	543	
10	0	0	0	0	544	
11	0	0	0	0	544	
12	0	0	0	0	545	
13	0	0	0	0	545	
14	0	0	0	0	544	
15	0	0	0	0	544	
0	0	0	0	0	543	
1	0	0	0	0	543	
2	0	0	0	0	543	
3	0	0	0	0	542	
4	0	0	0	0	542	
5	0	0	0	0	542	
6	0	0	0	0	541	
7	0	0	0	0	540	
8	0	0	0	0	540	
9	0	0	0	0	537	
10	0	0	0	0	536	
11	0	0	0	0	535	
12	0	0	0	0	535	
13	0	0	0	0	533	
14	0	0	0	0	532	
15	0	0	0	0	531	
0	0	0	0	0	530	
1	0	0	0	0	528	
2	0	0	0	0	526	
3	0	0	0	0	524	
4	0	0	0	0	521	
5	0	0	0	0	520	
6	0	0	0	0	518	
7	0	0	0	0	515	
8	0	0	0	0	515	
9	0	0	0	0	513	
10	0	0	0	0	512	
11	0	0	0	0	511	
12	0	0	0	0	509	
13	0	0	0	0	508	
14	0	0	0	0	507	
15	0	0	0	0	505	
0	0	0	0	0	504	
1	0	0	0	0	502	
2	0	0	0	0	500	
3	0	0	0	0	499	
4	0	0	0	0	497	
5	0	0	0	0	496	
6	0	0	0	0	494	
7	0	0	0	0	494	
8	0	0	0	0	493	
9	0	0	0	0	492	
10	0	0	0	0	492	
11	0	0	0	0	490	
12	0	0	0	0	489	
13	0	0	0	0	488	
14	0	0	0	0	488	
15	0	0	0	0	487	
0	0	0	0	0	486	
1	0	0	0	0	485	
2	0	0	0	0	484	
3	0	0	0	0	483	
4	0	0	0	0	483	
5	0	0	0	0	482	
6	0	0	0	0	481	
7	0	0	0	0	481	
8	0	0	0	0	482	
9	0	0	0	0	482	
10	0	0	0	0	484	
11	0	0	0	0	484	
12	0	0	0	0	483	
13	0	0	0	0	483	
14	0	0	0	0	484	
15	0	0	0	0	484	
0	0	0	0	0	485	
1	0	0	0	0	485	
2	0	0	0	0	485	
3	0	0	0	0	485	
4	0	0	0	0	486	
5	0	0	0	0	486	
6	0	0	0	0	486	
7	0	0	0	0	486	
8	0	0	0	0	486	
9	0	0	0	0	486	
10	0	0	0	0	486	
11	0	0	0	0	486	
12	0	0	0	0	486	
13	0	0	0	0	487	
14	0	0	0	0	488	
15	0	0	0	0	488	
0	0	0	0	0	487	
1	0	0	0	0	486	
2	0	0	0	0	486	
3	0	0	0	0	485	
4	0	0	0	0	485	
5	0	0	0	0	485	
6	0	0	0	0	485	
7	0	0	0	0	486	
8	0	0	0	0	486	
9	0	0	0	0	487	
10	0	0	0	0	487	
11	0	0	0	0	488	
12	0	0	0	0	489	
13	0	0	0	0	489	
14	0	0	0	0	490	
15	0	0	0	0	491	
0	0	0	0	0	492	
1	0	0	0	0	492	
2	0	0	0	0	492	
3	0	0	0	0	492	
4	0	0	0	0	492	
5	0	0	0	0	492	
6	0	0	0	0	492	
7	0	0	0	0	492	
8	0	0	0	0	491	
9	0	0	0	0	491	
10	0	0	0	0	492	
11	0	0	0	0	492	
12	0	0	0	0	493	
13	0	0	0	0	494	
14	0	0	0	0	495	
15	0	0	0	0	496	
0	0	0	0	0	496	
1	0	0	0	0	497	
2	0	0	0	0	497	
3	0	0	0	0	497	
4	0	0	0	0	497	
5	0	0	0	0	498	
6	0	0	0	0	497	
7	0	0	0	0	497	
8	0	0	0	0	497	
9	0	0	0	0	498	
10	0	0	0	0	499	
11	0	0	0	0	499	
12	0	0	0	0	501	
13	0	0	0	0	500	
14	0	0	0	0	500	
15	0	0	0	0	499	
0	0	0	0	0	500	
1	0	0	0	0	500	
2	0	0	0	0	500	
3	0	0	0	0	501	
4	0	0	0	0	501	
5	0	0	0	0	500	
6	0	0	0	0	500	
7	0	0	0	0	501	
8	0	0	0	0	501	
9	0	0	0	0	502	
10	0	0	0	0	502	
11	0	0	0	0	502	
12	0	0	0	0	502	
13	0	0	0	0	502	
14	0	0	0	0	502	
15	0	0	0	0	503	
0	0	0	0	0	503	
1	0	0	0	0	503	
2	0	0	0	0	503	
3	0	0	0	0	503	
4	0	0	0	0	503	
5	0	0	0	0	503	
6	0	0	0	0	503	
7	0	0	0	0	503	
8	0	0	0	0	503	
9	0	0	0	0	503	
10	0	0	0	0	503	
11	0	0	0	0	504	
12	0	0	0	0	504	
13	0	0	0	0	504	
14	0	0	0	0	505	
15	0	0	0	0	505	
0	0	0	0	0	506	
1	0	0	0	0	507	
2	0	0	0	0	508	
3	0	0	0	0	508	
4	0	0	0	0	509	
5	0	0	0	0	509	
6	0	0	0	0	509	
7	0	0	0	0	510	
8	0	0	0	0	510	
9	0	0	0	0	509	
10	0	0	0	0	508	
11	0	0	0	0	507	
12	0	0	0	0	508	
13	0	0	0	0	507	
14	0	0	0	0	508	
15	0	0	0	0	509	
0	0	0	0	0	509	
1	0	0	0	0	509	
2	0	0	0	0	509	
3	0	0	0	0	508	
4	0	0	0	0	508	
5	0	0	0	0	508	
6	0	0	0	0	507	
7	0	0	0	0	506	
8	0	0	0	0	505	
9	0	0	0	0	504	
10	0	0	0	0	504	
11	0	0	0	0	504	
12	0	0	0	0	504	
13	0	0	0	0	504	
14	0	0	0	0	504	
15	0	0	0	0	504	
0	0	0	0	0	503	
1	0	0	0	0	503	
2	0	0	0	0	504	
3	0	0	0	0	505	
4	0	0	0	0	505	
5	0	0	0	0	506	
6	0	0	0	0	506	
7	0	0	0	0	506	
8	0	0	0	0	506	
9	0	0	0	0	506	
10	0	0	0	0	505	
11	0	0	0	0	505	
12	0	0	0	0	505	
13	0	0	0	0	505	
14	0	0	0	0	506	
15	0	0	0	0	506	
0	0	0	0	0	507	
1	0	0	0	0	508	
2	0	0	0	0	509	
3	0	0	0	0	510	
4	0	0	0	0	511	
5	0	0	0	0	511	
6	0	0	0	0	511	
7	0	0	0	0	510	
8	0	0	0	0	510	
9	0	0	0	0	509	
10	0	0	0	0	508	
11	0	0	0	0	508	
12	0	0	0	0	507	
13	0	0	0	0	507	
14	0	0	0	0	507	
15	0	0	0	0	507	
0	0	0	0	0	507	
1	0	0	0	0	508	
2	0	0	0	0	508	
3	0	0	0	0	509	
4	0	0	0	0	510	
5	0	0	0	0	511	
6	0	0	0	0	511	
7	0	0	0	0	511	
8	0	0	0	0	511	
9	0	0	0	0	511	
10	0	0	0	0	510	
11	0	0	0	0	508	
12	0	0	0	0	509	
13	0	0	0	0	509	
14	0	0	0	0	509	
15	0	0	0	0	509	
0	0	0	0	0	509	
1	0	0	0	0	510	
2	0	0	0	0	510	
3	0	0	0	0	510	
4	0	0	0	0	510	
5	0	0	0	0	511	
6	0	0	0	0	511	
7	0	0	0	0	512	
8	0	0	0	0	512	
9	0	0	0	0	512	
10	0	0	0	0	512	
11	0	0	0	0	512	
12	0	0	0	0	512	
13	0	0	0	0	512	
14	0	0	0	0	512	
15	0	0	0	0	511	
0	0	0	0	0	512	
1	0	0	0	0	512	
2	0	0	0	0	513	
3	0	0	0	0	513	
4	0	0	0	0	513	
5	0	0	0	0	514	
6	0	0	0	0	514	
7	0	0	0	0	514	
8	0	0	0	0	514	
9	0	0	0	0	514	
10	0	0	0	0	513	
11	0	0	0	0	512	
12	0	0	0	0	512	
13	0	0	0	0	512	
14	0	0	0	0	512	
15	0	0	0	0	512	
0	0	0	0	0	512	
1	0	0	0	0	512	
2	0	0	0	0	513	
3	0	0	0	0	513	
4	0	0	0	0	514	
5	0	0	0	0	513	
6	0	0	0	0	513	
7	0	0	0	0	513	
8	0	0	0	0	513	
9	0	0	0	0	513	
10	0	0	0	0	513	
11	0	0	0	0	513	
12	0	0	0	0	512	
13	0	0	0	0	512	
14	0	0	0	0	512	
15	0	0	0	0	512	
0	0	0	0	0	512	
1	0	0	0	0	513	
2	0	0	0	0	513	
3	0	0	0	0	513	
4	0	0	0	0	514	
5	0	0	0	0	515	
6	0	0	0	0	516	
7	0	0	0	0	516	
8	0	0	0	0	517	
9	0	0	0	0	516	
10	0	0	0	0	517	
11	0	0	0	0	516	
12	0	0	0	0	515	
13	0	0	0	0	515	
14	0	0	0	0	515	
15	0	0	0	0	515	
0	0	0	0	0	515	
1	0	0	0	0	515	
2	0	0	0	0	515	
3	0	0	0	0	515	
4	0	0	0	0	516	
5	0	0	0	0	516	
6	0	0	0	0	516	
7	0	0	0	0	516	
8	0	0	0	0	516	
9	0	0	0	0	516	
10	0	0	0	0	517	
11	0	0	0	0	516	
12	0	0	0	0	516	
13	0	0	0	0	515	
14	0	0	0	0	515	
15	0	0	0	0	515	
0	0	0	0	0	516	
1	0	0	0	0	516	
2	0	0	0	0	516	
3	0	0	0	0	517	
4	0	0	0	0	518	
5	0	0	0	0	519	
6	0	0	0	0	521	
7	0	0	0	0	523	
8	0	0	0	0	524	
9	0	0	0	0	525	
10	0	0	0	0	527	
11	0	0	0	0	527	
12	0	0	0	0	527	
13	0	0	0	0	527	
14	0	0	0	0	526	
15	0	0	0	0	526	
0	0	0	0	0	526	
1	0	0	0	0	527	
2	0	0	0	0	528	
3	0	0	0	0	530	
4	0	0	0	0	531	
5	0	0	0	0	533	
6	0	0	0	0	535	
7	0	0	0	0	536	
8	0	0	0	0	539	
9	0	0	0	0	542	
10	0	0	0	0	544	
11	0	0	0	0	547	
12	0	0	0	0	551	
13	0	0	0	0	553	
14	0	0	0	0	556	
15	0	0	0	0	557	
0	0	0	0	0	558	
1	0	0	0	0	558	
2	0	0	0	0	557	
3	0	0	0	0	556	
4	0	0	0	0	554	
5	0	0	0	0	551	
6	0	0	0	0	550	
7	0	0	0	0	548	
8	0	0	0	0	547	
9	0	0	0	0	545	
10	0	0	0	0	543	
11	0	0	0	0	541	
12	0	0	0	0	540	
13	0	0	0	0	537	
14	0	0	0	0	534	
15	0	0	0	0	532	
0	0	0	0	0	530	
1	0	0	0	0	528	
2	0	0	0	0	527	
3	0	0	0	0	526	
4	0	0	0	0	526	
5	0	0	0	0	525	
6	0	0	0	0	524	
7	0	0	0	0	523	
8	0	0	0	0	522	
9	0	0	0	0	521	
10	0	0	0	0	521	
11	0	0	0	0	521	
12	0	0	0	0	520	
13	0	0	0	0	519	
14	0	0	0	0	518	
15	0	0	0	0	515	
0	0	0	0	0	513	
1	0	0	0	0	512	
2	0	0	0	0	510	
3	0	0	0	0	508	
4	0	0	0	0	508	
5	0	0	0	0	507	
6	0	0	0	0	506	
7	0	0	0	0	506	
8	0	0	0	0	505	
9	0	0	0	0	506	
10	0	0	0	0	505	
11	0	0	0	0	505	
12	0	0	0	0	505	
13	0	0	0	0	505	
14	0	0	0	0	505	
15	0	0	0	0	505	
0	0	0	0	0	503	
1	0	0	0	0	503	
2	0	0	0	0	503	
3	0	0	0	0	502	
4	0	0	0	0	501	
5	0	0	0	0	500	
6	0	0	0	0	499	
7	0	0	0	0	499	
8	0	0	0	0	499	
9	0	0	0	0	499	
10	0	0	0	0	500	
11	0	0	0	0	500	
12	0	0	0	0	500	
13	0	0	0	0	500	
14	0	0	0	0	501	
15	0	0	0	0	500	
0	0	0	0	0	500	
1	0	0	0	0	500	
2	0	0	0	0	500	
3	0	0	0	0	500	
4	0	0	0	0	501	
5	0	0	0	0	501	
6	0	0	0	0	502	
7	0	0	0	0	501	
8	0	0	0	0	502	
9	0	0	0	0	503	
10	0	0	0	0	504	
11	0	0	0	0	503	
12	0	0	0	0	503	
13	0	0	0	0	504	
14	0	0	0	0	504	
15	0	0	0	0	503	
0	0	0	0	0	503	
1	0	0	0	0	503	
2	0	0	0	0	503	
3	0	0	0	0	501	
4	0	0	0	0	499	
5	0	0	0	0	496	
6	0	0	0	0	494	
7	0	0	0	0	491	
8	0	0	0	0	489	
9	0	0	0	0	487	
10	0	0	0	0	486	
11	0	0	0	0	484	
12	0	0	0	0	481	
13	0	0	0	0	477	
14	0	0	0	0	473	
15	0	0	0	0	472	
0	0	0	0	0	470	
1	0	0	0	0	467	
2	0	0	0	0	465	
3	0	0	0	0	463	
4	0	0	0	0	461	
5	0	0	0	0	459	
6	0	0	0	0	456	
7	0	0	0	0	455	
8	0	0	0	0	454	
9	0	0	0	0	454	
10	0	0	0	0	455	
11	0	0	0	0	459	
12	0	0	0	0	466	
13	0	0	0	0	480	
14	0	0	0	0	499	
15	0	0	0	0	523	
0	0	0	0	0	552	
1	0	0	0	0	585	
2	0	0	0	0	624	
3	0	0	0	0	668	
4	0	0	0	0	713	
5	0	0	0	0	758	
6	0	0	0	0	803	
7	0	0	0	0	848	
8	0	0	0	0	887	
9	0	0	0	0	915	
10	0	0	0	0	932	
11	0	0	0	0	937	
12	0	0	0	0	932	
13	0	0	0	0	918	
14	0	0	0	0	897	
15	0	0	0	0	872	
0	0	0	0	0	845	
1	0	0	0	0	817	
2	0	0	0	0	791	
3	0	0	0	0	763	
4	0	0	0	0	739	
5	0	0	0	0	715	
6	0	0	0	0	689	
7	0	0	0	0	664	
8	0	0	0	0	642	
9	0	0	0	0	620	
10	0	0	0	0	601	
11	0	0	0	0	583	
12	0	0	0	0	569	
13	0	0	0	0	557	
14	0	0	0	0	547	
15	0	0	0	0	540	
0	0	0	0	0	532	
1	0	0	0	0	525	
2	0	0	0	0	519	
3	0	0	0	0	513	
4	0	0	0	0	508	
5	0	0	0	0	502	
6	0	0	0	0	496	
7	0	0	0	0	489	
8	0	0	0	0	484	
9	0	0	0	0	478	
10	0	0	0	0	473	
11	0	0	0	0	470	
12	0	0	0	0	468	
13	0	0	0	0	466	
14	0	0	0	0	464	
15	0	0	0	0	462	
0	0	0	0	0	460	
1	0	0	0	0	457	
2	0	0	0	0	455	
3	0	0	0	0	455	
4	0	0	0	0	453	
5	0	0	0	0	452	
6	0	0	0	0	451	
7	0	0	0	0	450	
8	0	0	0	0	449	
9	0	0	0	0	449	
10	0	0	0	0	448	
11	0	0	0	0	448	
12	0	0	0	0	448	
13	0	0	0	0	448	
14	0	0	0	0	448	
15	0	0	0	0	448	
0	0	0	0	0	449	
1	0	0	0	0	450	
2	0	0	0	0	451	
3	0	0	0	0	451	
4	0	0	0	0	452	
5	0	0	0	0	452	
6	0	0	0	0	452	
7	0	0	0	0	451	
8	0	0	0	0	451	
9	0	0	0	0	451	
10	0	0	0	0	451	
11	0	0	0	0	451	
12	0	0	0	0	452	
13	0	0	0	0	454	
14	0	0	0	0	455	
15	0	0	0	0	456	
0	0	0	0	0	458	
1	0	0	0	0	460	
2	0	0	0	0	460	
3	0	0	0	0	462	
4	0	0	0	0	462	
5	0	0	0	0	462	
6	0	0	0	0	462	
7	0	0	0	0	461	
8	0	0	0	0	461	
9	0	0	0	0	461	
10	0	0	0	0	463	
11	0	0	0	0	463	
12	0	0	0	0	464	
13	0	0	0	0	465	
14	0	0	0	0	466	
15	0	0	0	0	467	
0	0	0	0	0	467	
1	0	0	0	0	469	
2	0	0	0	0	470	
3	0	0	0	0	470	
4	0	0	0	0	471	
5	0	0	0	0	472	
6	0	0	0	0	472	
7	0	0	0	0	472	
8	0	0	0	0	472	
9	0	0	0	0	472	
10	0	0	0	0	473	
11	0	0	0	0	474	
12	0	0	0	0	475	
13	0	0	0	0	476	
14	0	0	0	0	477	
15	0	0	0	0	478	
0	0	0	0	0	479	
1	0	0	0	0	480	
2	0	0	0	0	480	
3	0	0	0	0	481	
4	0	0	0	0	483	
5	0	0	0	0	483	
6	0	0	0	0	483	
7	0	0	0	0	484	
8	0	0	0	0	484	
9	0	0	0	0	484	
10	0	0	0	0	485	
11	0	0	0	0	486	
12	0	0	0	0	487	
13	0	0	0	0	487	
14	0	0	0	0	488	
15	0	0	0	0	489	
0	0	0	0	0	489	
1	0	0	0	0	490	
2	0	0	0	0	492	
3	0	0	0	0	492	
4	0	0	0	0	494	
5	0	0	0	0	495	
6	0	0	0	0	495	
7	0	0	0	0	495	
8	0	0	0	0	496	
9	0	0	0	0	496	
10	0	0	0	0	498	
11	0	0	0	0	498	
12	0	0	0	0	499	
13	0	0	0	0	499	
14	0	0	0	0	499	
15	0	0	0	0	500	
0	0	0	0	0	501	
1	0	0	0	0	502	
2	0	0	0	0	503	
3	0	0	0	0	504	
4	0	0	0	0	504	
5	0	0	0	0	505	
6	0	0	0	0	507	
7	0	0	0	0	507	
8	0	0	0	0	507	
9	0	0	0	0	507	
10	0	0	0	0	508	
11	0	0	0	0	508	
12	0	0	0	0	509	
13	0	0	0	0	510	
14	0	0	0	0	510	
15	0	0	0	0	510	
0	0	0	0	0	510	
1	0	0	0	0	511	
2	0	0	0	0	512	
3	0	0	0	0	512	
4	0	0	0	0	513	
5	0	0	0	0	514	
6	0	0	0	0	514	
7	0	0	0	0	514	
8	0	0	0	0	515	
9	0	0	0	0	516	
10	0	0	0	0	517	
11	0	0	0	0	517	
12	0	0	0	0	516	
13	0	0	0	0	518	
14	0	0	0	0	519	
15	0	0	0	0	520	
0	0	0	0	0	521	
1	0	0	0	0	522	
2	0	0	0	0	523	
3	0	0	0	0	523	
4	0	0	0	0	523	
5	0	0	0	0	524	
6	0	0	0	0	524	
7	0	0	0	0	526	
8	0	0	0	0	526	
9	0	0	0	0	527	
10	0	0	0	0	528	
11	0	0	0	0	528	
12	0	0	0	0	529	
13	0	0	0	0	529	
14	0	0	0	0	529	
15	0	0	0	0	529	
0	0	0	0	0	529	
1	0	0	0	0	530	
2	0	0	0	0	531	
3	0	0	0	0	531	
4	0	0	0	0	531	
5	0	0	0	0	532	
6	0	0	0	0	532	
7	0	0	0	0	533	
8	0	0	0	0	534	
9	0	0	0	0	534	
10	0	0	0	0	534	
11	0	0	0	0	536	
12	0	0	0	0	536	
13	0	0	0	0	536	
14	0	0	0	0	536	
15	0	0	0	0	536	
0	0	0	0	0	536	
1	0	0	0	0	536	
2	0	0	0	0	537	
3	0	0	0	0	538	
4	0	0	0	0	538	
5	0	0	0	0	538	
6	0	0	0	0	539	
7	0	0	0	0	540	
8	0	0	0	0	540	
9	0	0	0	0	539	
10	0	0	0	0	540	
11	0	0	0	0	539	
12	0	0	0	0	539	
13	0	0	0	0	538	
14	0	0	0	0	538	
15	0	0	0	0	538	
0	0	0	0	0	538	
1	0	0	0	0	539	
2	0	0	0	0	539	
3	0	0	0	0	539	
4	0	0	0	0	540	
5	0	0	0	0	540	
6	0	0	0	0	540	
7	0	0	0	0	540	
8	0	0	0	0	540	
9	0	0	0	0	541	
10	0	0	0	0	541	
11	0	0	0	0	541	
12	0	0	0	0	540	
13	0	0	0	0	540	
14	0	0	0	0	540	
15	0	0	0	0	540	
0	0	0	0	0	539	
1	0	0	0	0	539	
2	0	0	0	0	540	
3	0	0	0	0	540	
4	0	0	0	0	540	
5	0	0	0	0	540	
6	0	0	0	0	541	
7	0	0	0	0	541	
8	0	0	0	0	541	
9	0	0	0	0	540	
10	0	0	0	0	540	
11	0	0	0	0	539	
12	0	0	0	0	538	
13	0	0	0	0	537	
14	0	0	0	0	535	
15	0	0	0	0	533	
0	0	0	0	0	532	
1	0	0	0	0	531	
2	0	0	0	0	529	
3	0	0	0	0	527	
4	0	0	0	0	527	
5	0	0	0	0	526	
6	0	0	0	0	525	
7	0	0	0	0	523	
8	0	0	0	0	521	
9	0	0	0	0	520	
10	0	0	0	0	519	
11	0	0	0	0	517	
12	0	0	0	0	515	
13	0	0	0	0	513	
14	0	0	0	0	511	
15	0	0	0	0	509	
0	0	0	0	0	508	
1	0	0	0	0	505	
2	0	0	0	0	504	
3	0	0	0	0	503	
4	0	0	0	0	502	
5	0	0	0	0	500	
6	0	0	0	0	499	
7	0	0	0	0	498	
8	0	0	0	0	497	
9	0	0	0	0	496	
10	0	0	0	0	494	
11	0	0	0	0	493	
12	0	0	0	0	492	
13	0	0	0	0	490	
14	0	0	0	0	488	
15	0	0	0	0	487	
0	0	0	0	0	486	
1	0	0	0	0	486	
2	0	0	0	0	485	
3	0	0	0	0	485	
4	0	0	0	0	485	
5	0	0	0	0	485	
6	0	0	0	0	484	
7	0	0	0	0	484	
8	0	0	0	0	484	
9	0	0	0	0	483	
10	0	0	0	0	482	
11	0	0	0	0	482	
12	0	0	0	0	481	
13	0	0	0	0	480	
14	0	0	0	0	479	
15	0	0	0	0	478	
0	0	0	0	0	478	
1	0	0	0	0	478	
2	0	0	0	0	477	
3	0	0	0	0	478	
4	0	0	0	0	477	
5	0	0	0	0	478	
6	0	0	0	0	478	
7	0	0	0	0	478	
8	0	0	0	0	479	
9	0	0	0	0	479	
10	0	0	0	0	479	
11	0	0	0	0	480	
12	0	0	0	0	480	
13	0	0	0	0	480	
14	0	0	0	0	480	
15	0	0	0	0	480	
0	0	0	0	0	480	
1	0	0	0	0	480	
2	0	0	0	0	480	
3	0	0	0	0	481	
4	0	0	0	0	481	
5	0	0	0	0	482	
6	0	0	0	0	483	
7	0	0	0	0	483	
8	0	0	0	0	483	
9	0	0	0	0	483	
10	0	0	0	0	483	
11	0	0	0	0	483	
12	0	0	0	0	483	
13	0	0	0	0	484	
14	0	0	0	0	483	
15	0	0	0	0	484	
0	0	0	0	0	484	
1	0	0	0	0	484	
2	0	0	0	0	484	
3	0	0	0	0	484	
4	0	0	0	0	484	
5	0	0	0	0	484	
6	0	0	0	0	484	
7	0	0	0	0	485	
8	0	0	0	0	486	
9	0	0	0	0	487	
10	0	0	0	0	487	
11	0	0	0	0	488	
12	0	0	0	0	488	
13	0	0	0	0	488	
14	0	0	0	0	488	
15	0	0	0	0	489	
0	0	0	0	0	489	
1	0	0	0	0	489	
2	0	0	0	0	489	
3	0	0	0	0	489	
4	0	0	0	0	490	
5	0	0	0	0	490	
6	0	0	0	0	490	
7	0	0	0	0	490	
8	0	0	0	0	490	
9	0	0	0	0	492	
10	0	0	0	0	493	
11	0	0	0	0	493	
12	0	0	0	0	494	
13	0	0	0	0	496	
14	0	0	0	0	496	
15	0	0	0	0	496	
0	0	0	0	0	496	
1	0	0	0	0	496	
2	0	0	0	0	497	
3	0	0	0	0	497	
4	0	0	0	0	497	
5	0	0	0	0	496	
6	0	0	0	0	496	
7	0	0	0	0	496	
8	0	0	0	0	496	
9	0	0	0	0	497	
10	0	0	0	0	497	
11	0	0	0	0	497	
12	0	0	0	0	498	
13	0	0	0	0	498	
14	0	0	0	0	499	
15	0	0	0	0	499	
0	0	0	0	0	499	
1	0	0	0	0	499	
2	0	0	0	0	499	
3	0	0	0	0	498	
4	0	0	0	0	498	
5	0	0	0	0	497	
6	0	0	0	0	496	
7	0	0	0	0	496	
8	0	0	0	0	497	
9	0	0	0	0	497	
10	0	0	0	0	498	
11	0	0	0	0	499	
12	0	0	0	0	499	
13	0	0	0	0	499	
14	0	0	0	0	499	
15	0	0	0	0	499	
0	0	0	0	0	500	
1	0	0	0	0	499	
2	0	0	0	0	499	
3	0	0	0	0	500	
4	0	0	0	0	500	
5	0	0	0	0	500	
6	0	0	0	0	501	
7	0	0	0	0	501	
8	0	0	0	0	502	
9	0	0	0	0	502	
10	0	0	0	0	503	
11	0	0	0	0	503	
12	0	0	0	0	504	
13	0	0	0	0	505	
14	0	0	0	0	505	
15	0	0	0	0	505	
0	0	0	0	0	506	
1	0	0	0	0	506	
2	0	0	0	0	506	
3	0	0	0	0	505	
4	0	0	0	0	505	
5	0	0	0	0	504	
6	0	0	0	0	504	
7	0	0	0	0	504	
8	0	0	0	0	505	
9	0	0	0	0	505	
10	0	0	0	0	505	
11	0	0	0	0	506	
12	0	0	0	0	506	
13	0	0	0	0	506	
14	0	0	0	0	507	
15	0	0	0	0	508	
0	0	0	0	0	508	
1	0	0	0	0	509	
2	0	0	0	0	508	
3	0	0	0	0	508	
4	0	0	0	0	508	
5	0	0	0	0	507	
6	0	0	0	0	507	
7	0	0	0	0	506	
8	0	0	0	0	506	
9	0	0	0	0	505	
10	0	0	0	0	506	
11	0	0	0	0	506	
12	0	0	0	0	507	
13	0	0	0	0	507	
14	0	0	0	0	508	
15	0	0	0	0	508	
0	0	0	0	0	508	
1	0	0	0	0	507	
2	0	0	0	0	507	
3	0	0	0	0	508	
4	0	0	0	0	508	
5	0	0	0	0	507	
6	0	0	0	0	506	
7	0	0	0	0	506	
8	0	0	0	0	506	
9	0	0	0	0	506	
10	0	0	0	0	506	
11	0	0	0	0	507	
12	0	0	0	0	507	
13	0	0	0	0	508	
14	0	0	0	0	508	
15	0	0	0	0	508	
0	0	0	0	0	508	
1	0	0	0	0	508	
2	0	0	0	0	508	
3	0	0	0	0	508	
4	0	0	0	0	508	
5	0	0	0	0	508	
6	0	0	0	0	507	
7	0	0	0	0	507	
8	0	0	0	0	508	
9	0	0	0	0	508	
10	0	0	0	0	508	
11	0	0	0	0	508	
12	0	0	0	0	509	
13	0	0	0	0	509	
14	0	0	0	0	509	
15	0	0	0	0	509	
0	0	0	0	0	509	
1	0	0	0	0	511	
2	0	0	0	0	511	
3	0	0	0	0	510	
4	0	0	0	0	510	
5	0	0	0	0	509	
6	0	0	0	0	509	
7	0	0	0	0	509	
8	0	0	0	0	509	
9	0	0	0	0	509	
10	0	0	0	0	508	
11	0	0	0	0	509	
12	0	0	0	0	509	
13	0	0	0	0	508	
14	0	0	0	0	509	
15	0	0	0	0	510	
0	0	0	0	0	511	
1	0	0	0	0	511	
2	0	0	0	0	511	
3	0	0	0	0	511	
4	0	0	0	0	511	
5	0	0	0	0	511	
6	0	0	0	0	511	
7	0	0	0	0	511	
8	0	0	0	0	511	
9	0	0	0	0	511	
10	0	0	0	0	511	
11	0	0	0	0	511	
12	0	0	0	0	511	
13	0	0	0	0	512	
14	0	0	0	0	511	
15	0	0	0	0	511	
0	0	0	0	0	512	
1	0	0	0	0	512	
2	0	0	0	0	512	
3	0	0	0	0	512	
4	0	0	0	0	512	
5	0	0	0	0	512	
6	0	0	0	0	511	
7	0	0	0	0	511	
8	0	0	0	0	511	
9	0	0	0	0	511	
10	0	0	0	0	512	
11	0	0	0	0	511	
12	0	0	0	0	511	
13	0	0	0	0	512	
14	0	0	0	0	512	
15	0	0	0	0	513	
0	0	0	0	0	514	
1	0	0	0	0	514	
2	0	0	0	0	515	
3	0	0	0	0	515	
4	0	0	0	0	515	
5	0	0	0	0	516	
6	0	0	0	0	516	
7	0	0	0	0	516	
8	0	0	0	0	516	
9	0	0	0	0	516	
10	0	0	0	0	516	
11	0	0	0	0	515	
12	0	0	0	0	515	
13	0	0	0	0	515	
14	0	0	0	0	515	
15	0	0	0	0	515	
0	0	0	0	0	515	
1	0	0	0	0	515	
2	0	0	0	0	515	
3	0	0	0	0	516	
4	0	0	0	0	516	
5	0	0	0	0	516	
6	0	0	0	0	517	
7	0	0	0	0	518	
8	0	0	0	0	518	
9	0	0	0	0	518	
10	0	0	0	0	518	
11	0	0	0	0	518	
12	0	0	0	0	518	
13	0	0	0	0	519	
14	0	0	0	0	519	
15	0	0	0	0	520	
0	0	0	0	0	522	
1	0	0	0	0	524	
2	0	0	0	0	525	
3	0	0	0	0	526	
4	0	0	0	0	526	
5	0	0	0	0	526	
6	0	0	0	0	527	
7	0	0	0	0	526	
8	0	0	0	0	527	
9	0	0	0	0	527	
10	0	0	0	0	527	
11	0	0	0	0	527	
12	0	0	0	0	527	
13	0	0	0	0	529	
14	0	0	0	0	531	
15	0	0	0	0	531	
0	0	0	0	0	533	
1	0	0	0	0	536	
2	0	0	0	0	537	
3	0	0	0	0	540	
4	0	0	0	0	543	
5	0	0	0	0	546	
6	0	0	0	0	549	
7	0	0	0	0	552	
8	0	0	0	0	555	
9	0	0	0	0	556	
10	0	0	0	0	556	
11	0	0	0	0	555	
12	0	0	0	0	553	
13	0	0	0	0	551	
14	0	0	0	0	548	
15	0	0	0	0	546	
0	0	0	0	0	545	
1	0	0	0	0	543	
2	0	0	0	0	540	
3	0	0	0	0	539	
4	0	0	0	0	538	
5	0	0	0	0	537	
6	0	0	0	0	535	
7	0	0	0	0	534	
8	0	0	0	0	532	
9	0	0	0	0	530	
10	0	0	0	0	529	
11	0	0	0	0	527	
12	0	0	0	0	526	
13	0	0	0	0	525	
14	0	0	0	0	524	
15	0	0	0	0	523	
0	0	0	0	0	521	
1	0	0	0	0	520	
2	0	0	0	0	519	
3	0	0	0	0	519	
4	0	0	0	0	519	
5	0	0	0	0	519	
6	0	0	0	0	518	
7	0	0	0	0	516	
8	0	0	0	0	515	
9	0	0	0	0	513	
10	0	0	0	0	512	
11	0	0	0	0	511	
12	0	0	0	0	510	
13	0	0	0	0	509	
14	0	0	0	0	507	
15	0	0	0	0	507	
0	0	0	0	0	506	
1	0	0	0	0	505	
2	0	0	0	0	504	
3	0	0	0	0	504	
4	0	0	0	0	504	
5	0	0	0	0	503	
6	0	0	0	0	503	
7	0	0	0	0	503	
8	0	0	0	0	503	
9	0	0	0	0	503	
10	0	0	0	0	502	
11	0	0	0	0	501	
12	0	0	0	0	500	
13	0	0	0	0	500	
14	0	0	0	0	499	
15	0	0	0	0	499	
0	0	0	0	0	499	
1	0	0	0	0	499	
2	0	0	0	0	500	
3	0	0	0	0	500	
4	0	0	0	0	500	
5	0	0	0	0	500	
6	0	0	0	0	500	
7	0	0	0	0	500	
8	0	0	0	0	500	
9	0	0	0	0	499	
10	0	0	0	0	499	
11	0	0	0	0	499	
12	0	0	0	0	499	
13	0	0	0	0	499	
14	0	0	0	0	499	
15	0	0	0	0	499	
0	0	0	0	0	498	
1	0	0	0	0	497	
2	0	0	0	0	497	
3	0	0	0	0	498	
4	0	0	0	0	498	
5	0	0	0	0	498	
6	0	0	0	0	499	
7	0	0	0	0	499	
8	0	0	0	0	500	
9	0	0	0	0	500	
10	0	0	0	0	499	
11	0	0	0	0	497	
12	0	0	0	0	496	
13	0	0	0	0	496	
14	0	0	0	0	494	
15	0	0	0	0	492	
0	0	0	0	0	489	
1	0	0	0	0	487	
2	0	0	0	0	486	
3	0	0	0	0	484	
4	0	0	0	0	482	
5	0	0	0	0	480	
6	0	0	0	0	476	
7	0	0	0	0	472	
8	0	0	0	0	469	
9	0	0	0	0	467	
10	0	0	0	0	464	
11	0	0	0	0	463	
12	0	0	0	0	463	
13	0	0	0	0	460	
14	0	0	0	0	458	
15	0	0	0	0	456	
0	0	0	0	0	455	
1	0	0	0	0	453	
2	0	0	0	0	453	
3	0	0	0	0	454	
4	0	0	0	0	457	
5	0	0	0	0	463	
6	0	0	0	0	474	
7	0	0	0	0	490	
8	0	0	0	0	511	
9	0	0	0	0	538	
10	0	0	0	0	568	
11	0	0	0	0	604	
12	0	0	0	0	644	
13	0	0	0	0	688	
14	0	0	0	0	732	
15	0	0	0	0	776	
0	0	0	0	0	821	
1	0	0	0	0	864	
2	0	0	0	0	899	
3	0	0	0	0	922	
4	0	0	0	0	936	
5	0	0	0	0	938	
6	0	0	0	0	931	
7	0	0	0	0	913	
8	0	0	0	0	889	
9	0	0	0	0	862	
10	0	0	0	0	832	
11	0	0	0	0	802	
12	0	0	0	0	772	
13	0	0	0	0	743	
14	0	0	0	0	718	
15	0	0	0	0	692	
0	0	0	0	0	667	
1	0	0	0	0	644	
2	0	0	0	0	622	
3	0	0	0	0	600	
4	0	0	0	0	582	
5	0	0	0	0	565	
6	0	0	0	0	551	
7	0	0	0	0	541	
8	0	0	0	0	533	
9	0	0	0	0	525	
10	0	0	0	0	518	
11	0	0	0	0	511	
12	0	0	0	0	506	
13	0	0	0	0	500	
14	0	0	0	0	495	
15	0	0	0	0	489	
0	0	0	0	0	484	
1	0	0	0	0	479	
2	0	0	0	0	472	
3	0	0	0	0	467	
4	0	0	0	0	463	
5	0	0	0	0	459	
6	0	0	0	0	457	
7	0	0	0	0	455	
8	0	0	0	0	454	
9	0	0	0	0	453	
10	0	0	0	0	451	
11	0	0	0	0	450	
12	0	0	0	0	449	
13	0	0	0	0	447	
14	0	0	0	0	446	
15	0	0	0	0	445	
0	0	0	0	0	445	
1	0	0	0	0	444	
2	0	0	0	0	443	
3	0	0	0	0	443	
4	0	0	0	0	443	
5	0	0	0	0	441	
6	0	0	0	0	442	
7	0	0	0	0	442	
8	0	0	0	0	442	
9	0	0	0	0	442	
10	0	0	0	0	442	
11	0	0	0	0	443	
12	0	0	0	0	444	
13	0	0	0	0	443	
14	0	0	0	0	443	
15	0	0	0	0	444	
0	0	0	0	0	445	
1	0	0	0	0	445	
2	0	0	0	0	445	
3	0	0	0	0	445	
4	0	0	0	0	446	
5	0	0	0	0	446	
6	0	0	0	0	446	
7	0	0	0	0	447	
8	0	0	0	0	448	
9	0	0	0	0	448	
10	0	0	0	0	449	
11	0	0	0	0	449	
12	0	0	0	0	450	
13	0	0	0	0	451	
14	0	0	0	0	452	
15	0	0	0	0	452	
0	0	0	0	0	454	
1	0	0	0	0	454	
2	0	0	0	0	455	
3	0	0	0	0	455	
4	0	0	0	0	456	
5	0	0	0	0	456	
6	0	0	0	0	457	
7	0	0	0	0	459	
8	0	0	0	0	459	
9	0	0	0	0	460	
10	0	0	0	0	460	
11	0	0	0	0	462	
12	0	0	0	0	462	
13	0	0	0	0	463	
14	0	0	0	0	465	
15	0	0	0	0	466	
0	0	0	0	0	467	
1	0	0	0	0	468	
2	0	0	0	0	468	
3	0	0	0	0	469	
4	0	0	0	0	469	
5	0	0	0	0	470	
6	0	0	0	0	471	
7	0	0	0	0	472	
8	0	0	0	0	472	
9	0	0	0	0	473	
10	0	0	0	0	473	
11	0	0	0	0	475	
12	0	0	0	0	476	
13	0	0	0	0	476	
14	0	0	0	0	477	
15	0	0	0	0	478	
0	0	0	0	0	479	
1	0	0	0	0	480	
2	0	0	0	0	480	
3	0	0	0	0	480	
4	0	0	0	0	481	
5	0	0	0	0	481	
6	0	0	0	0	481	
7	0	0	0	0	481	
8	0	0	0	0	481	
9	0	0	0	0	482	
10	0	0	0	0	483	
11	0	0	0	0	483	
12	0	0	0	0	485	
13	0	0	0	0	486	
14	0	0	0	0	487	
15	0	0	0	0	488	
0	0	0	0	0	488	
1	0	0	0	0	489	
2	0	0	0	0	490	
3	0	0	0	0	491	
4	0	0	0	0	492	
5	0	0	0	0	492	
6	0	0	0	0	493	
7	0	0	0	0	494	
8	0	0	0	0	494	
9	0	0	0	0	495	
10	0	0	0	0	496	
11	0	0	0	0	496	
12	0	0	0	0	498	
13	0	0	0	0	499	
14	0	0	0	0	500	
15	0	0	0	0	502	
0	0	0	0	0	503	
1	0	0	0	0	504	
2	0	0	0	0	504	
3	0	0	0	0	504	
4	0	0	0	0	505	
5	0	0	0	0	506	
6	0	0	0	0	507	
7	0	0	0	0	507	
8	0	0	0	0	507	
9	0	0	0	0	506	
10	0	0	0	0	507	
11	0	0	0	0	508	
12	0	0	0	0	508	
13	0	0	0	0	510	
14	0	0	0	0	510	
15	0	0	0	0	511	
0	0	0	0	0	511	
1	0	0	0	0	512	
2	0	0	0	0	513	
3	0	0	0	0	513	
4	0	0	0	0	513	
5	0	0	0	0	513	
6	0	0	0	0	514	
7	0	0	0	0	514	
8	0	0	0	0	515	
9	0	0	0	0	516	
10	0	0	0	0	516	
11	0	0	0	0	517	
12	0	0	0	0	518	
13	0	0	0	0	518	
14	0	0	0	0	519	
15	0	0	0	0	519	
0	0	0	0	0	520	
1	0	0	0	0	521	
2	0	0	0	0	522	
3	0	0	0	0	523	
4	0	0	0	0	523	
5	0	0	0	0	523	
6	0	0	0	0	524	
7	0	0	0	0	524	
8	0	0	0	0	525	
9	0	0	0	0	525	
10	0	0	0	0	526	
11	0	0	0	0	527	
12	0	0	0	0	528	
13	0	0	0	0	529	
14	0	0	0	0	531	
15	0	0	0	0	531	
0	0	0	0	0	531	
1	0	0	0	0	531	
2	0	0	0	0	532	
3	0	0	0	0	533	
4	0	0	0	0	534	
5	0	0	0	0	535	
6	0	0	0	0	535	
7	0	0	0	0	535	
8	0	0	0	0	535	
9	0	0	0	0	535	
10	0	0	0	0	534	
11	0	0	0	0	534	
12	0	0	0	0	534	
13	0	0	0	0	534	
14	0	0	0	0	535	
15	0	0	0	0	535	
0	0	0	0	0	535	
1	0	0	0	0	536	
2	0	0	0	0	536	
3	0	0	0	0	536	
4	0	0	0	0	536	
5	0	0	0	0	536	
6	0	0	0	0	537	
7	0	0	0	0	536	
8	0	0	0	0	537	
9	0	0	0	0	536	
10	0	0	0	0	536	
11	0	0	0	0	536	
12	0	0	0	0	536	
13	0	0	0	0	536	
14	0	0	0	0	536	
15	0	0	0	0	537	
0	0	0	0	0	538	
1	0	0	0	0	539	
2	0	0	0	0	540	
3	0	0	0	0	540	
4	0	0	0	0	541	
5	0	0	0	0	541	
6	0	0	0	0	540	
7	0	0	0	0	540	
8	0	0	0	0	540	
9	0	0	0	0	539	
10	0	0	0	0	537	
11	0	0	0	0	536	
12	0	0	0	0	536	
13	0	0	0	0	535	
14	0	0	0	0	535	
15	0	0	0	0	535	
0	0	0	0	0	535	
1	0	0	0	0	535	
2	0	0	0	0	534	
3	0	0	0	0	533	
4	0	0	0	0	533	
5	0	0	0	0	532	
6	0	0	0	0	531	
7	0	0	0	0	529	
8	0	0	0	0	528	
9	0	0	0	0	527	
10	0	0	0	0	527	
11	0	0	0	0	526	
12	0	0	0	0	525	
13	0	0	0	0	524	
14	0	0	0	0	522	
15	0	0	0	0	521	
0	0	0	0	0	519	
1	0	0	0	0	517	
2	0	0	0	0	515	
3	0	0	0	0	514	
4	0	0	0	0	513	
5	0	0	0	0	513	
6	0	0	0	0	512	
7	0	0	0	0	511	
8	0	0	0	0	509	
9	0	0	0	0	507	
10	0	0	0	0	505	
11	0	0	0	0	504	
12	0	0	0	0	502	
13	0	0	0	0	501	
14	0	0	0	0	499	
15	0	0	0	0	498	
0	0	0	0	0	497	
1	0	0	0	0	496	
2	0	0	0	0	494	
3	0	0	0	0	494	
4	0	0	0	0	493	
5	0	0	0	0	492	
6	0	0	0	0	491	
7	0	0	0	0	489	
8	0	0	0	0	488	
9	0	0	0	0	487	
10	0	0	0	0	485	
11	0	0	0	0	484	
12	0	0	0	0	483	
13	0	0	0	0	482	
14	0	0	0	0	481	
15	0	0	0	0	480	
0	0	0	0	0	480	
1	0	0	0	0	480	
2	0	0	0	0	480	
3	0	0	0	0	480	
4	0	0	0	0	480	
5	0	0	0	0	480	
6	0	0	0	0	480	
7	0	0	0	0	480	
8	0	0	0	0	478	
9	0	0	0	0	478	
10	0	0	0	0	477	
11	0	0	0	0	477	
12	0	0	0	0	476	
13	0	0	0	0	476	
14	0	0	0	0	475	
15	0	0	0	0	475	
0	0	0	0	0	475	
1	0	0	0	0	474	
2	0	0	0	0	474	
3	0	0	0	0	474	
4	0	0	0	0	475	
5	0	0	0	0	475	
6	0	0	0	0	475	
7	0	0	0	0	475	
8	0	0	0	0	476	
9	0	0	0	0	476	
10	0	0	0	0	477	
11	0	0	0	0	477	
12	0	0	0	0	477	
13	0	0	0	0	477	
14	0	0	0	0	476	
15	0	0	0	0	477	
0	0	0	0	0	477	
1	0	0	0	0	477	
2	0	0	0	0	478	
3	0	0	0	0	479	
4	0	0	0	0	479	
5	0	0	0	0	480	
6	0	0	0	0	481	
7	0	0	0	0	482	
8	0	0	0	0	482	
9	0	0	0	0	482	
10	0	0	0	0	483	
11	0	0	0	0	483	
12	0	0	0	0	483	
13	0	0	0	0	483	
14	0	0	0	0	483	
15	0	0	0	0	483	
0	0	0	0	0	483	
1	0	0	0	0	483	
2	0	0	0	0	484	
3	0	0	0	0	485	
4	0	0	0	0	486	
5	0	0	0	0	486	
6	0	0	0	0	486	
7	0	0	0	0	487	
8	0	0	0	0	487	
9	0	0	0	0	487	
10	0	0	0	0	487	
11	0	0	0	0	487	
12	0	0	0	0	488	
13	0	0	0	0	488	
14	0	0	0	0	488	
15	0	0	0	0	488	
0	0	0	0	0	487	
1	0	0	0	0	488	
2	0	0	0	0	488	
3	0	0	0	0	489	
4	0	0	0	0	489	
5	0	0	0	0	489	
6	0	0	0	0	490	
7	0	0	0	0	491	
8	0	0	0	0	490	
9	0	0	0	0	491	
10	0	0	0	0	491	
11	0	0	0	0	490	
12	0	0	0	0	491	
13	0	0	0	0	492	
14	0	0	0	0	492	
15	0	0	0	0	492	
0	0	0	0	0	492	
1	0	0	0	0	493	
2	0	0	0	0	493	
3	0	0	0	0	493	
4	0	0	0	0	494	
5	0	0	0	0	494	
6	0	0	0	0	494	
7	0	0	0	0	494	
8	0	0	0	0	495	
9	0	0	0	0	495	
10	0	0	0	0	495	
11	0	0	0	0	496	
12	0	0	0	0	496	
13	0	0	0	0	496	
14	0	0	0	0	496	
15	0	0	0	0	496	
0	0	0	0	0	496	
1	0	0	0	0	495	
2	0	0	0	0	495	
3	0	0	0	0	495	
4	0	0	0	0	495	
5	0	0	0	0	496	
6	0	0	0	0	496	
7	0	0	0	0	496	
8	0	0	0	0	496	
9	0	0	0	0	497	
10	0	0	0	0	498	
11	0	0	0	0	498	
12	0	0	0	0	498	
13	0	0	0	0	498	
14	0	0	0	0	497	
15	0	0	0	0	498	
0	0	0	0	0	497	
1	0	0	0	0	498	
2	0	0	0	0	499	
3	0	0	0	0	499	
4	0	0	0	0	499	
5	0	0	0	0	499	
6	0	0	0	0	499	
7	0	0	0	0	499	
8	0	0	0	0	500	
9	0	0	0	0	500	
10	0	0	0	0	500	
11	0	0	0	0	501	
12	0	0	0	0	500	
13	0	0	0	0	501	
14	0	0	0	0	500	
15	0	0	0	0	500	
0	0	0	0	0	501	
1	0	0	0	0	501	
2	0	0	0	0	501	
3	0	0	0	0	499	
4	0	0	0	0	499	
5	0	0	0	0	499	
6	0	0	0	0	498	
7	0	0	0	0	498	
8	0	0	0	0	499	
9	0	0	0	0	499	
10	0	0	0	0	499	
11	0	0	0	0	499	
12	0	0	0	0	500	
13	0	0	0	0	501	
14	0	0	0	0	501	
15	0	0	0	0	502	
0	0	0	0	0	502	
1	0	0	0	0	503	
2	0	0	0	0	502	
3	0	0	0	0	501	
4	0	0	0	0	501	
5	0	0	0	0	501	
6	0	0	0	0	501	
7	0	0	0	0	501	
8	0	0	0	0	501	
9	0	0	0	0	501	
10	0	0	0	0	502	
11	0	0	0	0	502	
12	0	0	0	0	503	
13	0	0	0	0	503	
14	0	0	0	0	504	
15	0	0	0	0	503	
0	0	0	0	0	503	
1	0	0	0	0	504	
2	0	0	0	0	503	
3	0	0	0	0	503	
4	0	0	0	0	503	
5	0	0	0	0	502	
6	0	0	0	0	503	
7	0	0	0	0	503	
8	0	0	0	0	504	
9	0	0	0	0	504	
10	0	0	0	0	504	
11	0	0	0	0	504	
12	0	0	0	0	504	
13	0	0	0	0	504	
14	0	0	0	0	505	
15	0	0	0	0	504	
0	0	0	0	0	505	
1	0	0	0	0	504	
2	0	0	0	0	505	
3	0	0	0	0	505	
4	0	0	0	0	504	
5	0	0	0	0	505	
6	0	0	0	0	505	
7	0	0	0	0	505	
8	0	0	0	0	505	
9	0	0	0	0	506	
10	0	0	0	0	506	
11	0	0	0	0	506	
12	0	0	0	0	506	
13	0	0	0	0	506	
14	0	0	0	0	507	
15	0	0	0	0	509	
0	0	0	0	0	510	
1	0	0	0	0	509	
2	0	0	0	0	508	
3	0	0	0	0	508	
4	0	0	0	0	508	
5	0	0	0	0	508	
6	0	0	0	0	508	
7	0	0	0	0	507	
8	0	0	0	0	507	
9	0	0	0	0	506	
10	0	0	0	0	506	
11	0	0	0	0	507	
12	0	0	0	0	506	
13	0	0	0	0	506	
14	0	0	0	0	507	
15	0	0	0	0	506	
0	0	0	0	0	507	
1	0	0	0	0	507	
2	0	0	0	0	507	
3	0	0	0	0	508	
4	0	0	0	0	507	
5	0	0	0	0	506	
6	0	0	0	0	506	
7	0	0	0	0	505	
8	0	0	0	0	507	
9	0	0	0	0	507	
10	0	0	0	0	508	
11	0	0	0	0	508	
12	0	0	0	0	508	
13	0	0	0	0	508	
14	0	0	0	0	508	
15	0	0	0	0	509	
0	0	0	0	0	509	
1	0	0	0	0	508	
2	0	0	0	0	508	
3	0	0	0	0	509	
4	0	0	0	0	509	
5	0	0	0	0	508	
6	0	0	0	0	509	
7	0	0	0	0	508	
8	0	0	0	0	509	
9	0	0	0	0	509	
10	0	0	0	0	510	
11	0	0	0	0	509	
12	0	0	0	0	510	
13	0	0	0	0	510	
14	0	0	0	0	510	
15	0	0	0	0	510	
0	0	0	0	0	510	
1	0	0	0	0	510	
2	0	0	0	0	510	
3	0	0	0	0	509	
4	0	0	0	0	509	
5	0	0	0	0	508	
6	0	0	0	0	508	
7	0	0	0	0	508	
8	0	0	0	0	508	
9	0	0	0	0	508	
10	0	0	0	0	509	
11	0	0	0	0	510	
12	0	0	0	0	510	
13	0	0	0	0	511	
14	0	0	0	0	511	
15	0	0	0	0	511	
0	0	0	0	0	512	
1	0	0	0	0	512	
2	0	0	0	0	512	
3	0	0	0	0	513	
4	0	0	0	0	513	
5	0	0	0	0	513	
6	0	0	0	0	513	
7	0	0	0	0	515	
8	0	0	0	0	515	
9	0	0	0	0	515	
10	0	0	0	0	515	
11	0	0	0	0	515	
12	0	0	0	0	517	
13	0	0	0	0	519	
14	0	0	0	0	520	
15	0	0	0	0	522	
0	0	0	0	0	523	
1	0	0	0	0	524	
2	0	0	0	0	525	
3	0	0	0	0	526	
4	0	0	0	0	527	
5	0	0	0	0	526	
6	0	0	0	0	526	
7	0	0	0	0	526	
8	0	0	0	0	525	
9	0	0	0	0	527	
10	0	0	0	0	527	
11	0	0	0	0	528	
12	0	0	0	0	529	
13	0	0	0	0	531	
14	0	0	0	0	532	
15	0	0	0	0	533	
0	0	0	0	0	535	
1	0	0	0	0	537	
2	0	0	0	0	539	
3	0	0	0	0	542	
4	0	0	0	0	545	
5	0	0	0	0	548	
6	0	0	0	0	551	
7	0	0	0	0	552	
8	0	0	0	0	554	
9	0	0	0	0	553	
10	0	0	0	0	552	
11	0	0	0	0	551	
12	0	0	0	0	549	
13	0	0	0	0	548	
14	0	0	0	0	547	
15	0	0	0	0	545	
0	0	0	0	0	544	
1	0	0	0	0	543	
2	0	0	0	0	540	
3	0	0	0	0	539	
4	0	0	0	0	537	
5	0	0	0	0	535	
6	0	0	0	0	533	
7	0	0	0	0	531	
8	0	0	0	0	529	
9	0	0	0	0	528	
10	0	0	0	0	527	
11	0	0	0	0	526	
12	0	0	0	0	524	
13	0	0	0	0	522	
14	0	0	0	0	521	
15	0	0	0	0	520	
0	0	0	0	0	519	
1	0	0	0	0	519	
2	0	0	0	0	518	
3	0	0	0	0	517	
4	0	0	0	0	516	
5	0	0	0	0	515	
6	0	0	0	0	515	
7	0	0	0	0	514	
8	0	0	0	0	512	
9	0	0	0	0	511	
10	0	0	0	0	510	
11	0	0	0	0	508	
12	0	0	0	0	506	
13	0	0	0	0	506	
14	0	0	0	0	505	
15	0	0	0	0	505	
0	0	0	0	0	504	
1	0	0	0	0	502	
2	0	0	0	0	502	
3	0	0	0	0	502	
4	0	0	0	0	502	
5	0	0	0	0	502	
6	0	0	0	0	502	
7	0	0	0	0	500	
8	0	0	0	0	499	
9	0	0	0	0	498	
10	0	0	0	0	498	
11	0	0	0	0	497	
12	0	0	0	0	497	
13	0	0	0	0	497	
14	0	0	0	0	496	
15	0	0	0	0	496	
0	0	0	0	0	496	
1	0	0	0	0	496	
2	0	0	0	0	496	
3	0	0	0	0	495	
4	0	0	0	0	495	
5	0	0	0	0	495	
6	0	0	0	0	495	
7	0	0	0	0	495	
8	0	0	0	0	494	
9	0	0	0	0	495	
10	0	0	0	0	494	
11	0	0	0	0	494	
12	0	0	0	0	494	
13	0	0	0	0	495	
14	0	0	0	0	496	
15	0	0	0	0	496	
0	0	0	0	0	496	
1	0	0	0	0	496	
2	0	0	0	0	495	
3	0	0	0	0	496	
4	0	0	0	0	497	
5	0	0	0	0	497	
6	0	0	0	0	498	
7	0	0	0	0	498	
8	0	0	0	0	498	
9	0	0	0	0	497	
10	0	0	0	0	496	
11	0	0	0	0	495	
12	0	0	0	0	494	
13	0	0	0	0	492	
14	0	0	0	0	490	
15	0	0	0	0	488	
0	0	0	0	0	486	
1	0	0	0	0	483	
2	0	0	0	0	481	
3	0	0	0	0	479	
4	0	0	0	0	476	
5	0	0	0	0	471	
6	0	0	0	0	467	
7	0	0	0	0	463	
8	0	0	0	0	460	
9	0	0	0	0	459	
10	0	0	0	0	457	
11	0	0	0	0	454	
12	0	0	0	0	451	
13	0	0	0	0	448	
14	0	0	0	0	446	
15	0	0	0	0	444	
0	0	0	0	0	443	
1	0	0	0	0	443	
2	0	0	0	0	444	
3	0	0	0	0	449	
4	0	0	0	0	457	
5	0	0	0	0	471	
6	0	0	0	0	491	
7	0	0	0	0	515	
8	0	0	0	0	546	
9	0	0	0	0	582	
10	0	0	0	0	624	
11	0	0	0	0	668	
12	0	0	0	0	715	
13	0	0	0	0	763	
14	0	0	0	0	811	
15	0	0	0	0	859	
0	0	0	0	0	902	
1	0	0	0	0	934	
2	0	0	0	0	955	
3	0	0	0	0	962	
4	0	0	0	0	957	
5	0	0	0	0	942	
6	0	0	0	0	919	
7	0	0	0	0	893	
8	0	0	0	0	863	
9	0	0	0	0	831	
10	0	0	0	0	799	
11	0	0	0	0	770	
12	0	0	0	0	744	
13	0	0	0	0	718	
14	0	0	0	0	691	
15	0	0	0	0	666	
0	0	0	0	0	641	
1	0	0	0	0	618	
2	0	0	0	0	598	
3	0	0	0	0	580	
4	0	0	0	0	565	
5	0	0	0	0	551	
6	0	0	0	0	541	
7	0	0	0	0	532	
8	0	0	0	0	527	
9	0	0	0	0	520	
10	0	0	0	0	515	
11	0	0	0	0	510	
12	0	0	0	0	504	
13	0	0	0	0	499	
14	0	0	0	0	492	
15	0	0	0	0	485	
0	0	0	0	0	479	
1	0	0	0	0	473	
2	0	0	0	0	468	
3	0	0	0	0	464	
4	0	0	0	0	462	
5	0	0	0	0	458	
6	0	0	0	0	456	
7	0	0	0	0	455	
8	0	0	0	0	453	
9	0	0	0	0	452	
10	0	0	0	0	451	
11	0	0	0	0	450	
12	0	0	0	0	448	
13	0	0	0	0	447	
14	0	0	0	0	446	
15	0	0	0	0	445	
0	0	0	0	0	444	
1	0	0	0	0	444	
2	0	0	0	0	444	
3	0	0	0	0	444	
4	0	0	0	0	444	
5	0	0	0	0	444	
6	0	0	0	0	445	
7	0	0	0	0	446	
8	0	0	0	0	446	
9	0	0	0	0	446	
10	0	0	0	0	446	
11	0	0	0	0	446	
12	0	0	0	0	447	
13	0	0	0	0	446	
14	0	0	0	0	446	
15	0	0	0	0	447	
0	0	0	0	0	447	
1	0	0	0	0	448	
2	0	0	0	0	448	
3	0	0	0	0	449	
4	0	0	0	0	450	
5	0	0	0	0	451	
6	0	0	0	0	452	
7	0	0	0	0	454	
8	0	0	0	0	454	
9	0	0	0	0	455	
10	0	0	0	0	455	
11	0	0	0	0	455	
12	0	0	0	0	456	
13	0	0	0	0	457	
14	0	0	0	0	457	
15	0	0	0	0	457	
0	0	0	0	0	458	
1	0	0	0	0	457	
2	0	0	0	0	457	
3	0	0	0	0	458	
4	0	0	0	0	459	
5	0	0	0	0	460	
6	0	0	0	0	460	
7	0	0	0	0	461	
8	0	0	0	0	463	
9	0	0	0	0	464	
10	0	0	0	0	464	
11	0	0	0	0	464	
12	0	0	0	0	464	
13	0	0	0	0	465	
14	0	0	0	0	465	
15	0	0	0	0	466	
0	0	0	0	0	467	
1	0	0	0	0	467	
2	0	0	0	0	468	
3	0	0	0	0	469	
4	0	0	0	0	470	
5	0	0	0	0	470	
6	0	0	0	0	471	
7	0	0	0	0	472	
8	0	0	0	0	473	
9	0	0	0	0	473	
10	0	0	0	0	474	
11	0	0	0	0	475	
12	0	0	0	0	477	
13	0	0	0	0	478	
14	0	0	0	0	478	
15	0	0	0	0	478	
0	0	0	0	0	479	
1	0	0	0	0	480	
2	0	0	0	0	480	
3	0	0	0	0	480	
4	0	0	0	0	481	
5	0	0	0	0	482	
6	0	0	0	0	483	
7	0	0	0	0	484	
8	0	0	0	0	485	
9	0	0	0	0	486	
10	0	0	0	0	487	
11	0	0	0	0	487	
12	0	0	0	0	488	
13	0	0	0	0	489	
14	0	0	0	0	490	
15	0	0	0	0	490	
0	0	0	0	0	490	
1	0	0	0	0	490	
2	0	0	0	0	491	
3	0	0	0	0	492	
4	0	0	0	0	493	
5	0	0	0	0	494	
6	0	0	0	0	495	
7	0	0	0	0	496	
8	0	0	0	0	497	
9	0	0	0	0	498	
10	0	0	0	0	498	
11	0	0	0	0	499	
12	0	0	0	0	499	
13	0	0	0	0	499	
14	0	0	0	0	500	
15	0	0	0	0	501	
0	0	0	0	0	502	
1	0	0	0	0	502	
2	0	0	0	0	501	
3	0	0	0	0	501	
4	0	0	0	0	502	
5	0	0	0	0	503	
6	0	0	0	0	503	
7	0	0	0	0	504	
8	0	0	0	0	504	
9	0	0	0	0	505	
10	0	0	0	0	506	
11	0	0	0	0	507	
12	0	0	0	0	508	
13	0	0	0	0	508	
14	0	0	0	0	509	
15	0	0	0	0	509	
0	0	0	0	0	510	
1	0	0	0	0	510	
2	0	0	0	0	511	
3	0	0	0	0	510	
4	0	0	0	0	510	
5	0	0	0	0	511	
6	0	0	0	0	511	
7	0	0	0	0	512	
8	0	0	0	0	512	
9	0	0	0	0	514	
10	0	0	0	0	515	
11	0	0	0	0	516	
12	0	0	0	0	516	
13	0	0	0	0	518	
14	0	0	0	0	518	
15	0	0	0	0	518	
0	0	0	0	0	518	
1	0	0	0	0	519	
2	0	0	0	0	520	
3	0	0	0	0	520	
4	0	0	0	0	520	
5	0	0	0	0	521	
6	0	0	0	0	522	
7	0	0	0	0	523	
8	0	0	0	0	524	
9	0	0	0	0	524	
10	0	0	0	0	525	
11	0	0	0	0	525	
12	0	0	0	0	526	
13	0	0	0	0	526	
14	0	0	0	0	527	
15	0	0	0	0	527	
0	0	0	0	0	529	
1	0	0	0	0	529	
2	0	0	0	0	530	
3	0	0	0	0	530	
4	0	0	0	0	530	
5	0	0	0	0	530	
6	0	0	0	0	530	
7	0	0	0	0	531	
8	0	0	0	0	531	
9	0	0	0	0	531	
10	0	0	0	0	531	
11	0	0	0	0	533	
12	0	0	0	0	533	
13	0	0	0	0	532	
14	0	0	0	0	532	
15	0	0	0	0	534	
0	0	0	0	0	534	
1	0	0	0	0	535	
2	0	0	0	0	535	
3	0	0	0	0	535	
4	0	0	0	0	534	
5	0	0	0	0	534	
6	0	0	0	0	533	
7	0	0	0	0	534	
8	0	0	0	0	534	
9	0	0	0	0	533	
10	0	0	0	0	534	
11	0	0	0	0	534	
12	0	0	0	0	535	
13	0	0	0	0	536	
14	0	0	0	0	535	
15	0	0	0	0	534	
0	0	0	0	0	535	
1	0	0	0	0	535	
2	0	0	0	0	535	
3	0	0	0	0	535	
4	0	0	0	0	535	
5	0	0	0	0	534	
6	0	0	0	0	534	
7	0	0	0	0	534	
8	0	0	0	0	534	
9	0	0	0	0	535	
10	0	0	0	0	535	
11	0	0	0	0	535	
12	0	0	0	0	535	
13	0	0	0	0	535	
14	0	0	0	0	535	
15	0	0	0	0	536	
0	0	0	0	0	536	
1	0	0	0	0	535	
2	0	0	0	0	534	
3	0	0	0	0	533	
4	0	0	0	0	532	
5	0	0	0	0	531	
6	0	0	0	0	530	
7	0	0	0	0	529	
8	0	0	0	0	527	
9	0	0	0	0	526	
10	0	0	0	0	525	
11	0	0	0	0	523	
12	0	0	0	0	521	
13	0	0	0	0	520	
14	0	0	0	0	519	
15	0	0	0	0	518	
0	0	0	0	0	516	
1	0	0	0	0	515	
2	0	0	0	0	514	
3	0	0	0	0	513	
4	0	0	0	0	511	
5	0	0	0	0	509	
6	0	0	0	0	508	
7	0	0	0	0	505	
8	0	0	0	0	504	
9	0	0	0	0	502	
10	0	0	0	0	500	
11	0	0	0	0	498	
12	0	0	0	0	497	
13	0	0	0	0	496	
14	0	0	0	0	496	
15	0	0	0	0	495	
0	0	0	0	0	495	
1	0	0	0	0	493	
2	0	0	0	0	491	
3	0	0	0	0	489	
4	0	0	0	0	487	
5	0	0	0	0	484	
6	0	0	0	0	482	
7	0	0	0	0	480	
8	0	0	0	0	480	
9	0	0	0	0	479	
10	0	0	0	0	478	
11	0	0	0	0	478	
12	0	0	0	0	477	
13	0	0	0	0	477	
14	0	0	0	0	477	
15	0	0	0	0	477	
0	0	0	0	0	477	
1	0	0	0	0	476	
2	0	0	0	0	476	
3	0	0	0	0	476	
4	0	0	0	0	476	
5	0	0	0	0	476	
6	0	0	0	0	475	
7	0	0	0	0	475	
8	0	0	0	0	474	
9	0	0	0	0	474	
10	0	0	0	0	473	
11	0	0	0	0	472	
12	0	0	0	0	472	
13	0	0	0	0	472	
14	0	0	0	0	472	
15	0	0	0	0	472	
0	0	0	0	0	472	
1	0	0	0	0	472	
2	0	0	0	0	472	
3	0	0	0	0	472	
4	0	0	0	0	472	
5	0	0	0	0	472	
6	0	0	0	0	472	
7	0	0	0	0	472	
8	0	0	0	0	472	
9	0	0	0	0	473	
10	0	0	0	0	473	
11	0	0	0	0	473	
12	0	0	0	0	474	
13	0	0	0	0	475	
14	0	0	0	0	476	
15	0	0	0	0	476	
0	0	0	0	0	477	
1	0	0	0	0	477	
2	0	0	0	0	478	
3	0	0	0	0	479	
4	0	0	0	0	479	
5	0	0	0	0	480	
6	0	0	0	0	480	
7	0	0	0	0	481	
8	0	0	0	0	481	
9	0	0	0	0	481	
10	0	0	0	0	481	
11	0	0	0	0	481	
12	0	0	0	0	482	
13	0	0	0	0	482	
14	0	0	0	0	483	
15	0	0	0	0	483	
0	0	0	0	0	483	
1	0	0	0	0	484	
2	0	0	0	0	484	
3	0	0	0	0	485	
4	0	0	0	0	486	
5	0	0	0	0	486	
6	0	0	0	0	486	
7	0	0	0	0	485	
8	0	0	0	0	485	
9	0	0	0	0	484	
10	0	0	0	0	485	
11	0	0	0	0	486	
12	0	0	0	0	487	
13	0	0	0	0	487	
14	0	0	0	0	488	
15	0	0	0	0	488	
0	0	0	0	0	488	
1	0	0	0	0	489	
2	0	0	0	0	490	
3	0	0	0	0	491	
4	0	0	0	0	491	
5	0	0	0	0	492	
6	0	0	0	0	491	
7	0	0	0	0	491	
8	0	0	0	0	491	
9	0	0	0	0	491	
10	0	0	0	0	491	
11	0	0	0	0	490	
12	0	0	0	0	490	
13	0	0	0	0	491	
14	0	0	0	0	491	
15	0	0	0	0	491	
0	0	0	0	0	492	
1	0	0	0	0	492	
2	0	0	0	0	492	
3	0	0	0	0	493	
4	0	0	0	0	492	
5	0	0	0	0	493	
6	0	0	0	0	494	
7	0	0	0	0	495	
8	0	0	0	0	495	
9	0	0	0	0	495	
10	0	0	0	0	495	
11	0	0	0	0	494	
12	0	0	0	0	494	
13	0	0	0	0	495	
14	0	0	0	0	495	
15	0	0	0	0	496	
0	0	0	0	0	496	
1	0	0	0	0	496	
2	0	0	0	0	496	
3	0	0	0	0	496	
4	0	0	0	0	496	
5	0	0	0	0	497	
6	0	0	0	0	497	
7	0	0	0	0	498	
8	0	0	0	0	498	
9	0	0	0	0	497	
10	0	0	0	0	497	
11	0	0	0	0	497	
12	0	0	0	0	496	
13	0	0	0	0	496	
14	0	0	0	0	497	
15	0	0	0	0	497	
0	0	0	0	0	498	
1	0	0	0	0	499	
2	0	0	0	0	499	
3	0	0	0	0	499	
4	0	0	0	0	499	
5	0	0	0	0	499	
6	0	0	0	0	500	
7	0	0	0	0	500	
8	0	0	0	0	500	
9	0	0	0	0	500	
10	0	0	0	0	500	
11	0	0	0	0	500	
12	0	0	0	0	499	
13	0	0	0	0	498	
14	0	0	0	0	498	
15	0	0	0	0	498	
0	0	0	0	0	498	
1	0	0	0	0	498	
2	0	0	0	0	499	
3	0	0	0	0	499	
4	0	0	0	0	500	
5	0	0	0	0	500	
6	0	0	0	0	500	
7	0	0	0	0	501	
8	0	0	0	0	502	
9	0	0	0	0	502	
10	0	0	0	0	503	
11	0	0	0	0	503	
12	0	0	0	0	503	
13	0	0	0	0	503	
14	0	0	0	0	504	
15	0	0	0	0	503	
0	0	0	0	0	503	
1	0	0	0	0	503	
2	0	0	0	0	503	
3	0	0	0	0	504	
4	0	0	0	0	504	
5	0	0	0	0	504	
6	0	0	0	0	504	
7	0	0	0	0	504	
8	0	0	0	0	504	
9	0	0	0	0	504	
10	0	0	0	0	504	
11	0	0	0	0	504	
12	0	0	0	0	504	
13	0	0	0	0	503	
14	0	0	0	0	503	
15	0	0	0	0	503	
0	0	0	0	0	503	
1	0	0	0	0	502	
2	0	0	0	0	502	
3	0	0	0	0	502	
4	0	0	0	0	502	
5	0	0	0	0	502	
6	0	0	0	0	503	
7	0	0	0	0	503	
8	0	0	0	0	504	
9	0	0	0	0	504	
10	0	0	0	0	504	
11	0	0	0	0	504	
12	0	0	0	0	504	
13	0	0	0	0	504	
14	0	0	0	0	504	
15	0	0	0	0	504	
0	0	0	0	0	504	
1	0	0	0	0	504	
2	0	0	0	0	503	
3	0	0	0	0	503	
4	0	0	0	0	503	
5	0	0	0	0	503	
6	0	0	0	0	503	
7	0	0	0	0	503	
8	0	0	0	0	504	
9	0	0	0	0	504	
10	0	0	0	0	504	
11	0	0	0	0	504	
12	0	0	0	0	504	
13	0	0	0	0	504	
14	0	0	0	0	504	
15	0	0	0	0	504	
0	0	0	0	0	504	
1	0	0	0	0	504	
2	0	0	0	0	503	
3	0	0	0	0	504	
4	0	0	0	0	504	
5	0	0	0	0	504	
6	0	0	0	0	505	
7	0	0	0	0	505	
8	0	0	0	0	506	
9	0	0	0	0	506	
10	0	0	0	0	507	
11	0	0	0	0	507	
12	0	0	0	0	507	
13	0	0	0	0	507	
14	0	0	0	0	508	
15	0	0	0	0	508	
0	0	0	0	0	508	
1	0	0	0	0	507	
2	0	0	0	0	507	
3	0	0	0	0	507	
4	0	0	0	0	507	
5	0	0	0	0	507	
6	0	0	0	0	507	
7	0	0	0	0	507	
8	0	0	0	0	508	
9	0	0	0	0	508	
10	0	0	0	0	508	
11	0	0	0	0	509	
12	0	0	0	0	508	
13	0	0	0	0	508	
14	0	0	0	0	508	
15	0	0	0	0	508	
0	0	0	0	0	508	
1	0	0	0	0	507	
2	0	0	0	0	506	
3	0	0	0	0	506	
4	0	0	0	0	506	
5	0	0	0	0	506	
6	0	0	0	0	506	
7	0	0	0	0	506	
8	0	0	0	0	507	
9	0	0	0	0	508	
10	0	0	0	0	508	
11	0	0	0	0	509	
12	0	0	0	0	509	
13	0	0	0	0	509	
14	0	0	0	0	509	
15	0	0	0	0	509	
0	0	0	0	0	509	
1	0	0	0	0	509	
2	0	0	0	0	509	
3	0	0	0	0	508	
4	0	0	0	0	508	
5	0	0	0	0	509	
6	0	0	0	0	509	
7	0	0	0	0	509	
8	0	0	0	0	510	
9	0	0	0	0	510	
10	0	0	0	0	511	
11	0	0	0	0	511	
12	0	0	0	0	512	
13	0	0	0	0	512	
14	0	0	0	0	512	
15	0	0	0	0	511	
0	0	0	0	0	511	
1	0	0	0	0	512	
2	0	0	0	0	513	
3	0	0	0	0	513	
4	0	0	0	0	513	
5	0	0	0	0	513	
6	0	0	0	0	513	
7	0	0	0	0	514	
8	0	0	0	0	515	
9	0	0	0	0	515	
10	0	0	0	0	516	
11	0	0	0	0	516	
12	0	0	0	0	517	
13	0	0	0	0	519	
14	0	0	0	0	519	
15	0	0	0	0	521	
0	0	0	0	0	521	
1	0	0	0	0	522	
2	0	0	0	0	523	
3	0	0	0	0	523	
4	0	0	0	0	524	
5	0	0	0	0	524	
6	0	0	0	0	524	
7	0	0	0	0	524	
8	0	0	0	0	524	
9	0	0	0	0	524	
10	0	0	0	0	525	
11	0	0	0	0	526	
12	0	0	0	0	528	
13	0	0	0	0	529	
14	0	0	0	0	530	
15	0	0	0	0	531	
0	0	0	0	0	532	
1	0	0	0	0	534	
2	0	0	0	0	536	
3	0	0	0	0	538	
4	0	0	0	0	541	
5	0	0	0	0	543	
6	0	0	0	0	545	
7	0	0	0	0	547	
8	0	0	0	0	547	
9	0	0	0	0	547	
10	0	0	0	0	547	
11	0	0	0	0	547	
12	0	0	0	0	545	
13	0	0	0	0	543	
14	0	0	0	0	542	
15	0	0	0	0	540	
0	0	0	0	0	538	
1	0	0	0	0	536	
2	0	0	0	0	535	
3	0	0	0	0	533	
4	0	0	0	0	532	
5	0	0	0	0	529	
6	0	0	0	0	528	
7	0	0	0	0	526	
8	0	0	0	0	525	
9	0	0	0	0	524	
10	0	0	0	0	523	
11	0	0	0	0	521	
12	0	0	0	0	520	
13	0	0	0	0	519	
14	0	0	0	0	518	
15	0	0	0	0	516	
0	0	0	0	0	515	
1	0	0	0	0	515	
2	0	0	0	0	514	
3	0	0	0	0	513	
4	0	0	0	0	512	
5	0	0	0	0	512	
6	0	0	0	0	511	
7	0	0	0	0	508	
8	0	0	0	0	507	
9	0	0	0	0	506	
10	0	0	0	0	504	
11	0	0	0	0	504	
12	0	0	0	0	504	
13	0	0	0	0	504	
14	0	0	0	0	503	
15	0	0	0	0	502	
0	0	0	0	0	501	
1	0	0	0	0	501	
2	0	0	0	0	500	
3	0	0	0	0	501	
4	0	0	0	0	501	
5	0	0	0	0	500	
6	0	0	0	0	499	
7	0	0	0	0	498	
8	0	0	0	0	497	
9	0	0	0	0	497	
10	0	0	0	0	497	
11	0	0	0	0	497	
12	0	0	0	0	496	
13	0	0	0	0	496	
14	0	0	0	0	495	
15	0	0	0	0	495	
0	0	0	0	0	494	
1	0	0	0	0	494	
2	0	0	0	0	494	
3	0	0	0	0	494	
4	0	0	0	0	493	
5	0	0	0	0	493	
6	0	0	0	0	493	
7	0	0	0	0	493	
8	0	0	0	0	493	
9	0	0	0	0	494	
10	0	0	0	0	494	
11	0	0	0	0	494	
12	0	0	0	0	494	
13	0	0	0	0	494	
14	0	0	0	0	495	
15	0	0	0	0	496	
0	0	0	0	0	496	
1	0	0	0	0	496	
2	0	0	0	0	496	
3	0	0	0	0	496	
4	0	0	0	0	497	
5	0	0	0	0	497	
6	0	0	0	0	496	
7	0	0	0	0	496	
8	0	0	0	0	495	
9	0	0	0	0	496	
10	0	0	0	0	495	
11	0	0	0	0	494	
12	0	0	0	0	493	
13	0	0	0	0	491	
14	0	0	0	0	489	
15	0	0	0	0	487	
0	0	0	0	0	485	
1	0	0	0	0	483	
2	0	0	0	0	480	
3	0	0	0	0	478	
4	0	0	0	0	474	
5	0	0	0	0	470	
6	0	0	0	0	466	
7	0	0	0	0	463	
8	0	0	0	0	460	
9	0	0	0	0	458	
10	0	0	0	0	456	
11	0	0	0	0	454	
12	0	0	0	0	452	
13	0	0	0	0	450	
14	0	0	0	0	447	
15	0	0	0	0	444	
0	0	0	0	0	442	
1	0	0	0	0	442	
2	0	0	0	0	444	
3	0	0	0	0	448	
4	0	0	0	0	458	
5	0	0	0	0	472	
6	0	0	0	0	491	
7	0	0	0	0	515	
8	0	0	0	0	546	
9	0	0	0	0	582	
10	0	0	0	0	624	
11	0	0	0	0	669	
12	0	0	0	0	714	
13	0	0	0	0	761	
14	0	0	0	0	811	
15	0	0	0	0	858	
0	0	0	0	0	900	
1	0	0	0	0	931	
2	0	0	0	0	949	
3	0	0	0	0	954	
4	0	0	0	0	948	
5	0	0	0	0	932	
6	0	0	0	0	910	
7	0	0	0	0	884	
8	0	0	0	0	856	
9	0	0	0	0	825	
10	0	0	0	0	795	
11	0	0	0	0	770	
12	0	0	0	0	745	
13	0	0	0	0	719	
14	0	0	0	0	695	
15	0	0	0	0	670	
0	0	0	0	0	647	
1	0	0	0	0	624	
2	0	0	0	0	604	
3	0	0	0	0	587	
4	0	0	0	0	571	
5	0	0	0	0	558	
6	0	0	0	0	546	
7	0	0	0	0	537	
8	0	0	0	0	529	
9	0	0	0	0	523	
10	0	0	0	0	516	
11	0	0	0	0	511	
12	0	0	0	0	505	
13	0	0	0	0	499	
14	0	0	0	0	492	
15	0	0	0	0	486	
0	0	0	0	0	479	
1	0	0	0	0	473	
2	0	0	0	0	468	
3	0	0	0	0	464	
4	0	0	0	0	461	
5	0	0	0	0	458	
6	0	0	0	0	456	
7	0	0	0	0	454	
8	0	0	0	0	452	
9	0	0	0	0	450	
10	0	0	0	0	449	
11	0	0	0	0	448	
12	0	0	0	0	447	
13	0	0	0	0	446	
14	0	0	0	0	446	
15	0	0	0	0	445	
0	0	0	0	0	445	
1	0	0	0	0	444	
2	0	0	0	0	444	
3	0	0	0	0	443	
4	0	0	0	0	442	
5	0	0	0	0	442	
6	0	0	0	0	442	
7	0	0	0	0	442	
8	0	0	0	0	441	
9	0	0	0	0	440	
10	0	0	0	0	440	
11	0	0	0	0	439	
12	0	0	0	0	439	
13	0	0	0	0	439	
14	0	0	0	0	440	
15	0	0	0	0	441	
0	0	0	0	0	442	
1	0	0	0	0	443	
2	0	0	0	0	444	
3	0	0	0	0	446	
4	0	0	0	0	446	
5	0	0	0	0	447	
6	0	0	0	0	448	
7	0	0	0	0	449	
8	0	0	0	0	449	
9	0	0	0	0	451	
10	0	0	0	0	451	
11	0	0	0	0	452	
12	0	0	0	0	453	
13	0	0	0	0	453	
14	0	0	0	0	454	
15	0	0	0	0	454	
0	0	0	0	0	455	
1	0	0	0	0	457	
2	0	0	0	0	458	
3	0	0	0	0	459	
4	0	0	0	0	460	
5	0	0	0	0	461	
6	0	0	0	0	461	
7	0	0	0	0	461	
8	0	0	0	0	462	
9	0	0	0	0	462	
10	0	0	0	0	462	
11	0	0	0	0	462	
12	0	0	0	0	462	
13	0	0	0	0	463	
14	0	0	0	0	463	
15	0	0	0	0	463	
0	0	0	0	0	463	
1	0	0	0	0	464	
2	0	0	0	0	466	
3	0	0	0	0	467	
4	0	0	0	0	468	
5	0	0	0	0	469	
6	0	0	0	0	470	
7	0	0	0	0	470	
8	0	0	0	0	471	
9	0	0	0	0	472	
10	0	0	0	0	473	
11	0	0	0	0	473	
12	0	0	0	0	474	
13	0	0	0	0	475	
14	0	0	0	0	476	
15	0	0	0	0	477	
0	0	0	0	0	478	
1	0	0	0	0	478	
2	0	0	0	0	479	
3	0	0	0	0	479	
4	0	0	0	0	480	
5	0	0	0	0	480	
6	0	0	0	0	481	
7	0	0	0	0	482	
8	0	0	0	0	483	
9	0	0	0	0	485	
10	0	0	0	0	486	
11	0	0	0	0	487	
12	0	0	0	0	487	
13	0	0	0	0	487	
14	0	0	0	0	488	
15	0	0	0	0	488	
0	0	0	0	0	488	
1	0	0	0	0	489	
2	0	0	0	0	490	
3	0	0	0	0	491	
4	0	0	0	0	491	
5	0	0	0	0	492	
6	0	0	0	0	493	
7	0	0	0	0	494	
8	0	0	0	0	496	
9	0	0	0	0	496	
10	0	0	0	0	496	
11	0	0	0	0	497	
12	0	0	0	0	497	
13	0	0	0	0	498	
14	0	0	0	0	499	
15	0	0	0	0	499	
0	0	0	0	0	499	
1	0	0	0	0	499	
2	0	0	0	0	500	
3	0	0	0	0	501	
4	0	0	0	0	501	
5	0	0	0	0	502	
6	0	0	0	0	503	
7	0	0	0	0	503	
8	0	0	0	0	504	
9	0	0	0	0	505	
10	0	0	0	0	505	
11	0	0	0	0	507	
12	0	0	0	0	509	
13	0	0	0	0	509	
14	0	0	0	0	509	
15	0	0	0	0	509	
0	0	0	0	0	509	
1	0	0	0	0	510	
2	0	0	0	0	510	
3	0	0	0	0	510	
4	0	0	0	0	511	
5	0	0	0	0	512	
6	0	0	0	0	513	
7	0	0	0	0	515	
8	0	0	0	0	515	
9	0	0	0	0	516	
10	0	0	0	0	516	
11	0	0	0	0	517	
12	0	0	0	0	517	
13	0	0	0	0	517	
14	0	0	0	0	517	
15	0	0	0	0	518	
0	0	0	0	0	518	
1	0	0	0	0	518	
2	0	0	0	0	519	
3	0	0	0	0	519	
4	0	0	0	0	521	
5	0	0	0	0	522	
6	0	0	0	0	523	
7	0	0	0	0	524	
8	0	0	0	0	523	
9	0	0	0	0	524	
10	0	0	0	0	524	
11	0	0	0	0	525	
12	0	0	0	0	525	
13	0	0	0	0	526	
14	0	0	0	0	526	
15	0	0	0	0	526	
0	0	0	0	0	526	
1	0	0	0	0	527	
2	0	0	0	0	527	
3	0	0	0	0	527	
4	0	0	0	0	528	
5	0	0	0	0	529	
6	0	0	0	0	531	
7	0	0	0	0	531	
8	0	0	0	0	532	
9	0	0	0	0	532	
10	0	0	0	0	533	
11	0	0	0	0	534	
12	0	0	0	0	535	
13	0	0	0	0	536	
14	0	0	0	0	536	
15	0	0	0	0	536	
0	0	0	0	0	536	
1	0	0	0	0	536	
2	0	0	0	0	536	
3	0	0	0	0	536	
4	0	0	0	0	536	
5	0	0	0	0	536	
6	0	0	0	0	535	
7	0	0	0	0	536	
8	0	0	0	0	536	
9	0	0	0	0	536	
10	0	0	0	0	536	
11	0	0	0	0	536	
12	0	0	0	0	535	
13	0	0	0	0	535	
14	0	0	0	0	535	
15	0	0	0	0	535	
0	0	0	0	0	535	
1	0	0	0	0	535	
2	0	0	0	0	534	
3	0	0	0	0	533	
4	0	0	0	0	534	
5	0	0	0	0	534	
6	0	0	0	0	535	
7	0	0	0	0	536	
8	0	0	0	0	536	
9	0	0	0	0	536	
10	0	0	0	0	537	
11	0	0	0	0	536	
12	0	0	0	0	537	
13	0	0	0	0	537	
14	0	0	0	0	537	
15	0	0	0	0	536	
0	0	0	0	0	536	
1	0	0	0	0	535	
2	0	0	0	0	535	
3	0	0	0	0	534	
4	0	0	0	0	533	
5	0	0	0	0	532	
6	0	0	0	0	531	
7	0	0	0	0	529	
8	0	0	0	0	528	
9	0	0	0	0	527	
10	0	0	0	0	525	
11	0	0	0	0	524	
12	0	0	0	0	523	
13	0	0	0	0	521	
14	0	0	0	0	519	
15	0	0	0	0	519	
0	0	0	0	0	517	
1	0	0	0	0	515	
2	0	0	0	0	514	
3	0	0	0	0	512	
4	0	0	0	0	509	
5	0	0	0	0	508	
6	0	0	0	0	506	
7	0	0	0	0	505	
8	0	0	0	0	503	
9	0	0	0	0	502	
10	0	0	0	0	501	
11	0	0	0	0	500	
12	0	0	0	0	499	
13	0	0	0	0	498	
14	0	0	0	0	497	
15	0	0	0	0	496	
0	0	0	0	0	494	
1	0	0	0	0	493	
2	0	0	0	0	491	
3	0	0	0	0	490	
4	0	0	0	0	488	
5	0	0	0	0	487	
6	0	0	0	0	486	
7	0	0	0	0	485	
8	0	0	0	0	484	
9	0	0	0	0	483	
10	0	0	0	0	483	
11	0	0	0	0	483	
12	0	0	0	0	482	
13	0	0	0	0	481	
14	0	0	0	0	481	
15	0	0	0	0	481	
0	0	0	0	0	481	
1	0	0	0	0	480	
2	0	0	0	0	480	
3	0	0	0	0	480	
4	0	0	0	0	478	
5	0	0	0	0	477	
6	0	0	0	0	476	
7	0	0	0	0	475	
8	0	0	0	0	476	
9	0	0	0	0	476	
10	0	0	0	0	475	
11	0	0	0	0	475	
12	0	0	0	0	475	
13	0	0	0	0	474	
14	0	0	0	0	474	
15	0	0	0	0	474	
0	0	0	0	0	474	
1	0	0	0	0	474	
2	0	0	0	0	475	
3	0	0	0	0	475	
4	0	0	0	0	475	
5	0	0	0	0	475	
6	0	0	0	0	475	
7	0	0	0	0	475	
8	0	0	0	0	475	
9	0	0	0	0	475	
10	0	0	0	0	475	
11	0	0	0	0	476	
12	0	0	0	0	476	
13	0	0	0	0	477	
14	0	0	0	0	478	
15	0	0	0	0	479	
0	0	0	0	0	479	
1	0	0	0	0	479	
2	0	0	0	0	480	
3	0	0	0	0	480	
4	0	0	0	0	480	
5	0	0	0	0	480	
6	0	0	0	0	480	
7	0	0	0	0	481	
8	0	0	0	0	482	
9	0	0	0	0	481	
10	0	0	0	0	482	
11	0	0	0	0	483	
12	0	0	0	0	483	
13	0	0	0	0	483	
14	0	0	0	0	484	
15	0	0	0	0	485	
0	0	0	0	0	486	
1	0	0	0	0	486	
2	0	0	0	0	486	
3	0	0	0	0	487	
4	0	0	0	0	487	
5	0	0	0	0	487	
6	0	0	0	0	487	
7	0	0	0	0	487	
8	0	0	0	0	487	
9	0	0	0	0	487	
10	0	0	0	0	488	
11	0	0	0	0	488	
12	0	0	0	0	489	
13	0	0	0	0	490	
14	0	0	0	0	491	
15	0	0	0	0	491	
0	0	0	0	0	492	
1	0	0	0	0	492	
2	0	0	0	0	492	
3	0	0	0	0	492	
4	0	0	0	0	492	
5	0	0	0	0	492	
6	0	0	0	0	492	
7	0	0	0	0	492	
8	0	0	0	0	492	
9	0	0	0	0	492	
10	0	0	0	0	492	
11	0	0	0	0	492	
12	0	0	0	0	493	
13	0	0	0	0	492	
14	0	0	0	0	492	
15	0	0	0	0	492	
0	0	0	0	0	492	
1	0	0	0	0	494	
2	0	0	0	0	494	
3	0	0	0	0	494	
4	0	0	0	0	495	
5	0	0	0	0	495	
6	0	0	0	0	496	
7	0	0	0	0	496	
8	0	0	0	0	495	
9	0	0	0	0	495	
10	0	0	0	0	495	
11	0	0	0	0	495	
12	0	0	0	0	496	
13	0	0	0	0	497	
14	0	0	0	0	497	
15	0	0	0	0	497	
0	0	0	0	0	498	
1	0	0	0	0	498	
2	0	0	0	0	499	
3	0	0	0	0	499	
4	0	0	0	0	499	
5	0	0	0	0	499	
6	0	0	0	0	500	
7	0	0	0	0	500	
8	0	0	0	0	500	
9	0	0	0	0	499	
10	0	0	0	0	498	
11	0	0	0	0	498	
12	0	0	0	0	499	
13	0	0	0	0	499	
14	0	0	0	0	500	
15	0	0	0	0	500	
0	0	0	0	0	500	
1	0	0	0	0	501	
2	0	0	0	0	501	
3	0	0	0	0	501	
4	0	0	0	0	502	
5	0	0	0	0	502	
6	0	0	0	0	502	
7	0	0	0	0	502	
8	0	0	0	0	502	
9	0	0	0	0	501	
10	0	0	0	0	500	
11	0	0	0	0	501	
12	0	0	0	0	501	
13	0	0	0	0	502	
14	0	0	0	0	502	
15	0	0	0	0	502	
0	0	0	0	0	503	
1	0	0	0	0	503	
2	0	0	0	0	503	
3	0	0	0	0	504	
4	0	0	0	0	504	
5	0	0	0	0	505	
6	0	0	0	0	505	
7	0	0	0	0	505	
8	0	0	0	0	505	
9	0	0	0	0	504	
10	0	0	0	0	503	
11	0	0	0	0	502	
12	0	0	0	0	501	
13	0	0	0	0	502	
14	0	0	0	0	502	
15	0	0	0	0	501	
0	0	0	0	0	501	
1	0	0	0	0	502	
2	0	0	0	0	503	
3	0	0	0	0	504	
4	0	0	0	0	504	
5	0	0	0	0	503	
6	0	0	0	0	503	
7	0	0	0	0	504	
8	0	0	0	0	504	
9	0	0	0	0	504	
10	0	0	0	0	504	
11	0	0	0	0	504	
12	0	0	0	0	504	
13	0	0	0	0	505	
14	0	0	0	0	505	
15	0	0	0	0	504	
0	0	0	0	0	505	
1	0	0	0	0	506	
2	0	0	0	0	506	
3	0	0	0	0	508	
4	0	0	0	0	508	
5	0	0	0	0	508	
6	0	0	0	0	509	
7	0	0	0	0	510	
8	0	0	0	0	510	
9	0	0	0	0	510	
10	0	0	0	0	509	
11	0	0	0	0	508	
12	0	0	0	0	508	
13	0	0	0	0	508	
14	0	0	0	0	508	
15	0	0	0	0	508	
0	0	0	0	0	508	
1	0	0	0	0	508	
2	0	0	0	0	509	
3	0	0	0	0	509	
4	0	0	0	0	509	
5	0	0	0	0	509	
6	0	0	0	0	509	
7	0	0	0	0	509	
8	0	0	0	0	509	
9	0	0	0	0	509	
10	0	0	0	0	509	
11	0	0	0	0	508	
12	0	0	0	0	508	
13	0	0	0	0	507	
14	0	0	0	0	507	
15	0	0	0	0	507	
0	0	0	0	0	508	
1	0	0	0	0	508	
2	0	0	0	0	508	
3	0	0	0	0	508	
4	0	0	0	0	508	
5	0	0	0	0	508	
6	0	0	0	0	508	
7	0	0	0	0	508	
8	0	0	0	0	507	
9	0	0	0	0	507	
10	0	0	0	0	508	
11	0	0	0	0	509	
12	0	0	0	0	509	
13	0	0	0	0	508	
14	0	0	0	0	508	
15	0	0	0	0	507	
0	0	0	0	0	507	
1	0	0	0	0	507	
2	0	0	0	0	507	
3	0	0	0	0	506	
4	0	0	0	0	506	
5	0	0	0	0	506	
6	0	0	0	0	506	
7	0	0	0	0	507	
8	0	0	0	0	508	
9	0	0	0	0	508	
10	0	0	0	0	509	
11	0	0	0	0	509	
12	0	0	0	0	509	
13	0	0	0	0	508	
14	0	0	0	0	508	
15	0	0	0	0	508	
0	0	0	0	0	507	
1	0	0	0	0	507	
2	0	0	0	0	507	
3	0	0	0	0	508	
4	0	0	0	0	508	
5	0	0	0	0	509	
6	0	0	0	0	510	
7	0	0	0	0	510	
8	0	0	0	0	510	
9	0	0	0	0	511	
10	0	0	0	0	512	
11	0	0	0	0	511	
12	0	0	0	0	508	
13	0	0	0	0	507	
14	0	0	0	0	507	
15	0	0	0	0	508	
0	0	0	0	0	508	
1	0	0	0	0	508	
2	0	0	0	0	508	
3	0	0	0	0	508	
4	0	0	0	0	508	
5	0	0	0	0	509	
6	0	0	0	0	509	
7	0	0	0	0	510	
8	0	0	0	0	510	
9	0	0	0	0	510	
10	0	0	0	0	510	
11	0	0	0	0	511	
12	0	0	0	0	511	
13	0	0	0	0	511	
14	0	0	0	0	511	
15	0	0	0	0	510	
0	0	0	0	0	510	
1	0	0	0	0	510	
2	0	0	0	0	511	
3	0	0	0	0	511	
4	0	0	0	0	512	
5	0	0	0	0	512	
6	0	0	0	0	513	
7	0	0	0	0	512	
8	0	0	0	0	512	
9	0	0	0	0	513	
10	0	0	0	0	515	
11	0	0	0	0	515	
12	0	0	0	0	516	
13	0	0	0	0	518	
14	0	0	0	0	518	
15	0	0	0	0	519	
0	0	0	0	0	520	
1	0	0	0	0	521	
2	0	0	0	0	521	
3	0	0	0	0	521	
4	0	0	0	0	521	
5	0	0	0	0	521	
6	0	0	0	0	522	
7	0	0	0	0	524	
8	0	0	0	0	524	
9	0	0	0	0	526	
10	0	0	0	0	527	
11	0	0	0	0	529	
12	0	0	0	0	530	
13	0	0	0	0	532	
14	0	0	0	0	534	
15	0	0	0	0	537	
0	0	0	0	0	540	
1	0	0	0	0	543	
2	0	0	0	0	546	
3	0	0	0	0	548	
4	0	0	0	0	550	
5	0	0	0	0	550	
6	0	0	0	0	550	
7	0	0	0	0	551	
8	0	0	0	0	550	
9	0	0	0	0	548	
10	0	0	0	0	546	
11	0	0	0	0	543	
12	0	0	0	0	542	
13	0	0	0	0	540	
14	0	0	0	0	538	
15	0	0	0	0	536	
0	0	0	0	0	535	
1	0	0	0	0	532	
2	0	0	0	0	530	
3	0	0	0	0	528	
4	0	0	0	0	527	
5	0	0	0	0	525	
6	0	0	0	0	524	
7	0	0	0	0	523	
8	0	0	0	0	523	
9	0	0	0	0	521	
10	0	0	0	0	521	
11	0	0	0	0	520	
12	0	0	0	0	519	
13	0	0	0	0	518	
14	0	0	0	0	516	
15	0	0	0	0	516	
0	0	0	0	0	515	
1	0	0	0	0	514	
2	0	0	0	0	513	
3	0	0	0	0	512	
4	0	0	0	0	510	
5	0	0	0	0	509	
6	0	0	0	0	508	
7	0	0	0	0	507	
8	0	0	0	0	507	
9	0	0	0	0	506	
10	0	0	0	0	506	
11	0	0	0	0	506	
12	0	0	0	0	505	
13	0	0	0	0	504	
14	0	0	0	0	502	
15	0	0	0	0	502	
0	0	0	0	0	502	
1	0	0	0	0	501	
2	0	0	0	0	501	
3	0	0	0	0	501	
4	0	0	0	0	501	
5	0	0	0	0	500	
6	0	0	0	0	498	
7	0	0	0	0	498	
8	0	0	0	0	497	
9	0	0	0	0	497	
10	0	0	0	0	497	
11	0	0	0	0	498	
12	0	0	0	0	498	
13	0	0	0	0	498	
14	0	0	0	0	498	
15	0	0	0	0	497	
0	0	0	0	0	497	
1	0	0	0	0	497	
2	0	0	0	0	497	
3	0	0	0	0	497	
4	0	0	0	0	497	
5	0	0	0	0	497	
6	0	0	0	0	497	
7	0	0	0	0	497	
8	0	0	0	0	497	
9	0	0	0	0	497	
10	0	0	0	0	497	
11	0	0	0	0	497	
12	0	0	0	0	497	
13	0	0	0	0	497	
14	0	0	0	0	498	
15	0	0	0	0	498	
0	0	0	0	0	498	
1	0	0	0	0	497	
2	0	0	0	0	497	
3	0	0	0	0	496	
4	0	0	0	0	495	
5	0	0	0	0	495	
6	0	0	0	0	495	
7	0	0	0	0	495	
8	0	0	0	0	495	
9	0	0	0	0	494	
10	0	0	0	0	494	
11	0	0	0	0	492	
12	0	0	0	0	492	
13	0	0	0	0	490	
14	0	0	0	0	488	
15	0	0	0	0	486	
0	0	0	0	0	483	
1	0	0	0	0	481	
2	0	0	0	0	477	
3	0	0	0	0	474	
4	0	0	0	0	471	
5	0	0	0	0	468	
6	0	0	0	0	465	
7	0	0	0	0	465	
8	0	0	0	0	465	
9	0	0	0	0	464	
10	0	0	0	0	462	
11	0	0	0	0	461	
12	0	0	0	0	460	
13	0	0	0	0	459	
14	0	0	0	0	459	
15	0	0	0	0	460	
0	0	0	0	0	463	
1	0	0	0	0	468	
2	0	0	0	0	478	
3	0	0	0	0	494	
4	0	0	0	0	514	
5	0	0	0	0	540	
6	0	0	0	0	569	
7	0	0	0	0	604	
8	0	0	0	0	643	
9	0	0	0	0	686	
10	0	0	0	0	729	
11	0	0	0	0	771	
12	0	0	0	0	815	
13	0	0	0	0	856	
14	0	0	0	0	890	
15	0	0	0	0	911	
0	0	0	0	0	921	
1	0	0	0	0	921	
2	0	0	0	0	912	
3	0	0	0	0	894	
4	0	0	0	0	870	
5	0	0	0	0	843	
6	0	0	0	0	815	
7	0	0	0	0	787	
8	0	0	0	0	761	
9	0	0	0	0	736	
10	0	0	0	0	712	
11	0	0	0	0	689	
12	0	0	0	0	667	
13	0	0	0	0	646	
14	0	0	0	0	625	
15	0	0	0	0	606	
0	0	0	0	0	588	
1	0	0	0	0	571	
2	0	0	0	0	556	
3	0	0	0	0	543	
4	0	0	0	0	533	
5	0	0	0	0	525	
6	0	0	0	0	518	
7	0	0	0	0	510	
8	0	0	0	0	503	
9	0	0	0	0	497	
10	0	0	0	0	491	
11	0	0	0	0	486	
12	0	0	0	0	481	
13	0	0	0	0	476	
14	0	0	0	0	471	
15	0	0	0	0	467	
0	0	0	0	0	463	
1	0	0	0	0	460	
2	0	0	0	0	457	
3	0	0	0	0	456	
4	0	0	0	0	455	
5	0	0	0	0	454	
6	0	0	0	0	452	
7	0	0	0	0	450	
8	0	0	0	0	449	
9	0	0	0	0	448	
10	0	0	0	0	446	
11	0	0	0	0	445	
12	0	0	0	0	444	
13	0	0	0	0	444	
14	0	0	0	0	444	
15	0	0	0	0	444	
0	0	0	0	0	444	
1	0	0	0	0	445	
2	0	0	0	0	445	
3	0	0	0	0	446	
4	0	0	0	0	446	
5	0	0	0	0	446	
6	0	0	0	0	446	
7	0	0	0	0	446	
8	0	0	0	0	446	
9	0	0	0	0	446	
10	0	0	0	0	446	
11	0	0	0	0	446	
12	0	0	0	0	446	
13	0	0	0	0	447	
14	0	0	0	0	448	
15	0	0	0	0	449	
0	0	0	0	0	450	
1	0	0	0	0	451	
2	0	0	0	0	452	
3	0	0	0	0	452	
4	0	0	0	0	453	
5	0	0	0	0	453	
6	0	0	0	0	452	
7	0	0	0	0	452	
8	0	0	0	0	452	
9	0	0	0	0	453	
10	0	0	0	0	453	
11	0	0	0	0	453	
12	0	0	0	0	453	
13	0	0	0	0	455	
14	0	0	0	0	455	
15	0	0	0	0	456	
0	0	0	0	0	457	
1	0	0	0	0	458	
2	0	0	0	0	459	
3	0	0	0	0	459	
4	0	0	0	0	460	
5	0	0	0	0	461	
6	0	0	0	0	462	
7	0	0	0	0	463	
8	0	0	0	0	463	
9	0	0	0	0	463	
10	0	0	0	0	463	
11	0	0	0	0	465	
12	0	0	0	0	466	
13	0	0	0	0	467	
14	0	0	0	0	467	
15	0	0	0	0	469	
0	0	0	0	0	471	
1	0	0	0	0	472	
2	0	0	0	0	473	
3	0	0	0	0	474	
4	0	0	0	0	475	
5	0	0	0	0	475	
6	0	0	0	0	476	
7	0	0	0	0	476	
8	0	0	0	0	477	
9	0	0	0	0	477	
10	0	0	0	0	478	
11	0	0	0	0	479	
12	0	0	0	0	479	
13	0	0	0	0	480	
14	0	0	0	0	480	
15	0	0	0	0	481	
0	0	0	0	0	481	
1	0	0	0	0	482	
2	0	0	0	0	483	
3	0	0	0	0	484	
4	0	0	0	0	485	
5	0	0	0	0	487	
6	0	0	0	0	488	
7	0	0	0	0	488	
8	0	0	0	0	489	
9	0	0	0	0	490	
10	0	0	0	0	491	
11	0	0	0	0	491	
12	0	0	0	0	491	
13	0	0	0	0	492	
14	0	0	0	0	493	
15	0	0	0	0	494	
0	0	0	0	0	494	
1	0	0	0	0	495	
2	0	0	0	0	496	
3	0	0	0	0	497	
4	0	0	0	0	498	
5	0	0	0	0	498	
6	0	0	0	0	499	
7	0	0	0	0	500	
8	0	0	0	0	500	
9	0	0	0	0	499	
10	0	0	0	0	499	
11	0	0	0	0	499	
12	0	0	0	0	499	
13	0	0	0	0	501	
14	0	0	0	0	502	
15	0	0	0	0	503	
0	0	0	0	0	503	
1	0	0	0	0	504	
2	0	0	0	0	504	
3	0	0	0	0	505	
4	0	0	0	0	505	
5	0	0	0	0	506	
6	0	0	0	0	507	
7	0	0	0	0	507	
8	0	0	0	0	508	
9	0	0	0	0	509	
10	0	0	0	0	509	
11	0	0	0	0	509	
12	0	0	0	0	510	
13	0	0	0	0	511	
14	0	0	0	0	511	
15	0	0	0	0	512	
0	0	0	0	0	512	
1	0	0	0	0	513	
2	0	0	0	0	514	
3	0	0	0	0	515	
4	0	0	0	0	515	
5	0	0	0	0	517	
6	0	0	0	0	518	
7	0	0	0	0	519	
8	0	0	0	0	519	
9	0	0	0	0	520	
10	0	0	0	0	520	
11	0	0	0	0	521	
12	0	0	0	0	521	
13	0	0	0	0	521	
14	0	0	0	0	521	
15	0	0	0	0	522	
0	0	0	0	0	523	
1	0	0	0	0	524	
2	0	0	0	0	524	
3	0	0	0	0	524	
4	0	0	0	0	526	
5	0	0	0	0	527	
6	0	0	0	0	527	
7	0	0	0	0	527	
8	0	0	0	0	528	
9	0	0	0	0	529	
10	0	0	0	0	529	
11	0	0	0	0	530	
12	0	0	0	0	530	
13	0	0	0	0	529	
14	0	0	0	0	530	
15	0	0	0	0	529	
0	0	0	0	0	530	
1	0	0	0	0	530	
2	0	0	0	0	530	
3	0	0	0	0	531	
4	0	0	0	0	532	
5	0	0	0	0	534	
6	0	0	0	0	535	
7	0	0	0	0	536	
8	0	0	0	0	536	
9	0	0	0	0	536	
10	0	0	0	0	537	
11	0	0	0	0	537	
12	0	0	0	0	537	
13	0	0	0	0	536	
14	0	0	0	0	536	
15	0	0	0	0	536	
0	0	0	0	0	536	
1	0	0	0	0	536	
2	0	0	0	0	536	
3	0	0	0	0	537	
4	0	0	0	0	537	
5	0	0	0	0	537	
6	0	0	0	0	537	
7	0	0	0	0	536	
8	0	0	0	0	536	
9	0	0	0	0	537	
10	0	0	0	0	538	
11	0	0	0	0	537	
12	0	0	0	0	537	
13	0	0	0	0	536	
14	0	0	0	0	536	
15	0	0	0	0	536	
0	0	0	0	0	536	
1	0	0	0	0	535	
2	0	0	0	0	535	
3	0	0	0	0	535	
4	0	0	0	0	535	
5	0	0	0	0	535	
6	0	0	0	0	536	
7	0	0	0	0	536	
8	0	0	0	0	536	
9	0	0	0	0	536	
10	0	0	0	0	536	
11	0	0	0	0	536	
12	0	0	0	0	534	
13	0	0	0	0	534	
14	0	0	0	0	533	
15	0	0	0	0	533	
0	0	0	0	0	531	
1	0	0	0	0	530	
2	0	0	0	0	530	
3	0	0	0	0	529	
4	0	0	0	0	527	
5	0	0	0	0	526	
6	0	0	0	0	524	
7	0	0	0	0	523	
8	0	0	0	0	521	
9	0	0	0	0	520	
10	0	0	0	0	518	
11	0	0	0	0	516	
12	0	0	0	0	514	
13	0	0	0	0	513	
14	0	0	0	0	512	
15	0	0	0	0	511	
0	0	0	0	0	509	
1	0	0	0	0	506	
2	0	0	0	0	504	
3	0	0	0	0	503	
4	0	0	0	0	501	
5	0	0	0	0	499	
6	0	0	0	0	498	
7	0	0	0	0	497	
8	0	0	0	0	496	
9	0	0	0	0	494	
10	0	0	0	0	493	
11	0	0	0	0	492	
12	0	0	0	0	491	
13	0	0	0	0	490	
14	0	0	0	0	488	
15	0	0	0	0	487	
0	0	0	0	0	486	
1	0	0	0	0	485	
2	0	0	0	0	483	
3	0	0	0	0	483	
4	0	0	0	0	482	
5	0	0	0	0	482	
6	0	0	0	0	481	
7	0	0	0	0	480	
8	0	0	0	0	479	
9	0	0	0	0	478	
10	0	0	0	0	478	
11	0	0	0	0	478	
12	0	0	0	0	478	
13	0	0	0	0	477	
14	0	0	0	0	476	
15	0	0	0	0	475	
0	0	0	0	0	474	
1	0	0	0	0	474	
2	0	0	0	0	473	
3	0	0	0	0	472	
4	0	0	0	0	472	
5	0	0	0	0	472	
6	0	0	0	0	472	
7	0	0	0	0	472	
8	0	0	0	0	472	
9	0	0	0	0	472	
10	0	0	0	0	471	
11	0	0	0	0	472	
12	0	0	0	0	472	
13	0	0	0	0	472	
14	0	0	0	0	472	
15	0	0	0	0	472	
0	0	0	0	0	472	
1	0	0	0	0	472	
2	0	0	0	0	472	
3	0	0	0	0	472	
4	0	0	0	0	471	
5	0	0	0	0	472	
6	0	0	0	0	472	
7	0	0	0	0	473	
8	0	0	0	0	474	
9	0	0	0	0	475	
10	0	0	0	0	475	
11	0	0	0	0	475	
12	0	0	0	0	475	
13	0	0	0	0	476	
14	0	0	0	0	475	
15	0	0	0	0	475	
0	0	0	0	0	475	
1	0	0	0	0	475	
2	0	0	0	0	475	
3	0	0	0	0	475	
4	0	0	0	0	476	
5	0	0	0	0	477	
6	0	0	0	0	477	
7	0	0	0	0	478	
8	0	0	0	0	479	
9	0	0	0	0	480	
10	0	0	0	0	480	
11	0	0	0	0	481	
12	0	0	0	0	481	
13	0	0	0	0	482	
14	0	0	0	0	482	
15	0	0	0	0	482	
0	0	0	0	0	482	
1	0	0	0	0	483	
2	0	0	0	0	483	
3	0	0	0	0	483	
4	0	0	0	0	483	
5	0	0	0	0	484	
6	0	0	0	0	483	
7	0	0	0	0	484	
8	0	0	0	0	485	
9	0	0	0	0	486	
10	0	0	0	0	486	
11	0	0	0	0	486	
12	0	0	0	0	486	
13	0	0	0	0	487	
14	0	0	0	0	487	
15	0	0	0	0	488	
0	0	0	0	0	489	
1	0	0	0	0	490	
2	0	0	0	0	491	
3	0	0	0	0	491	
4	0	0	0	0	492	
5	0	0	0	0	492	
6	0	0	0	0	492	
7	0	0	0	0	492	
8	0	0	0	0	492	
9	0	0	0	0	493	
10	0	0	0	0	494	
11	0	0	0	0	494	
12	0	0	0	0	494	
13	0	0	0	0	494	
14	0	0	0	0	495	
15	0	0	0	0	495	
0	0	0	0	0	495	
1	0	0	0	0	496	
2	0	0	0	0	496	
3	0	0	0	0	497	
4	0	0	0	0	496	
5	0	0	0	0	496	
6	0	0	0	0	497	
7	0	0	0	0	497	
8	0	0	0	0	499	
9	0	0	0	0	499	
10	0	0	0	0	499	
11	0	0	0	0	499	
12	0	0	0	0	499	
13	0	0	0	0	501	
14	0	0	0	0	502	
15	0	0	0	0	501	
0	0	0	0	0	501	
1	0	0	0	0	502	
2	0	0	0	0	503	
3	0	0	0	0	503	
4	0	0	0	0	502	
5	0	0	0	0	501	
6	0	0	0	0	500	
7	0	0	0	0	500	
8	0	0	0	0	500	
9	0	0	0	0	500	
10	0	0	0	0	500	
11	0	0	0	0	500	
12	0	0	0	0	499	
13	0	0	0	0	500	
14	0	0	0	0	500	
15	0	0	0	0	501	
0	0	0	0	0	502	
1	0	0	0	0	501	
2	0	0	0	0	501	
3	0	0	0	0	501	
4	0	0	0	0	499	
5	0	0	0	0	499	
6	0	0	0	0	498	
7	0	0	0	0	497	
8	0	0	0	0	498	
9	0	0	0	0	498	
10	0	0	0	0	499	
11	0	0	0	0	500	
12	0	0	0	0	501	
13	0	0	0	0	502	
14	0	0	0	0	503	
15	0	0	0	0	503	
0	0	0	0	0	504	
1	0	0	0	0	504	
2	0	0	0	0	504	
3	0	0	0	0	504	
4	0	0	0	0	504	
5	0	0	0	0	504	
6	0	0	0	0	505	
7	0	0	0	0	505	
8	0	0	0	0	504	
9	0	0	0	0	505	
10	0	0	0	0	505	
11	0	0	0	0	505	
12	0	0	0	0	505	
13	0	0	0	0	506	
14	0	0	0	0	506	
15	0	0	0	0	505	
0	0	0	0	0	506	
1	0	0	0	0	506	
2	0	0	0	0	505	
3	0	0	0	0	505	
4	0	0	0	0	505	
5	0	0	0	0	505	
6	0	0	0	0	505	
7	0	0	0	0	505	
8	0	0	0	0	505	
9	0	0	0	0	504	
10	0	0	0	0	504	
11	0	0	0	0	504	
12	0	0	0	0	504	
13	0	0	0	0	504	
14	0	0	0	0	506	
15	0	0	0	0	507	
0	0	0	0	0	508	
1	0	0	0	0	508	
2	0	0	0	0	509	
3	0	0	0	0	509	
4	0	0	0	0	510	
5	0	0	0	0	510	
6	0	0	0	0	509	
7	0	0	0	0	508	
8	0	0	0	0	507	
9	0	0	0	0	508	
10	0	0	0	0	507	
11	0	0	0	0	508	
12	0	0	0	0	508	
13	0	0	0	0	507	
14	0	0	0	0	507	
15	0	0	0	0	508	
0	0	0	0	0	508	
1	0	0	0	0	507	
2	0	0	0	0	507	
3	0	0	0	0	507	
4	0	0	0	0	507	
5	0	0	0	0	507	
6	0	0	0	0	507	
7	0	0	0	0	507	
8	0	0	0	0	507	
9	0	0	0	0	507	
10	0	0	0	0	507	
11	0	0	0	0	507	
12	0	0	0	0	507	
13	0	0	0	0	507	
14	0	0	0	0	507	
15	0	0	0	0	506	
0	0	0	0	0	508	
1	0	0	0	0	509	
2	0	0	0	0	509	
3	0	0	0	0	510	
4	0	0	0	0	510	
5	0	0	0	0	510	
6	0	0	0	0	509	
7	0	0	0	0	509	
8	0	0	0	0	509	
9	0	0	0	0	508	
10	0	0	0	0	508	
11	0	0	0	0	507	
12	0	0	0	0	508	
13	0	0	0	0	508	
14	0	0	0	0	509	
15	0	0	0	0	509	
0	0	0	0	0	508	
1	0	0	0	0	508	
2	0	0	0	0	509	
3	0	0	0	0	510	
4	0	0	0	0	509	
5	0	0	0	0	509	
6	0	0	0	0	510	
7	0	0	0	0	510	
8	0	0	0	0	510	
9	0	0	0	0	509	
10	0	0	0	0	509	
11	0	0	0	0	509	
12	0	0	0	0	509	
13	0	0	0	0	510	
14	0	0	0	0	510	
15	0	0	0	0	510	
0	0	0	0	0	510	
1	0	0	0	0	511	
2	0	0	0	0	511	
3	0	0	0	0	510	
4	0	0	0	0	510	
5	0	0	0	0	510	
6	0	0	0	0	510	
7	0	0	0	0	510	
8	0	0	0	0	510	
9	0	0	0	0	510	
10	0	0	0	0	510	
11	0	0	0	0	510	
12	0	0	0	0	510	
13	0	0	0	0	509	
14	0	0	0	0	509	
15	0	0	0	0	510	
0	0	0	0	0	510	
1	0	0	0	0	511	
2	0	0	0	0	512	
3	0	0	0	0	513	
4	0	0	0	0	514	
5	0	0	0	0	514	
6	0	0	0	0	515	
7	0	0	0	0	515	
8	0	0	0	0	515	
9	0	0	0	0	516	
10	0	0	0	0	515	
11	0	0	0	0	517	
12	0	0	0	0	517	
13	0	0	0	0	519	
14	0	0	0	0	519	
15	0	0	0	0	520	
0	0	0	0	0	521	
1	0	0	0	0	523	
2	0	0	0	0	524	
3	0	0	0	0	524	
4	0	0	0	0	524	
5	0	0	0	0	524	
6	0	0	0	0	524	
7	0	0	0	0	524	
8	0	0	0	0	525	
9	0	0	0	0	526	
10	0	0	0	0	527	
11	0	0	0	0	528	
12	0	0	0	0	528	
13	0	0	0	0	529	
14	0	0	0	0	530	
15	0	0	0	0	531	
0	0	0	0	0	533	
1	0	0	0	0	536	
2	0	0	0	0	539	
3	0	0	0	0	542	
4	0	0	0	0	545	
5	0	0	0	0	548	
6	0	0	0	0	550	
7	0	0	0	0	551	
8	0	0	0	0	551	
9	0	0	0	0	550	
10	0	0	0	0	549	
11	0	0	0	0	548	
12	0	0	0	0	547	
13	0	0	0	0	544	
14	0	0	0	0	542	
15	0	0	0	0	540	
0	0	0	0	0	537	
1	0	0	0	0	536	
2	0	0	0	0	535	
3	0	0	0	0	534	
4	0	0	0	0	532	
5	0	0	0	0	530	
6	0	0	0	0	528	
7	0	0	0	0	526	
8	0	0	0	0	525	
9	0	0	0	0	524	
10	0	0	0	0	523	
11	0	0	0	0	522	
12	0	0	0	0	520	
13	0	0	0	0	518	
14	0	0	0	0	517	
15	0	0	0	0	515	
0	0	0	0	0	515	
1	0	0	0	0	515	
2	0	0	0	0	515	
3	0	0	0	0	514	
4	0	0	0	0	513	
5	0	0	0	0	512	
6	0	0	0	0	511	
7	0	0	0	0	510	
8	0	0	0	0	509	
9	0	0	0	0	508	
10	0	0	0	0	507	
11	0	0	0	0	506	
12	0	0	0	0	504	
13	0	0	0	0	504	
14	0	0	0	0	502	
15	0	0	0	0	501	
0	0	0	0	0	500	
1	0	0	0	0	499	
2	0	0	0	0	499	
3	0	0	0	0	498	
4	0	0	0	0	499	
5	0	0	0	0	498	
6	0	0	0	0	497	
7	0	0	0	0	496	
8	0	0	0	0	495	
9	0	0	0	0	495	
10	0	0	0	0	493	
11	0	0	0	0	493	
12	0	0	0	0	492	
13	0	0	0	0	491	
14	0	0	0	0	489	
15	0	0	0	0	488	
0	0	0	0	0	487	
1	0	0	0	0	487	
2	0	0	0	0	488	
3	0	0	0	0	488	
4	0	0	0	0	489	
5	0	0	0	0	490	
6	0	0	0	0	491	
7	0	0	0	0	492	
8	0	0	0	0	493	
9	0	0	0	0	493	
10	0	0	0	0	493	
11	0	0	0	0	493	
12	0	0	0	0	493	
13	0	0	0	0	493	
14	0	0	0	0	494	
15	0	0	0	0	494	
0	0	0	0	0	494	
1	0	0	0	0	494	
2	0	0	0	0	494	
3	0	0	0	0	494	
4	0	0	0	0	494	
5	0	0	0	0	494	
6	0	0	0	0	494	
7	0	0	0	0	494	
8	0	0	0	0	494	
9	0	0	0	0	494	
10	0	0	0	0	493	
11	0	0	0	0	492	
12	0	0	0	0	491	
13	0	0	0	0	489	
14	0	0	0	0	487	
15	0	0	0	0	485	
0	0	0	0	0	482	
1	0	0	0	0	480	
2	0	0	0	0	477	
3	0	0	0	0	473	
4	0	0	0	0	469	
5	0	0	0	0	466	
6	0	0	0	0	464	
7	0	0	0	0	463	
8	0	0	0	0	462	
9	0	0	0	0	462	
10	0	0	0	0	461	
11	0	0	0	0	460	
12	0	0	0	0	460	
13	0	0	0	0	460	
14	0	0	0	0	460	
15	0	0	0	0	460	
0	0	0	0	0	461	
1	0	0	0	0	463	
2	0	0	0	0	467	
3	0	0	0	0	475	
4	0	0	0	0	487	
5	0	0	0	0	504	
6	0	0	0	0	526	
7	0	0	0	0	553	
8	0	0	0	0	583	
9	0	0	0	0	619	
10	0	0	0	0	659	
11	0	0	0	0	702	
12	0	0	0	0	744	
13	0	0	0	0	786	
14	0	0	0	0	828	
15	0	0	0	0	867	
0	0	0	0	0	896	
1	0	0	0	0	915	
2	0	0	0	0	923	
3	0	0	0	0	920	
4	0	0	0	0	907	
5	0	0	0	0	886	
6	0	0	0	0	859	
7	0	0	0	0	830	
8	0	0	0	0	801	
9	0	0	0	0	772	
10	0	0	0	0	743	
11	0	0	0	0	717	
12	0	0	0	0	694	
13	0	0	0	0	671	
14	0	0	0	0	648	
15	0	0	0	0	627	
0	0	0	0	0	607	
1	0	0	0	0	589	
2	0	0	0	0	571	
3	0	0	0	0	554	
4	0	0	0	0	540	
5	0	0	0	0	529	
6	0	0	0	0	520	
7	0	0	0	0	513	
8	0	0	0	0	506	
9	0	0	0	0	500	
10	0	0	0	0	496	
11	0	0	0	0	491	
12	0	0	0	0	486	
13	0	0	0	0	480	
14	0	0	0	0	475	
15	0	0	0	0	470	
0	0	0	0	0	464	
1	0	0	0	0	460	
2	0	0	0	0	457	
3	0	0	0	0	454	
4	0	0	0	0	451	
5	0	0	0	0	449	
6	0	0	0	0	448	
7	0	0	0	0	448	
8	0	0	0	0	446	
9	0	0	0	0	445	
10	0	0	0	0	444	
11	0	0	0	0	444	
12	0	0	0	0	444	
13	0	0	0	0	444	
14	0	0	0	0	444	
15	0	0	0	0	444	
0	0	0	0	0	444	
1	0	0	0	0	444	
2	0	0	0	0	443	
3	0	0	0	0	443	
4	0	0	0	0	443	
5	0	0	0	0	442	
6	0	0	0	0	442	
7	0	0	0	0	441	
8	0	0	0	0	442	
9	0	0	0	0	443	
10	0	0	0	0	443	
11	0	0	0	0	443	
12	0	0	0	0	443	
13	0	0	0	0	444	
14	0	0	0	0	445	
15	0	0	0	0	445	
0	0	0	0	0	446	
1	0	0	0	0	446	
2	0	0	0	0	446	
3	0	0	0	0	447	
4	0	0	0	0	447	
5	0	0	0	0	447	
6	0	0	0	0	447	
7	0	0	0	0	448	
8	0	0	0	0	448	
9	0	0	0	0	450	
10	0	0	0	0	451	
11	0	0	0	0	453	
12	0	0	0	0	454	
13	0	0	0	0	455	
14	0	0	0	0	457	
15	0	0	0	0	458	
0	0	0	0	0	459	
1	0	0	0	0	460	
2	0	0	0	0	460	
3	0	0	0	0	460	
4	0	0	0	0	460	
5	0	0	0	0	460	
6	0	0	0	0	460	
7	0	0	0	0	462	
8	0	0	0	0	463	
9	0	0	0	0	464	
10	0	0	0	0	464	
11	0	0	0	0	465	
12	0	0	0	0	466	
13	0	0	0	0	467	
14	0	0	0	0	467	
15	0	0	0	0	468	
0	0	0	0	0	469	
1	0	0	0	0	470	
2	0	0	0	0	471	
3	0	0	0	0	471	
4	0	0	0	0	471	
5	0	0	0	0	472	
6	0	0	0	0	472	
7	0	0	0	0	473	
8	0	0	0	0	474	
9	0	0	0	0	475	
10	0	0	0	0	476	
11	0	0	0	0	478	
12	0	0	0	0	479	
13	0	0	0	0	480	
14	0	0	0	0	480	
15	0	0	0	0	481	
0	0	0	0	0	482	
1	0	0	0	0	482	
2	0	0	0	0	483	
3	0	0	0	0	484	
4	0	0	0	0	485	
5	0	0	0	0	485	
6	0	0	0	0	486	
7	0	0	0	0	487	
8	0	0	0	0	487	
9	0	0	0	0	487	
10	0	0	0	0	488	
11	0	0	0	0	489	
12	0	0	0	0	489	
13	0	0	0	0	490	
14	0	0	0	0	491	
15	0	0	0	0	491	
0	0	0	0	0	492	
1	0	0	0	0	493	
2	0	0	0	0	494	
3	0	0	0	0	494	
4	0	0	0	0	495	
5	0	0	0	0	495	
6	0	0	0	0	495	
7	0	0	0	0	494	
8	0	0	0	0	495	
9	0	0	0	0	496	
10	0	0	0	0	496	
11	0	0	0	0	497	
12	0	0	0	0	497	
13	0	0	0	0	499	
14	0	0	0	0	500	
15	0	0	0	0	501	
0	0	0	0	0	502	
1	0	0	0	0	503	
2	0	0	0	0	504	
3	0	0	0	0	505	
4	0	0	0	0	505	
5	0	0	0	0	505	
6	0	0	0	0	505	
7	0	0	0	0	505	
8	0	0	0	0	506	
9	0	0	0	0	507	
10	0	0	0	0	508	
11	0	0	0	0	508	
12	0	0	0	0	509	
13	0	0	0	0	510	
14	0	0	0	0	510	
15	0	0	0	0	511	
0	0	0	0	0	512	
1	0	0	0	0	512	
2	0	0	0	0	513	
3	0	0	0	0	513	
4	0	0	0	0	514	
5	0	0	0	0	515	
6	0	0	0	0	515	
7	0	0	0	0	515	
8	0	0	0	0	516	
9	0	0	0	0	517	
10	0	0	0	0	517	
11	0	0	0	0	518	
12	0	0	0	0	519	
13	0	0	0	0	519	
14	0	0	0	0	521	
15	0	0	0	0	522	
0	0	0	0	0	523	
1	0	0	0	0	523	
2	0	0	0	0	524	
3	0	0	0	0	525	
4	0	0	0	0	526	
5	0	0	0	0	526	
6	0	0	0	0	527	
7	0	0	0	0	527	
8	0	0	0	0	527	
9	0	0	0	0	528	
10	0	0	0	0	528	
11	0	0	0	0	528	
12	0	0	0	0	529	
13	0	0	0	0	529	
14	0	0	0	0	529	
15	0	0	0	0	530	
0	0	0	0	0	530	
1	0	0	0	0	531	
2	0	0	0	0	532	
3	0	0	0	0	533	
4	0	0	0	0	533	
5	0	0	0	0	533	
6	0	0	0	0	533	
7	0	0	0	0	534	
8	0	0	0	0	533	
9	0	0	0	0	533	
10	0	0	0	0	532	
11	0	0	0	0	532	
12	0	0	0	0	534	
13	0	0	0	0	534	
14	0	0	0	0	533	
15	0	0	0	0	534	
0	0	0	0	0	534	
1	0	0	0	0	535	
2	0	0	0	0	535	
3	0	0	0	0	535	
4	0	0	0	0	535	
5	0	0	0	0	535	
6	0	0	0	0	535	
7	0	0	0	0	535	
8	0	0	0	0	535	
9	0	0	0	0	535	
10	0	0	0	0	534	
11	0	0	0	0	534	
12	0	0	0	0	533	
13	0	0	0	0	534	
14	0	0	0	0	534	
15	0	0	0	0	533	
0	0	0	0	0	534	
1	0	0	0	0	534	
2	0	0	0	0	534	
3	0	0	0	0	534	
4	0	0	0	0	535	
5	0	0	0	0	535	
6	0	0	0	0	534	
7	0	0	0	0	534	
8	0	0	0	0	533	
9	0	0	0	0	533	
10	0	0	0	0	532	
11	0	0	0	0	532	
12	0	0	0	0	532	
13	0	0	0	0	531	
14	0	0	0	0	531	
15	0	0	0	0	530	
0	0	0	0	0	529	
1	0	0	0	0	529	
2	0	0	0	0	528	
3	0	0	0	0	527	
4	0	0	0	0	527	
5	0	0	0	0	526	
6	0	0	0	0	524	
7	0	0	0	0	523	
8	0	0	0	0	520	
9	0	0	0	0	519	
10	0	0	0	0	518	
11	0	0	0	0	516	
12	0	0	0	0	515	
13	0	0	0	0	513	
14	0	0	0	0	512	
15	0	0	0	0	510	
0	0	0	0	0	508	
1	0	0	0	0	507	
2	0	0	0	0	506	
3	0	0	0	0	504	
4	0	0	0	0	503	
5	0	0	0	0	502	
6	0	0	0	0	501	
7	0	0	0	0	499	
8	0	0	0	0	496	
9	0	0	0	0	495	
10	0	0	0	0	493	
11	0	0	0	0	491	
12	0	0	0	0	490	
13	0	0	0	0	489	
14	0	0	0	0	487	
15	0	0	0	0	486	
0	0	0	0	0	485	
1	0	0	0	0	484	
2	0	0	0	0	483	
3	0	0	0	0	481	
4	0	0	0	0	481	
5	0	0	0	0	480	
6	0	0	0	0	480	
7	0	0	0	0	480	
8	0	0	0	0	479	
9	0	0	0	0	478	
10	0	0	0	0	477	
11	0	0	0	0	476	
12	0	0	0	0	476	
13	0	0	0	0	476	
14	0	0	0	0	474	
15	0	0	0	0	473	
0	0	0	0	0	473	
1	0	0	0	0	473	
2	0	0	0	0	472	
3	0	0	0	0	471	
4	0	0	0	0	471	
5	0	0	0	0	470	
6	0	0	0	0	470	
7	0	0	0	0	470	
8	0	0	0	0	470	
9	0	0	0	0	471	
10	0	0	0	0	471	
11	0	0	0	0	471	
12	0	0	0	0	471	
13	0	0	0	0	471	
14	0	0	0	0	470	
15	0	0	0	0	469	
0	0	0	0	0	469	
1	0	0	0	0	470	
2	0	0	0	0	471	
3	0	0	0	0	472	
4	0	0	0	0	473	
5	0	0	0	0	473	
6	0	0	0	0	474	
7	0	0	0	0	473	
8	0	0	0	0	473	
9	0	0	0	0	474	
10	0	0	0	0	475	
11	0	0	0	0	475	
12	0	0	0	0	475	
13	0	0	0	0	474	
14	0	0	0	0	473	
15	0	0	0	0	474	
0	0	0	0	0	475	
1	0	0	0	0	476	
2	0	0	0	0	476	
3	0	0	0	0	478	
4	0	0	0	0	478	
5	0	0	0	0	477	
6	0	0	0	0	477	
7	0	0	0	0	478	
8	0	0	0	0	478	
9	0	0	0	0	478	
10	0	0	0	0	478	
11	0	0	0	0	479	
12	0	0	0	0	479	
13	0	0	0	0	479	
14	0	0	0	0	480	
15	0	0	0	0	480	
0	0	0	0	0	480	
1	0	0	0	0	480	
2	0	0	0	0	480	
3	0	0	0	0	481	
4	0	0	0	0	481	
5	0	0	0	0	482	
6	0	0	0	0	483	
7	0	0	0	0	483	
8	0	0	0	0	483	
9	0	0	0	0	483	
10	0	0	0	0	484	
11	0	0	0	0	484	
12	0	0	0	0	484	
13	0	0	0	0	484	
14	0	0	0	0	485	
15	0	0	0	0	485	
0	0	0	0	0	485	
1	0	0	0	0	486	
2	0	0	0	0	487	
3	0	0	0	0	487	
4	0	0	0	0	488	
5	0	0	0	0	489	
6	0	0	0	0	489	
7	0	0	0	0	490	
8	0	0	0	0	491	
9	0	0	0	0	491	
10	0	0	0	0	492	
11	0	0	0	0	492	
12	0	0	0	0	492	
13	0	0	0	0	493	
14	0	0	0	0	493	
15	0	0	0	0	493	
0	0	0	0	0	492	
1	0	0	0	0	492	
2	0	0	0	0	492	
3	0	0	0	0	492	
4	0	0	0	0	492	
5	0	0	0	0	493	
6	0	0	0	0	493	
7	0	0	0	0	493	
8	0	0	0	0	493	
9	0	0	0	0	494	
10	0	0	0	0	495	
11	0	0	0	0	496	
12	0	0	0	0	495	
13	0	0	0	0	496	
14	0	0	0	0	495	
15	0	0	0	0	495	
0	0	0	0	0	496	
1	0	0	0	0	496	
2	0	0	0	0	496	
3	0	0	0	0	496	
4	0	0	0	0	495	
5	0	0	0	0	496	
6	0	0	0	0	496	
7	0	0	0	0	497	
8	0	0	0	0	498	
9	0	0	0	0	499	
10	0	0	0	0	499	
11	0	0	0	0	499	
12	0	0	0	0	499	
13	0	0	0	0	499	
14	0	0	0	0	499	
15	0	0	0	0	499	
0	0	0	0	0	498	
1	0	0	0	0	498	
2	0	0	0	0	498	
3	0	0	0	0	498	
4	0	0	0	0	498	
5	0	0	0	0	498	
6	0	0	0	0	499	
7	0	0	0	0	499	
8	0	0	0	0	499	
9	0	0	0	0	500	
10	0	0	0	0	501	
11	0	0	0	0	501	
12	0	0	0	0	502	
13	0	0	0	0	502	
14	0	0	0	0	502	
15	0	0	0	0	502	
0	0	0	0	0	501	
1	0	0	0	0	502	
2	0	0	0	0	502	
3	0	0	0	0	501	
4	0	0	0	0	500	
5	0	0	0	0	500	
6	0	0	0	0	499	
7	0	0	0	0	499	
8	0	0	0	0	500	
9	0	0	0	0	501	
10	0	0	0	0	500	
11	0	0	0	0	500	
12	0	0	0	0	500	
13	0	0	0	0	500	
14	0	0	0	0	500	
15	0	0	0	0	500	
0	0	0	0	0	501	
1	0	0	0	0	501	
2	0	0	0	0	501	
3	0	0	0	0	501	
4	0	0	0	0	500	
5	0	0	0	0	500	
6	0	0	0	0	500	
7	0	0	0	0	500	
8	0	0	0	0	500	
9	0	0	0	0	500	
10	0	0	0	0	501	
11	0	0	0	0	502	
12	0	0	0	0	503	
13	0	0	0	0	504	
14	0	0	0	0	504	
15	0	0	0	0	504	
0	0	0	0	0	504	
1	0	0	0	0	503	
2	0	0	0	0	503	
3	0	0	0	0	503	
4	0	0	0	0	503	
5	0	0	0	0	503	
6	0	0	0	0	503	
7	0	0	0	0	502	
8	0	0	0	0	502	
9	0	0	0	0	502	
10	0	0	0	0	502	
11	0	0	0	0	503	
12	0	0	0	0	503	
13	0	0	0	0	502	
14	0	0	0	0	502	
15	0	0	0	0	503	
0	0	0	0	0	503	
1	0	0	0	0	503	
2	0	0	0	0	502	
3	0	0	0	0	502	
4	0	0	0	0	502	
5	0	0	0	0	502	
6	0	0	0	0	502	
7	0	0	0	0	501	
8	0	0	0	0	501	
9	0	0	0	0	501	
10	0	0	0	0	502	
11	0	0	0	0	502	
12	0	0	0	0	503	
13	0	0	0	0	504	
14	0	0	0	0	504	
15	0	0	0	0	505	
0	0	0	0	0	504	
1	0	0	0	0	504	
2	0	0	0	0	504	
3	0	0	0	0	503	
4	0	0	0	0	503	
5	0	0	0	0	503	
6	0	0	0	0	503	
7	0	0	0	0	503	
8	0	0	0	0	503	
9	0	0	0	0	503	
10	0	0	0	0	502	
11	0	0	0	0	503	
12	0	0	0	0	503	
13	0	0	0	0	503	
14	0	0	0	0	504	
15	0	0	0	0	504	
0	0	0	0	0	505	
1	0	0	0	0	506	
2	0	0	0	0	505	
3	0	0	0	0	505	
4	0	0	0	0	506	
5	0	0	0	0	504	
6	0	0	0	0	503	
7	0	0	0	0	503	
8	0	0	0	0	504	
9	0	0	0	0	503	
10	0	0	0	0	504	
11	0	0	0	0	504	
12	0	0	0	0	503	
13	0	0	0	0	503	
14	0	0	0	0	504	
15	0	0	0	0	504	
0	0	0	0	0	504	
1	0	0	0	0	504	
2	0	0	0	0	504	
3	0	0	0	0	504	
4	0	0	0	0	505	
5	0	0	0	0	504	
6	0	0	0	0	504	
7	0	0	0	0	504	
8	0	0	0	0	504	
9	0	0	0	0	504	
10	0	0	0	0	504	
11	0	0	0	0	504	
12	0	0	0	0	504	
13	0	0	0	0	504	
14	0	0	0	0	505	
15	0	0	0	0	505	
0	0	0	0	0	506	
1	0	0	0	0	506	
2	0	0	0	0	507	
3	0	0	0	0	508	
4	0	0	0	0	508	
5	0	0	0	0	508	
6	0	0	0	0	508	
7	0	0	0	0	508	
8	0	0	0	0	509	
9	0	0	0	0	508	
10	0	0	0	0	508	
11	0	0	0	0	508	
12	0	0	0	0	507	
13	0	0	0	0	507	
14	0	0	0	0	508	
15	0	0	0	0	508	
0	0	0	0	0	510	
1	0	0	0	0	511	
2	0	0	0	0	512	
3	0	0	0	0	512	
4	0	0	0	0	512	
5	0	0	0	0	513	
6	0	0	0	0	513	
7	0	0	0	0	513	
8	0	0	0	0	512	
9	0	0	0	0	513	
10	0	0	0	0	513	
11	0	0	0	0	515	
12	0	0	0	0	516	
13	0	0	0	0	517	
14	0	0	0	0	519	
15	0	0	0	0	520	
0	0	0	0	0	521	
1	0	0	0	0	523	
2	0	0	0	0	523	
3	0	0	0	0	524	
4	0	0	0	0	524	
5	0	0	0	0	523	
6	0	0	0	0	523	
7	0	0	0	0	523	
8	0	0	0	0	523	
9	0	0	0	0	524	
10	0	0	0	0	526	
11	0	0	0	0	527	
12	0	0	0	0	528	
13	0	0	0	0	529	
14	0	0	0	0	531	
15	0	0	0	0	532	
0	0	0	0	0	535	
1	0	0	0	0	537	
2	0	0	0	0	540	
3	0	0	0	0	543	
4	0	0	0	0	546	
5	0	0	0	0	548	
6	0	0	0	0	549	
7	0	0	0	0	548	
8	0	0	0	0	548	
9	0	0	0	0	547	
10	0	0	0	0	545	
11	0	0	0	0	543	
12	0	0	0	0	542	
13	0	0	0	0	539	
14	0	0	0	0	538	
15	0	0	0	0	536	
0	0	0	0	0	535	
1	0	0	0	0	533	
2	0	0	0	0	532	
3	0	0	0	0	531	
4	0	0	0	0	529	
5	0	0	0	0	527	
6	0	0	0	0	525	
7	0	0	0	0	524	
8	0	0	0	0	523	
9	0	0	0	0	521	
10	0	0	0	0	521	
11	0	0	0	0	519	
12	0	0	0	0	517	
13	0	0	0	0	516	
14	0	0	0	0	515	
15	0	0	0	0	515	
0	0	0	0	0	514	
1	0	0	0	0	513	
2	0	0	0	0	514	
3	0	0	0	0	513	
4	0	0	0	0	512	
5	0	0	0	0	511	
6	0	0	0	0	510	
7	0	0	0	0	509	
8	0	0	0	0	508	
9	0	0	0	0	506	
10	0	0	0	0	505	
11	0	0	0	0	505	
12	0	0	0	0	504	
13	0	0	0	0	502	
14	0	0	0	0	501	
15	0	0	0	0	500	
0	0	0	0	0	500	
1	0	0	0	0	502	
2	0	0	0	0	503	
3	0	0	0	0	502	
4	0	0	0	0	501	
5	0	0	0	0	500	
6	0	0	0	0	499	
7	0	0	0	0	498	
8	0	0	0	0	497	
9	0	0	0	0	496	
10	0	0	0	0	495	
11	0	0	0	0	495	
12	0	0	0	0	494	
13	0	0	0	0	494	
14	0	0	0	0	494	
15	0	0	0	0	494	
0	0	0	0	0	493	
1	0	0	0	0	494	
2	0	0	0	0	494	
3	0	0	0	0	494	
4	0	0	0	0	494	
5	0	0	0	0	494	
6	0	0	0	0	494	
7	0	0	0	0	495	
8	0	0	0	0	494	
9	0	0	0	0	495	
10	0	0	0	0	495	
11	0	0	0	0	495	
12	0	0	0	0	495	
13	0	0	0	0	495	
14	0	0	0	0	495	
15	0	0	0	0	494	
0	0	0	0	0	494	
1	0	0	0	0	494	
2	0	0	0	0	494	
3	0	0	0	0	495	
4	0	0	0	0	496	
5	0	0	0	0	496	
6	0	0	0	0	496	
7	0	0	0	0	495	
8	0	0	0	0	496	
9	0	0	0	0	495	
10	0	0	0	0	494	
11	0	0	0	0	492	
12	0	0	0	0	491	
13	0	0	0	0	488	
14	0	0	0	0	486	
15	0	0	0	0	484	
0	0	0	0	0	481	
1	0	0	0	0	480	
2	0	0	0	0	477	
3	0	0	0	0	473	
4	0	0	0	0	470	
5	0	0	0	0	467	
6	0	0	0	0	464	
7	0	0	0	0	463	
8	0	0	0	0	462	
9	0	0	0	0	462	
10	0	0	0	0	460	
11	0	0	0	0	458	
12	0	0	0	0	456	
13	0	0	0	0	455	
14	0	0	0	0	454	
15	0	0	0	0	453	
0	0	0	0	0	453	
1	0	0	0	0	455	
2	0	0	0	0	461	
3	0	0	0	0	472	
4	0	0	0	0	487	
5	0	0	0	0	509	
6	0	0	0	0	536	
7	0	0	0	0	568	
8	0	0	0	0	606	
9	0	0	0	0	647	
10	0	0	0	0	691	
11	0	0	0	0	736	
12	0	0	0	0	783	
13	0	0	0	0	829	
14	0	0	0	0	874	
15	0	0	0	0	911	
0	0	0	0	0	938	
1	0	0	0	0	953	
2	0	0	0	0	955	
3	0	0	0	0	946	
4	0	0	0	0	926	
5	0	0	0	0	902	
6	0	0	0	0	873	
7	0	0	0	0	841	
8	0	0	0	0	809	
9	0	0	0	0	779	
10	0	0	0	0	751	
11	0	0	0	0	724	
12	0	0	0	0	699	
13	0	0	0	0	673	
14	0	0	0	0	647	
15	0	0	0	0	623	
0	0	0	0	0	600	
1	0	0	0	0	581	
2	0	0	0	0	564	
3	0	0	0	0	549	
4	0	0	0	0	537	
5	0	0	0	0	528	
6	0	0	0	0	522	
7	0	0	0	0	516	
8	0	0	0	0	511	
9	0	0	0	0	506	
10	0	0	0	0	502	
11	0	0	0	0	496	
12	0	0	0	0	491	
13	0	0	0	0	484	
14	0	0	0	0	478	
15	0	0	0	0	472	
0	0	0	0	0	468	
1	0	0	0	0	464	
2	0	0	0	0	461	
3	0	0	0	0	459	
4	0	0	0	0	455	
5	0	0	0	0	454	
6	0	0	0	0	452	
7	0	0	0	0	450	
8	0	0	0	0	449	
9	0	0	0	0	449	
10	0	0	0	0	448	
11	0	0	0	0	448	
12	0	0	0	0	447	
13	0	0	0	0	447	
14	0	0	0	0	446	
15	0	0	0	0	446	
0	0	0	0	0	446	
1	0	0	0	0	445	
2	0	0	0	0	445	
3	0	0	0	0	445	
4	0	0	0	0	444	
5	0	0	0	0	444	
6	0	0	0	0	443	
7	0	0	0	0	443	
8	0	0	0	0	444	
9	0	0	0	0	444	
10	0	0	0	0	445	
11	0	0	0	0	445	
12	0	0	0	0	446	
13	0	0	0	0	447	
14	0	0	0	0	447	
15	0	0	0	0	448	
0	0	0	0	0	448	
1	0	0	0	0	449	
2	0	0	0	0	449	
3	0	0	0	0	450	
4	0	0	0	0	451	
5	0	0	0	0	451	
6	0	0	0	0	452	
7	0	0	0	0	453	
8	0	0	0	0	454	
9	0	0	0	0	455	
10	0	0	0	0	456	
11	0	0	0	0	457	
12	0	0	0	0	458	
13	0	0	0	0	458	
14	0	0	0	0	460	
15	0	0	0	0	460	
0	0	0	0	0	460	
1	0	0	0	0	460	
2	0	0	0	0	461	
3	0	0	0	0	462	
4	0	0	0	0	463	
5	0	0	0	0	464	
6	0	0	0	0	465	
7	0	0	0	0	467	
8	0	0	0	0	467	
9	0	0	0	0	468	
10	0	0	0	0	469	
11	0	0	0	0	469	
12	0	0	0	0	470	
13	0	0	0	0	471	
14	0	0	0	0	471	
15	0	0	0	0	472	
0	0	0	0	0	472	
1	0	0	0	0	473	
2	0	0	0	0	473	
3	0	0	0	0	474	
4	0	0	0	0	474	
5	0	0	0	0	474	
6	0	0	0	0	474	
7	0	0	0	0	475	
8	0	0	0	0	475	
9	0	0	0	0	476	
10	0	0	0	0	477	
11	0	0	0	0	478	
12	0	0	0	0	479	
13	0	0	0	0	479	
14	0	0	0	0	480	
15	0	0	0	0	480	
0	0	0	0	0	481	
1	0	0	0	0	482	
2	0	0	0	0	483	
3	0	0	0	0	484	
4	0	0	0	0	484	
5	0	0	0	0	485	
6	0	0	0	0	485	
7	0	0	0	0	486	
8	0	0	0	0	487	
9	0	0	0	0	487	
10	0	0	0	0	488	
11	0	0	0	0	489	
12	0	0	0	0	491	
13	0	0	0	0	492	
14	0	0	0	0	492	
15	0	0	0	0	493	
0	0	0	0	0	494	
1	0	0	0	0	494	
2	0	0	0	0	495	
3	0	0	0	0	495	
4	0	0	0	0	496	
5	0	0	0	0	497	
6	0	0	0	0	497	
7	0	0	0	0	498	
8	0	0	0	0	499	
9	0	0	0	0	500	
10	0	0	0	0	501	
11	0	0	0	0	502	
12	0	0	0	0	503	
13	0	0	0	0	503	
14	0	0	0	0	504	
15	0	0	0	0	504	
0	0	0	0	0	505	
1	0	0	0	0	506	
2	0	0	0	0	507	
3	0	0	0	0	508	
4	0	0	0	0	508	
5	0	0	0	0	508	
6	0	0	0	0	508	
7	0	0	0	0	509	
8	0	0	0	0	510	
9	0	0	0	0	510	
10	0	0	0	0	510	
11	0	0	0	0	511	
12	0	0	0	0	512	
13	0	0	0	0	512	
14	0	0	0	0	512	
15	0	0	0	0	513	
0	0	0	0	0	514	
1	0	0	0	0	514	
2	0	0	0	0	515	
3	0	0	0	0	515	
4	0	0	0	0	515	
5	0	0	0	0	515	
6	0	0	0	0	516	
7	0	0	0	0	517	
8	0	0	0	0	518	
9	0	0	0	0	519	
10	0	0	0	0	519	
11	0	0	0	0	520	
12	0	0	0	0	521	
13	0	0	0	0	521	
14	0	0	0	0	522	
15	0	0	0	0	523	
0	0	0	0	0	524	
1	0	0	0	0	524	
2	0	0	0	0	525	
3	0	0	0	0	526	
4	0	0	0	0	527	
5	0	0	0	0	527	
6	0	0	0	0	527	
7	0	0	0	0	527	
8	0	0	0	0	528	
9	0	0	0	0	529	
10	0	0	0	0	530	
11	0	0	0	0	531	
12	0	0	0	0	532	
13	0	0	0	0	533	
14	0	0	0	0	534	
15	0	0	0	0	535	
0	0	0	0	0	537	
1	0	0	0	0	537	
2	0	0	0	0	537	
3	0	0	0	0	537	
4	0	0	0	0	536	
5	0	0	0	0	536	
6	0	0	0	0	537	
7	0	0	0	0	536	
8	0	0	0	0	536	
9	0	0	0	0	536	
10	0	0	0	0	536	
11	0	0	0	0	537	
12	0	0	0	0	538	
13	0	0	0	0	539	
14	0	0	0	0	540	
15	0	0	0	0	540	
0	0	0	0	0	540	
1	0	0	0	0	541	
2	0	0	0	0	542	
3	0	0	0	0	541	
4	0	0	0	0	540	
5	0	0	0	0	540	
6	0	0	0	0	540	
7	0	0	0	0	539	
8	0	0	0	0	539	
9	0	0	0	0	539	
10	0	0	0	0	538	
11	0	0	0	0	538	
12	0	0	0	0	538	
13	0	0	0	0	538	
14	0	0	0	0	538	
15	0	0	0	0	538	
0	0	0	0	0	538	
1	0	0	0	0	539	
2	0	0	0	0	539	
3	0	0	0	0	538	
4	0	0	0	0	539	
5	0	0	0	0	539	
6	0	0	0	0	538	
7	0	0	0	0	537	
8	0	0	0	0	537	
9	0	0	0	0	537	
10	0	0	0	0	537	
11	0	0	0	0	536	
12	0	0	0	0	536	
13	0	0	0	0	536	
14	0	0	0	0	535	
15	0	0	0	0	535	
0	0	0	0	0	535	
1	0	0	0	0	534	
2	0	0	0	0	533	
3	0	0	0	0	532	
4	0	0	0	0	530	
5	0	0	0	0	528	
6	0	0	0	0	527	
7	0	0	0	0	526	
8	0	0	0	0	524	
9	0	0	0	0	523	
10	0	0	0	0	521	
11	0	0	0	0	520	
12	0	0	0	0	519	
13	0	0	0	0	518	
14	0	0	0	0	516	
15	0	0	0	0	515	
0	0	0	0	0	513	
1	0	0	0	0	512	
2	0	0	0	0	510	
3	0	0	0	0	509	
4	0	0	0	0	508	
5	0	0	0	0	507	
6	0	0	0	0	505	
7	0	0	0	0	504	
8	0	0	0	0	502	
9	0	0	0	0	500	
10	0	0	0	0	498	
11	0	0	0	0	496	
12	0	0	0	0	494	
13	0	0	0	0	492	
14	0	0	0	0	491	
15	0	0	0	0	489	
0	0	0	0	0	488	
1	0	0	0	0	486	
2	0	0	0	0	486	
3	0	0	0	0	486	
4	0	0	0	0	485	
5	0	0	0	0	484	
6	0	0	0	0	483	
7	0	0	0	0	481	
8	0	0	0	0	480	
9	0	0	0	0	479	
10	0	0	0	0	478	
11	0	0	0	0	478	
12	0	0	0	0	477	
13	0	0	0	0	476	
14	0	0	0	0	476	
15	0	0	0	0	476	
0	0	0	0	0	476	
1	0	0	0	0	475	
2	0	0	0	0	475	
3	0	0	0	0	475	
4	0	0	0	0	476	
5	0	0	0	0	476	
6	0	0	0	0	475	
7	0	0	0	0	474	
8	0	0	0	0	473	
9	0	0	0	0	473	
10	0	0	0	0	472	
11	0	0	0	0	472	
12	0	0	0	0	472	
13	0	0	0	0	472	
14	0	0	0	0	472	
15	0	0	0	0	472	
0	0	0	0	0	472	
1	0	0	0	0	472	
2	0	0	0	0	473	
3	0	0	0	0	473	
4	0	0	0	0	473	
5	0	0	0	0	474	
6	0	0	0	0	474	
7	0	0	0	0	474	
8	0	0	0	0	474	
9	0	0	0	0	473	
10	0	0	0	0	474	
11	0	0	0	0	474	
12	0	0	0	0	473	
13	0	0	0	0	474	
14	0	0	0	0	474	
15	0	0	0	0	475	
0	0	0	0	0	476	
1	0	0	0	0	476	
2	0	0	0	0	476	
3	0	0	0	0	477	
4	0	0	0	0	478	
5	0	0	0	0	479	
6	0	0	0	0	479	
7	0	0	0	0	479	
8	0	0	0	0	480	
9	0	0	0	0	480	
10	0	0	0	0	480	
11	0	0	0	0	480	
12	0	0	0	0	480	
13	0	0	0	0	480	
14	0	0	0	0	480	
15	0	0	0	0	480	
0	0	0	0	0	481	
1	0	0	0	0	482	
2	0	0	0	0	482	
3	0	0	0	0	483	
4	0	0	0	0	484	
5	0	0	0	0	485	
6	0	0	0	0	486	
7	0	0	0	0	486	
8	0	0	0	0	487	
9	0	0	0	0	487	
10	0	0	0	0	487	
11	0	0	0	0	486	
12	0	0	0	0	487	
13	0	0	0	0	487	
14	0	0	0	0	488	
15	0	0	0	0	488	
0	0	0	0	0	487	
1	0	0	0	0	488	
2	0	0	0	0	489	
3	0	0	0	0	489	
4	0	0	0	0	491	
5	0	0	0	0	491	
6	0	0	0	0	492	
7	0	0	0	0	492	
8	0	0	0	0	492	
9	0	0	0	0	492	
10	0	0	0	0	492	
11	0	0	0	0	492	
12	0	0	0	0	492	
13	0	0	0	0	492	
14	0	0	0	0	493	
15	0	0	0	0	494	
0	0	0	0	0	494	
1	0	0	0	0	494	
2	0	0	0	0	494	
3	0	0	0	0	494	
4	0	0	0	0	495	
5	0	0	0	0	495	
6	0	0	0	0	496	
7	0	0	0	0	496	
8	0	0	0	0	496	
9	0	0	0	0	497	
10	0	0	0	0	497	
11	0	0	0	0	497	
12	0	0	0	0	497	
13	0	0	0	0	497	
14	0	0	0	0	497	
15	0	0	0	0	497	
0	0	0	0	0	498	
1	0	0	0	0	498	
2	0	0	0	0	498	
3	0	0	0	0	498	
4	0	0	0	0	498	
5	0	0	0	0	499	
6	0	0	0	0	499	
7	0	0	0	0	499	
8	0	0	0	0	499	
9	0	0	0	0	499	
10	0	0	0	0	499	
11	0	0	0	0	500	
12	0	0	0	0	500	
13	0	0	0	0	501	
14	0	0	0	0	501	
15	0	0	0	0	501	
0	0	0	0	0	500	
1	0	0	0	0	501	
2	0	0	0	0	501	
3	0	0	0	0	501	
4	0	0	0	0	500	
5	0	0	0	0	500	
6	0	0	0	0	500	
7	0	0	0	0	500	
8	0	0	0	0	500	
9	0	0	0	0	501	
10	0	0	0	0	502	
11	0	0	0	0	501	
12	0	0	0	0	502	
13	0	0	0	0	502	
14	0	0	0	0	502	
15	0	0	0	0	502	
0	0	0	0	0	502	
1	0	0	0	0	502	
2	0	0	0	0	502	
3	0	0	0	0	501	
4	0	0	0	0	501	
5	0	0	0	0	501	
6	0	0	0	0	502	
7	0	0	0	0	502	
8	0	0	0	0	503	
9	0	0	0	0	503	
10	0	0	0	0	503	
11	0	0	0	0	504	
12	0	0	0	0	504	
13	0	0	0	0	504	
14	0	0	0	0	504	
15	0	0	0	0	504	
0	0	0	0	0	504	
1	0	0	0	0	504	
2	0	0	0	0	504	
3	0	0	0	0	504	
4	0	0	0	0	504	
5	0	0	0	0	504	
6	0	0	0	0	504	
7	0	0	0	0	504	
8	0	0	0	0	504	
9	0	0	0	0	504	
10	0	0	0	0	504	
11	0	0	0	0	504	
12	0	0	0	0	503	
13	0	0	0	0	504	
14	0	0	0	0	504	
15	0	0	0	0	504	
0	0	0	0	0	504	
1	0	0	0	0	504	
2	0	0	0	0	504	
3	0	0	0	0	503	
4	0	0	0	0	503	
5	0	0	0	0	504	
6	0	0	0	0	504	
7	0	0	0	0	504	
8	0	0	0	0	504	
9	0	0	0	0	504	
10	0	0	0	0	504	
11	0	0	0	0	505	
12	0	0	0	0	505	
13	0	0	0	0	504	
14	0	0	0	0	504	
15	0	0	0	0	503	
0	0	0	0	0	503	
1	0	0	0	0	503	
2	0	0	0	0	502	
3	0	0	0	0	502	
4	0	0	0	0	502	
5	0	0	0	0	501	
6	0	0	0	0	502	
7	0	0	0	0	502	
8	0	0	0	0	503	
9	0	0	0	0	503	
10	0	0	0	0	503	
11	0	0	0	0	504	
12	0	0	0	0	504	
13	0	0	0	0	504	
14	0	0	0	0	504	
15	0	0	0	0	504	
0	0	0	0	0	504	
1	0	0	0	0	503	
2	0	0	0	0	503	
3	0	0	0	0	504	
4	0	0	0	0	504	
5	0	0	0	0	504	
6	0	0	0	0	504	
7	0	0	0	0	504	
8	0	0	0	0	505	
9	0	0	0	0	505	
10	0	0	0	0	506	
11	0	0	0	0	506	
12	0	0	0	0	507	
13	0	0	0	0	507	
14	0	0	0	0	507	
15	0	0	0	0	507	
0	0	0	0	0	506	
1	0	0	0	0	506	
2	0	0	0	0	506	
3	0	0	0	0	506	
4	0	0	0	0	505	
5	0	0	0	0	504	
6	0	0	0	0	504	
7	0	0	0	0	504	
8	0	0	0	0	505	
9	0	0	0	0	505	
10	0	0	0	0	504	
11	0	0	0	0	505	
12	0	0	0	0	506	
13	0	0	0	0	507	
14	0	0	0	0	508	
15	0	0	0	0	508	
0	0	0	0	0	508	
1	0	0	0	0	507	
2	0	0	0	0	507	
3	0	0	0	0	507	
4	0	0	0	0	507	
5	0	0	0	0	507	
6	0	0	0	0	507	
7	0	0	0	0	507	
8	0	0	0	0	507	
9	0	0	0	0	507	
10	0	0	0	0	507	
11	0	0	0	0	507	
12	0	0	0	0	507	
13	0	0	0	0	508	
14	0	0	0	0	508	
15	0	0	0	0	508	
0	0	0	0	0	508	
1	0	0	0	0	508	
2	0	0	0	0	509	
3	0	0	0	0	508	
4	0	0	0	0	509	
5	0	0	0	0	509	
6	0	0	0	0	508	
7	0	0	0	0	508	
8	0	0	0	0	508	
9	0	0	0	0	508	
10	0	0	0	0	509	
11	0	0	0	0	510	
12	0	0	0	0	510	
13	0	0	0	0	511	
14	0	0	0	0	511	
15	0	0	0	0	511	
0	0	0	0	0	511	
1	0	0	0	0	512	
2	0	0	0	0	512	
3	0	0	0	0	511	
4	0	0	0	0	511	
5	0	0	0	0	511	
6	0	0	0	0	511	
7	0	0	0	0	511	
8	0	0	0	0	511	
9	0	0	0	0	511	
10	0	0	0	0	511	
11	0	0	0	0	512	
12	0	0	0	0	512	
13	0	0	0	0	512	
14	0	0	0	0	512	
15	0	0	0	0	513	
0	0	0	0	0	513	
1	0	0	0	0	513	
2	0	0	0	0	514	
3	0	0	0	0	513	
4	0	0	0	0	513	
5	0	0	0	0	512	
6	0	0	0	0	513	
7	0	0	0	0	512	
8	0	0	0	0	512	
9	0	0	0	0	512	
10	0	0	0	0	512	
11	0	0	0	0	511	
12	0	0	0	0	512	
13	0	0	0	0	512	
14	0	0	0	0	513	
15	0	0	0	0	513	
0	0	0	0	0	513	
1	0	0	0	0	513	
2	0	0	0	0	514	
3	0	0	0	0	514	
4	0	0	0	0	514	
5	0	0	0	0	513	
6	0	0	0	0	512	
7	0	0	0	0	512	
8	0	0	0	0	512	
9	0	0	0	0	513	
10	0	0	0	0	513	
11	0	0	0	0	512	
12	0	0	0	0	514	
13	0	0	0	0	515	
14	0	0	0	0	515	
15	0	0	0	0	516	
0	0	0	0	0	517	
1	0	0	0	0	518	
2	0	0	0	0	518	
3	0	0	0	0	518	
4	0	0	0	0	517	
5	0	0	0	0	518	
6	0	0	0	0	518	
7	0	0	0	0	518	
8	0	0	0	0	519	
9	0	0	0	0	520	
10	0	0	0	0	521	
11	0	0	0	0	522	
12	0	0	0	0	523	
13	0	0	0	0	524	
14	0	0	0	0	525	
15	0	0	0	0	526	
0	0	0	0	0	526	
1	0	0	0	0	526	
2	0	0	0	0	526	
3	0	0	0	0	525	
4	0	0	0	0	526	
5	0	0	0	0	526	
6	0	0	0	0	527	
7	0	0	0	0	528	
8	0	0	0	0	529	
9	0	0	0	0	530	
10	0	0	0	0	531	
11	0	0	0	0	533	
12	0	0	0	0	534	
13	0	0	0	0	537	
14	0	0	0	0	539	
15	0	0	0	0	543	
0	0	0	0	0	546	
1	0	0	0	0	548	
2	0	0	0	0	551	
3	0	0	0	0	553	
4	0	0	0	0	554	
5	0	0	0	0	553	
6	0	0	0	0	551	
7	0	0	0	0	550	
8	0	0	0	0	548	
9	0	0	0	0	545	
10	0	0	0	0	543	
11	0	0	0	0	542	
12	0	0	0	0	540	
13	0	0	0	0	538	
14	0	0	0	0	537	
15	0	0	0	0	536	
0	0	0	0	0	534	
1	0	0	0	0	532	
2	0	0	0	0	530	
3	0	0	0	0	528	
4	0	0	0	0	527	
5	0	0	0	0	526	
6	0	0	0	0	525	
7	0	0	0	0	524	
8	0	0	0	0	521	
9	0	0	0	0	520	
10	0	0	0	0	519	
11	0	0	0	0	518	
12	0	0	0	0	517	
13	0	0	0	0	516	
14	0	0	0	0	516	
15	0	0	0	0	518	
0	0	0	0	0	518	
1	0	0	0	0	517	
2	0	0	0	0	517	
3	0	0	0	0	515	
4	0	0	0	0	515	
5	0	0	0	0	513	
6	0	0	0	0	512	
7	0	0	0	0	511	
8	0	0	0	0	510	
9	0	0	0	0	508	
10	0	0	0	0	507	
11	0	0	0	0	505	
12	0	0	0	0	503	
13	0	0	0	0	502	
14	0	0	0	0	502	
15	0	0	0	0	502	
0	0	0	0	0	501	
1	0	0	0	0	501	
2	0	0	0	0	501	
3	0	0	0	0	502	
4	0	0	0	0	502	
5	0	0	0	0	501	
6	0	0	0	0	500	
7	0	0	0	0	500	
8	0	0	0	0	500	
9	0	0	0	0	499	
10	0	0	0	0	497	
11	0	0	0	0	497	
12	0	0	0	0	496	
13	0	0	0	0	496	
14	0	0	0	0	496	
15	0	0	0	0	496	
0	0	0	0	0	496	
1	0	0	0	0	497	
2	0	0	0	0	497	
3	0	0	0	0	497	
4	0	0	0	0	499	
5	0	0	0	0	499	
6	0	0	0	0	499	
7	0	0	0	0	500	
8	0	0	0	0	499	
9	0	0	0	0	499	
10	0	0	0	0	499	
11	0	0	0	0	499	
12	0	0	0	0	499	
13	0	0	0	0	499	
14	0	0	0	0	498	
15	0	0	0	0	498	
0	0	0	0	0	498	
1	0	0	0	0	499	
2	0	0	0	0	499	
3	0	0	0	0	499	
4	0	0	0	0	500	
5	0	0	0	0	499	
6	0	0	0	0	499	
7	0	0	0	0	497	
8	0	0	0	0	496	
9	0	0	0	0	494	
10	0	0	0	0	491	
11	0	0	0	0	489	
12	0	0	0	0	487	
13	0	0	0	0	485	
14	0	0	0	0	483	
15	0	0	0	0	480	
0	0	0	0	0	476	
1	0	0	0	0	472	
2	0	0	0	0	469	
3	0	0	0	0	466	
4	0	0	0	0	463	
5	0	0	0	0	463	
6	0	0	0	0	462	
7	0	0	0	0	459	
8	0	0	0	0	456	
9	0	0	0	0	453	
10	0	0	0	0	451	
11	0	0	0	0	448	
12	0	0	0	0	447	
13	0	0	0	0	448	
14	0	0	0	0	449	
15	0	0	0	0	455	
0	0	0	0	0	465	
1	0	0	0	0	481	
2	0	0	0	0	503	
3	0	0	0	0	530	
4	0	0	0	0	562	
5	0	0	0	0	600	
6	0	0	0	0	643	
7	0	0	0	0	687	
8	0	0	0	0	733	
9	0	0	0	0	781	
10	0	0	0	0	828	
11	0	0	0	0	874	
12	0	0	0	0	911	
13	0	0	0	0	938	
14	0	0	0	0	953	
15	0	0	0	0	956	
0	0	0	0	0	947	
1	0	0	0	0	928	
2	0	0	0	0	905	
3	0	0	0	0	880	
4	0	0	0	0	849	
5	0	0	0	0	817	
6	0	0	0	0	788	
7	0	0	0	0	761	
8	0	0	0	0	737	
9	0	0	0	0	711	
10	0	0	0	0	686	
11	0	0	0	0	659	
12	0	0	0	0	635	
13	0	0	0	0	612	
14	0	0	0	0	593	
15	0	0	0	0	575	
0	0	0	0	0	560	
1	0	0	0	0	548	
2	0	0	0	0	538	
3	0	0	0	0	530	
4	0	0	0	0	524	
5	0	0	0	0	518	
6	0	0	0	0	512	
7	0	0	0	0	509	
8	0	0	0	0	503	
9	0	0	0	0	497	
10	0	0	0	0	491	
11	0	0	0	0	484	
12	0	0	0	0	478	
13	0	0	0	0	472	
14	0	0	0	0	467	
15	0	0	0	0	463	
0	0	0	0	0	461	
1	0	0	0	0	460	
2	0	0	0	0	456	
3	0	0	0	0	454	
4	0	0	0	0	452	
5	0	0	0	0	451	
6	0	0	0	0	450	
7	0	0	0	0	450	
8	0	0	0	0	449	
9	0	0	0	0	448	
10	0	0	0	0	447	
11	0	0	0	0	447	
12	0	0	0	0	447	
13	0	0	0	0	446	
14	0	0	0	0	445	
15	0	0	0	0	444	
0	0	0	0	0	444	
1	0	0	0	0	444	
2	0	0	0	0	443	
3	0	0	0	0	443	
4	0	0	0	0	443	
5	0	0	0	0	444	
6	0	0	0	0	444	
7	0	0	0	0	446	
8	0	0	0	0	446	
9	0	0	0	0	446	
10	0	0	0	0	446	
11	0	0	0	0	446	
12	0	0	0	0	447	
13	0	0	0	0	448	
14	0	0	0	0	448	
15	0	0	0	0	448	
0	0	0	0	0	449	
1	0	0	0	0	449	
2	0	0	0	0	449	
3	0	0	0	0	450	
4	0	0	0	0	451	
5	0	0	0	0	452	
6	0	0	0	0	453	
7	0	0	0	0	455	
8	0	0	0	0	456	
9	0	0	0	0	457	
10	0	0	0	0	458	
11	0	0	0	0	459	
12	0	0	0	0	460	
13	0	0	0	0	459	
14	0	0	0	0	460	
15	0	0	0	0	459	
0	0	0	0	0	460	
1	0	0	0	0	460	
2	0	0	0	0	461	
3	0	0	0	0	461	
4	0	0	0	0	462	
5	0	0	0	0	462	
6	0	0	0	0	463	
7	0	0	0	0	464	
8	0	0	0	0	464	
9	0	0	0	0	465	
10	0	0	0	0	466	
11	0	0	0	0	467	
12	0	0	0	0	468	
13	0	0	0	0	470	
14	0	0	0	0	470	
15	0	0	0	0	471	
0	0	0	0	0	472	
1	0	0	0	0	472	
2	0	0	0	0	473	
3	0	0	0	0	474	
4	0	0	0	0	474	
5	0	0	0	0	475	
6	0	0	0	0	475	
7	0	0	0	0	476	
8	0	0	0	0	477	
9	0	0	0	0	478	
10	0	0	0	0	478	
11	0	0	0	0	480	
12	0	0	0	0	481	
13	0	0	0	0	481	
14	0	0	0	0	482	
15	0	0	0	0	483	
0	0	0	0	0	483	
1	0	0	0	0	483	
2	0	0	0	0	484	
3	0	0	0	0	484	
4	0	0	0	0	483	
5	0	0	0	0	484	
6	0	0	0	0	485	
7	0	0	0	0	486	
8	0	0	0	0	487	
9	0	0	0	0	487	
10	0	0	0	0	489	
11	0	0	0	0	490	
12	0	0	0	0	491	
13	0	0	0	0	492	
14	0	0	0	0	493	
15	0	0	0	0	493	
0	0	0	0	0	494	
1	0	0	0	0	494	
2	0	0	0	0	494	
3	0	0	0	0	494	
4	0	0	0	0	494	
5	0	0	0	0	495	
6	0	0	0	0	496	
7	0	0	0	0	496	
8	0	0	0	0	497	
9	0	0	0	0	498	
10	0	0	0	0	499	
11	0	0	0	0	501	
12	0	0	0	0	502	
13	0	0	0	0	502	
14	0	0	0	0	503	
15	0	0	0	0	504	
0	0	0	0	0	504	
1	0	0	0	0	505	
2	0	0	0	0	506	
3	0	0	0	0	507	
4	0	0	0	0	508	
5	0	0	0	0	508	
6	0	0	0	0	507	
7	0	0	0	0	508	
8	0	0	0	0	508	
9	0	0	0	0	509	
10	0	0	0	0	510	
11	0	0	0	0	511	
12	0	0	0	0	512	
13	0	0	0	0	512	
14	0	0	0	0	513	
15	0	0	0	0	514	
0	0	0	0	0	514	
1	0	0	0	0	515	
2	0	0	0	0	515	
3	0	0	0	0	516	
4	0	0	0	0	517	
5	0	0	0	0	518	
6	0	0	0	0	518	
7	0	0	0	0	519	
8	0	0	0	0	519	
9	0	0	0	0	520	
10	0	0	0	0	520	
11	0	0	0	0	520	
12	0	0	0	0	521	
13	0	0	0	0	522	
14	0	0	0	0	523	
15	0	0	0	0	524	
0	0	0	0	0	524	
1	0	0	0	0	525	
2	0	0	0	0	526	
3	0	0	0	0	525	
4	0	0	0	0	525	
5	0	0	0	0	525	
6	0	0	0	0	525	
7	0	0	0	0	526	
8	0	0	0	0	527	
9	0	0	0	0	527	
10	0	0	0	0	528	
11	0	0	0	0	529	
12	0	0	0	0	529	
13	0	0	0	0	530	
14	0	0	0	0	531	
15	0	0	0	0	532	
0	0	0	0	0	532	
1	0	0	0	0	533	
2	0	0	0	0	533	
3	0	0	0	0	533	
4	0	0	0	0	534	
5	0	0	0	0	534	
6	0	0	0	0	534	
7	0	0	0	0	534	
8	0	0	0	0	534	
9	0	0	0	0	534	
10	0	0	0	0	535	
11	0	0	0	0	535	
12	0	0	0	0	536	
13	0	0	0	0	537	
14	0	0	0	0	537	
15	0	0	0	0	538	
0	0	0	0	0	539	
1	0	0	0	0	540	
2	0	0	0	0	540	
3	0	0	0	0	540	
4	0	0	0	0	540	
5	0	0	0	0	540	
6	0	0	0	0	539	
7	0	0	0	0	539	
8	0	0	0	0	539	
9	0	0	0	0	539	
10	0	0	0	0	539	
11	0	0	0	0	539	
12	0	0	0	0	539	
13	0	0	0	0	539	
14	0	0	0	0	538	
15	0	0	0	0	539	
0	0	0	0	0	539	
1	0	0	0	0	538	
2	0	0	0	0	537	
3	0	0	0	0	537	
4	0	0	0	0	537	
5	0	0	0	0	537	
6	0	0	0	0	536	
7	0	0	0	0	536	
8	0	0	0	0	536	
9	0	0	0	0	536	
10	0	0	0	0	535	
11	0	0	0	0	534	
12	0	0	0	0	533	
13	0	0	0	0	532	
14	0	0	0	0	531	
15	0	0	0	0	531	
0	0	0	0	0	530	
1	0	0	0	0	529	
2	0	0	0	0	528	
3	0	0	0	0	528	
4	0	0	0	0	527	
5	0	0	0	0	526	
6	0	0	0	0	524	
7	0	0	0	0	522	
8	0	0	0	0	520	
9	0	0	0	0	519	
10	0	0	0	0	517	
11	0	0	0	0	515	
12	0	0	0	0	513	
13	0	0	0	0	512	
14	0	0	0	0	511	
15	0	0	0	0	509	
0	0	0	0	0	508	
1	0	0	0	0	506	
2	0	0	0	0	504	
3	0	0	0	0	502	
4	0	0	0	0	501	
5	0	0	0	0	499	
6	0	0	0	0	498	
7	0	0	0	0	496	
8	0	0	0	0	494	
9	0	0	0	0	492	
10	0	0	0	0	491	
11	0	0	0	0	489	
12	0	0	0	0	487	
13	0	0	0	0	486	
14	0	0	0	0	485	
15	0	0	0	0	484	
0	0	0	0	0	484	
1	0	0	0	0	483	
2	0	0	0	0	482	
3	0	0	0	0	481	
4	0	0	0	0	480	
5	0	0	0	0	478	
6	0	0	0	0	477	
7	0	0	0	0	476	
8	0	0	0	0	475	
9	0	0	0	0	475	
10	0	0	0	0	474	
11	0	0	0	0	473	
12	0	0	0	0	472	
13	0	0	0	0	471	
14	0	0	0	0	471	
15	0	0	0	0	470	
0	0	0	0	0	470	
1	0	0	0	0	470	
2	0	0	0	0	468	
3	0	0	0	0	468	
4	0	0	0	0	469	
5	0	0	0	0	468	
6	0	0	0	0	467	
7	0	0	0	0	467	
8	0	0	0	0	467	
9	0	0	0	0	466	
10	0	0	0	0	466	
11	0	0	0	0	466	
12	0	0	0	0	467	
13	0	0	0	0	467	
14	0	0	0	0	467	
15	0	0	0	0	467	
0	0	0	0	0	468	
1	0	0	0	0	469	
2	0	0	0	0	469	
3	0	0	0	0	470	
4	0	0	0	0	471	
5	0	0	0	0	471	
6	0	0	0	0	471	
7	0	0	0	0	472	
8	0	0	0	0	472	
9	0	0	0	0	472	
10	0	0	0	0	472	
11	0	0	0	0	472	
12	0	0	0	0	472	
13	0	0	0	0	473	
14	0	0	0	0	473	
15	0	0	0	0	473	
0	0	0	0	0	475	
1	0	0	0	0	475	
2	0	0	0	0	475	
3	0	0	0	0	476	
4	0	0	0	0	476	
5	0	0	0	0	476	
6	0	0	0	0	476	
7	0	0	0	0	477	
8	0	0	0	0	477	
9	0	0	0	0	478	
10	0	0	0	0	477	
11	0	0	0	0	478	
12	0	0	0	0	478	
13	0	0	0	0	478	
14	0	0	0	0	478	
15	0	0	0	0	479	
0	0	0	0	0	480	
1	0	0	0	0	480	
2	0	0	0	0	481	
3	0	0	0	0	482	
4	0	0	0	0	483	
5	0	0	0	0	483	
6	0	0	0	0	483	
7	0	0	0	0	483	
8	0	0	0	0	484	
9	0	0	0	0	484	
10	0	0	0	0	484	
11	0	0	0	0	483	
12	0	0	0	0	484	
13	0	0	0	0	484	
14	0	0	0	0	484	
15	0	0	0	0	485	
0	0	0	0	0	486	
1	0	0	0	0	487	
2	0	0	0	0	487	
3	0	0	0	0	489	
4	0	0	0	0	489	
5	0	0	0	0	491	
6	0	0	0	0	491	
7	0	0	0	0	491	
8	0	0	0	0	492	
9	0	0	0	0	492	
10	0	0	0	0	492	
11	0	0	0	0	491	
12	0	0	0	0	492	
13	0	0	0	0	491	
14	0	0	0	0	491	
15	0	0	0	0	491	
0	0	0	0	0	492	
1	0	0	0	0	492	
2	0	0	0	0	493	
3	0	0	0	0	494	
4	0	0	0	0	494	
5	0	0	0	0	494	
6	0	0	0	0	494	
7	0	0	0	0	494	
8	0	0	0	0	494	
9	0	0	0	0	495	
10	0	0	0	0	495	
11	0	0	0	0	494	
12	0	0	0	0	494	
13	0	0	0	0	494	
14	0	0	0	0	494	
15	0	0	0	0	495	
0	0	0	0	0	495	
1	0	0	0	0	495	
2	0	0	0	0	496	
3	0	0	0	0	496	
4	0	0	0	0	497	
5	0	0	0	0	498	
6	0	0	0	0	499	
7	0	0	0	0	499	
8	0	0	0	0	500	
9	0	0	0	0	501	
10	0	0	0	0	500	
11	0	0	0	0	501	
12	0	0	0	0	501	
13	0	0	0	0	500	
14	0	0	0	0	499	
15	0	0	0	0	499	
0	0	0	0	0	499	
1	0	0	0	0	499	
2	0	0	0	0	499	
3	0	0	0	0	500	
4	0	0	0	0	501	
5	0	0	0	0	501	
6	0	0	0	0	501	
7	0	0	0	0	501	
8	0	0	0	0	502	
9	0	0	0	0	502	
10	0	0	0	0	503	
11	0	0	0	0	503	
12	0	0	0	0	502	
13	0	0	0	0	503	
14	0	0	0	0	503	
15	0	0	0	0	503	
0	0	0	0	0	502	
1	0	0	0	0	502	
2	0	0	0	0	502	
3	0	0	0	0	502	
4	0	0	0	0	502	
5	0	0	0	0	503	
6	0	0	0	0	504	
7	0	0	0	0	505	
8	0	0	0	0	505	
9	0	0	0	0	505	
10	0	0	0	0	505	
11	0	0	0	0	505	
12	0	0	0	0	505	
13	0	0	0	0	504	
14	0	0	0	0	504	
15	0	0	0	0	503	
0	0	0	0	0	504	
1	0	0	0	0	504	
2	0	0	0	0	504	
3	0	0	0	0	504	
4	0	0	0	0	504	
5	0	0	0	0	504	
6	0	0	0	0	505	
7	0	0	0	0	506	
8	0	0	0	0	506	
9	0	0	0	0	506	
10	0	0	0	0	506	
11	0	0	0	0	506	
12	0	0	0	0	506	
13	0	0	0	0	505	
14	0	0	0	0	504	
15	0	0	0	0	504	
0	0	0	0	0	504	
1	0	0	0	0	504	
2	0	0	0	0	504	
3	0	0	0	0	504	
4	0	0	0	0	503	
5	0	0	0	0	503	
6	0	0	0	0	504	
7	0	0	0	0	504	
8	0	0	0	0	504	
9	0	0	0	0	504	
10	0	0	0	0	506	
11	0	0	0	0	506	
12	0	0	0	0	506	
13	0	0	0	0	506	
14	0	0	0	0	507	
15	0	0	0	0	507	
0	0	0	0	0	506	
1	0	0	0	0	505	
2	0	0	0	0	504	
3	0	0	0	0	504	
4	0	0	0	0	504	
5	0	0	0	0	504	
6	0	0	0	0	504	
7	0	0	0	0	504	
8	0	0	0	0	504	
9	0	0	0	0	505	
10	0	0	0	0	505	
11	0	0	0	0	505	
12	0	0	0	0	505	
13	0	0	0	0	506	
14	0	0	0	0	507	
15	0	0	0	0	507	
0	0	0	0	0	506	
1	0	0	0	0	506	
2	0	0	0	0	505	
3	0	0	0	0	506	
4	0	0	0	0	506	
5	0	0	0	0	506	
6	0	0	0	0	506	
7	0	0	0	0	506	
8	0	0	0	0	507	
9	0	0	0	0	507	
10	0	0	0	0	507	
11	0	0	0	0	507	
12	0	0	0	0	507	
13	0	0	0	0	508	
14	0	0	0	0	508	
15	0	0	0	0	508	
0	0	0	0	0	508	
1	0	0	0	0	508	
2	0	0	0	0	508	
3	0	0	0	0	507	
4	0	0	0	0	508	
5	0	0	0	0	508	
6	0	0	0	0	508	
7	0	0	0	0	508	
8	0	0	0	0	509	
9	0	0	0	0	509	
10	0	0	0	0	510	
11	0	0	0	0	510	
12	0	0	0	0	511	
13	0	0	0	0	511	
14	0	0	0	0	511	
15	0	0	0	0	511	
0	0	0	0	0	511	
1	0	0	0	0	511	
2	0	0	0	0	511	
3	0	0	0	0	511	
4	0	0	0	0	511	
5	0	0	0	0	511	
6	0	0	0	0	511	
7	0	0	0	0	511	
8	0	0	0	0	511	
9	0	0	0	0	511	
10	0	0	0	0	511	
11	0	0	0	0	511	
12	0	0	0	0	512	
13	0	0	0	0	511	
14	0	0	0	0	511	
15	0	0	0	0	511	
0	0	0	0	0	511	
1	0	0	0	0	511	
2	0	0	0	0	512	
3	0	0	0	0	512	
4	0	0	0	0	511	
5	0	0	0	0	511	
6	0	0	0	0	511	
7	0	0	0	0	512	
8	0	0	0	0	512	
9	0	0	0	0	512	
10	0	0	0	0	512	
11	0	0	0	0	512	
12	0	0	0	0	512	
13	0	0	0	0	512	
14	0	0	0	0	512	
15	0	0	0	0	513	
0	0	0	0	0	512	
1	0	0	0	0	513	
2	0	0	0	0	512	
3	0	0	0	0	512	
4	0	0	0	0	513	
5	0	0	0	0	512	
6	0	0	0	0	512	
7	0	0	0	0	512	
8	0	0	0	0	512	
9	0	0	0	0	512	
10	0	0	0	0	512	
11	0	0	0	0	512	
12	0	0	0	0	512	
13	0	0	0	0	512	
14	0	0	0	0	513	
15	0	0	0	0	513	
0	0	0	0	0	514	
1	0	0	0	0	513	
2	0	0	0	0	512	
3	0	0	0	0	512	
4	0	0	0	0	512	
5	0	0	0	0	512	
6	0	0	0	0	512	
7	0	0	0	0	511	
8	0	0	0	0	512	
9	0	0	0	0	512	
10	0	0	0	0	512	
11	0	0	0	0	512	
12	0	0	0	0	512	
13	0	0	0	0	513	
14	0	0	0	0	513	
15	0	0	0	0	513	
0	0	0	0	0	514	
1	0	0	0	0	514	
2	0	0	0	0	514	
3	0	0	0	0	513	
4	0	0	0	0	513	
5	0	0	0	0	513	
6	0	0	0	0	513	
7	0	0	0	0	513	
8	0	0	0	0	513	
9	0	0	0	0	513	
10	0	0	0	0	513	
11	0	0	0	0	513	
12	0	0	0	0	514	
13	0	0	0	0	514	
14	0	0	0	0	515	
15	0	0	0	0	515	
0	0	0	0	0	516	
1	0	0	0	0	516	
2	0	0	0	0	515	
3	0	0	0	0	515	
4	0	0	0	0	515	
5	0	0	0	0	515	
6	0	0	0	0	515	
7	0	0	0	0	515	
8	0	0	0	0	515	
9	0	0	0	0	515	
10	0	0	0	0	514	
11	0	0	0	0	514	
12	0	0	0	0	514	
13	0	0	0	0	515	
14	0	0	0	0	515	
15	0	0	0	0	515	
0	0	0	0	0	515	
1	0	0	0	0	515	
2	0	0	0	0	515	
3	0	0	0	0	515	
4	0	0	0	0	515	
5	0	0	0	0	515	
6	0	0	0	0	515	
7	0	0	0	0	515	
8	0	0	0	0	514	
9	0	0	0	0	514	
10	0	0	0	0	514	
11	0	0	0	0	515	
12	0	0	0	0	515	
13	0	0	0	0	516	
14	0	0	0	0	516	
15	0	0	0	0	517	
0	0	0	0	0	518	
1	0	0	0	0	519	
2	0	0	0	0	519	
3	0	0	0	0	519	
4	0	0	0	0	519	
5	0	0	0	0	519	
6	0	0	0	0	519	
7	0	0	0	0	520	
8	0	0	0	0	521	
9	0	0	0	0	522	
10	0	0	0	0	524	
11	0	0	0	0	524	
12	0	0	0	0	524	
13	0	0	0	0	525	
14	0	0	0	0	526	
15	0	0	0	0	527	
0	0	0	0	0	527	
1	0	0	0	0	526	
2	0	0	0	0	526	
3	0	0	0	0	527	
4	0	0	0	0	527	
5	0	0	0	0	527	
6	0	0	0	0	526	
7	0	0	0	0	526	
8	0	0	0	0	528	
9	0	0	0	0	529	
10	0	0	0	0	532	
11	0	0	0	0	535	
12	0	0	0	0	537	
13	0	0	0	0	540	
14	0	0	0	0	543	
15	0	0	0	0	546	
0	0	0	0	0	550	
1	0	0	0	0	552	
2	0	0	0	0	554	
3	0	0	0	0	554	
4	0	0	0	0	554	
5	0	0	0	0	553	
6	0	0	0	0	552	
7	0	0	0	0	550	
8	0	0	0	0	548	
9	0	0	0	0	546	
10	0	0	0	0	544	
11	0	0	0	0	542	
12	0	0	0	0	540	
13	0	0	0	0	539	
14	0	0	0	0	538	
15	0	0	0	0	536	
0	0	0	0	0	535	
1	0	0	0	0	534	
2	0	0	0	0	532	
3	0	0	0	0	530	
4	0	0	0	0	528	
5	0	0	0	0	527	
6	0	0	0	0	527	
7	0	0	0	0	526	
8	0	0	0	0	526	
9	0	0	0	0	525	
10	0	0	0	0	523	
11	0	0	0	0	522	
12	0	0	0	0	521	
13	0	0	0	0	521	
14	0	0	0	0	520	
15	0	0	0	0	520	
0	0	0	0	0	519	
1	0	0	0	0	519	
2	0	0	0	0	518	
3	0	0	0	0	516	
4	0	0	0	0	515	
5	0	0	0	0	514	
6	0	0	0	0	513	
7	0	0	0	0	512	
8	0	0	0	0	512	
9	0	0	0	0	510	
10	0	0	0	0	509	
11	0	0	0	0	508	
12	0	0	0	0	507	
13	0	0	0	0	507	
14	0	0	0	0	507	
15	0	0	0	0	507	
0	0	0	0	0	507	
1	0	0	0	0	508	
2	0	0	0	0	508	
3	0	0	0	0	508	
4	0	0	0	0	508	
5	0	0	0	0	507	
6	0	0	0	0	505	
7	0	0	0	0	504	
8	0	0	0	0	503	
9	0	0	0	0	502	
10	0	0	0	0	500	
11	0	0	0	0	499	
12	0	0	0	0	499	
13	0	0	0	0	498	
14	0	0	0	0	499	
15	0	0	0	0	499	
0	0	0	0	0	499	
1	0	0	0	0	500	
2	0	0	0	0	500	
3	0	0	0	0	502	
4	0	0	0	0	502	
5	0	0	0	0	502	
6	0	0	0	0	502	
7	0	0	0	0	502	
8	0	0	0	0	502	
9	0	0	0	0	501	
10	0	0	0	0	500	
11	0	0	0	0	500	
12	0	0	0	0	500	
13	0	0	0	0	500	
14	0	0	0	0	500	
15	0	0	0	0	499	
0	0	0	0	0	500	
1	0	0	0	0	499	
2	0	0	0	0	500	
3	0	0	0	0	500	
4	0	0	0	0	500	
5	0	0	0	0	499	
6	0	0	0	0	499	
7	0	0	0	0	498	
8	0	0	0	0	496	
9	0	0	0	0	495	
10	0	0	0	0	493	
11	0	0	0	0	491	
12	0	0	0	0	489	
13	0	0	0	0	488	
14	0	0	0	0	487	
15	0	0	0	0	484	
0	0	0	0	0	480	
1	0	0	0	0	478	
2	0	0	0	0	476	
3	0	0	0	0	474	
4	0	0	0	0	473	
5	0	0	0	0	472	
6	0	0	0	0	470	
7	0	0	0	0	467	
8	0	0	0	0	464	
9	0	0	0	0	462	
10	0	0	0	0	459	
11	0	0	0	0	457	
12	0	0	0	0	456	
13	0	0	0	0	457	
14	0	0	0	0	460	
15	0	0	0	0	466	
0	0	0	0	0	478	
1	0	0	0	0	496	
2	0	0	0	0	519	
3	0	0	0	0	545	
4	0	0	0	0	577	
5	0	0	0	0	615	
6	0	0	0	0	657	
7	0	0	0	0	701	
8	0	0	0	0	746	
9	0	0	0	0	791	
10	0	0	0	0	834	
11	0	0	0	0	872	
12	0	0	0	0	901	
13	0	0	0	0	919	
14	0	0	0	0	924	
15	0	0	0	0	921	
0	0	0	0	0	908	
1	0	0	0	0	888	
2	0	0	0	0	864	
3	0	0	0	0	836	
4	0	0	0	0	810	
5	0	0	0	0	784	
6	0	0	0	0	759	
7	0	0	0	0	734	
8	0	0	0	0	711	
9	0	0	0	0	688	
10	0	0	0	0	665	
11	0	0	0	0	643	
12	0	0	0	0	622	
13	0	0	0	0	603	
14	0	0	0	0	585	
15	0	0	0	0	568	
0	0	0	0	0	555	
1	0	0	0	0	545	
2	0	0	0	0	536	
3	0	0	0	0	530	
4	0	0	0	0	523	
5	0	0	0	0	515	
6	0	0	0	0	510	
7	0	0	0	0	503	
8	0	0	0	0	497	
9	0	0	0	0	491	
10	0	0	0	0	485	
11	0	0	0	0	479	
12	0	0	0	0	473	
13	0	0	0	0	467	
14	0	0	0	0	462	
15	0	0	0	0	459	
0	0	0	0	0	456	
1	0	0	0	0	453	
2	0	0	0	0	452	
3	0	0	0	0	450	
4	0	0	0	0	448	
5	0	0	0	0	448	
6	0	0	0	0	447	
7	0	0	0	0	446	
8	0	0	0	0	446	
9	0	0	0	0	446	
10	0	0	0	0	446	
11	0	0	0	0	445	
12	0	0	0	0	445	
13	0	0	0	0	444	
14	0	0	0	0	443	
15	0	0	0	0	442	
0	0	0	0	0	442	
1	0	0	0	0	442	
2	0	0	0	0	441	
3	0	0	0	0	442	
4	0	0	0	0	442	
5	0	0	0	0	441	
6	0	0	0	0	442	
7	0	0	0	0	442	
8	0	0	0	0	443	
9	0	0	0	0	444	
10	0	0	0	0	444	
11	0	0	0	0	446	
12	0	0	0	0	446	
13	0	0	0	0	448	
14	0	0	0	0	448	
15	0	0	0	0	448	
0	0	0	0	0	448	
1	0	0	0	0	448	
2	0	0	0	0	449	
3	0	0	0	0	449	
4	0	0	0	0	450	
5	0	0	0	0	450	
6	0	0	0	0	451	
7	0	0	0	0	452	
8	0	0	0	0	453	
9	0	0	0	0	454	
10	0	0	0	0	455	
11	0	0	0	0	456	
12	0	0	0	0	457	
13	0	0	0	0	459	
14	0	0	0	0	459	
15	0	0	0	0	460	
0	0	0	0	0	460	
1	0	0	0	0	460	
2	0	0	0	0	461	
3	0	0	0	0	462	
4	0	0	0	0	462	
5	0	0	0	0	463	
6	0	0	0	0	463	
7	0	0	0	0	463	
8	0	0	0	0	464	
9	0	0	0	0	465	
10	0	0	0	0	466	
11	0	0	0	0	468	
12	0	0	0	0	469	
13	0	0	0	0	470	
14	0	0	0	0	471	
15	0	0	0	0	472	
0	0	0	0	0	472	
1	0	0	0	0	473	
2	0	0	0	0	473	
3	0	0	0	0	475	
4	0	0	0	0	476	
5	0	0	0	0	476	
6	0	0	0	0	477	
7	0	0	0	0	476	
8	0	0	0	0	478	
9	0	0	0	0	480	
10	0	0	0	0	480	
11	0	0	0	0	481	
12	0	0	0	0	481	
13	0	0	0	0	482	
14	0	0	0	0	481	
15	0	0	0	0	483	
0	0	0	0	0	483	
1	0	0	0	0	483	
2	0	0	0	0	483	
3	0	0	0	0	483	
4	0	0	0	0	484	
5	0	0	0	0	485	
6	0	0	0	0	486	
7	0	0	0	0	487	
8	0	0	0	0	487	
9	0	0	0	0	488	
10	0	0	0	0	489	
11	0	0	0	0	490	
12	0	0	0	0	492	
13	0	0	0	0	492	
14	0	0	0	0	493	
15	0	0	0	0	494	
0	0	0	0	0	495	
1	0	0	0	0	495	
2	0	0	0	0	495	
3	0	0	0	0	495	
4	0	0	0	0	496	
5	0	0	0	0	496	
6	0	0	0	0	497	
7	0	0	0	0	498	
8	0	0	0	0	499	
9	0	0	0	0	500	
10	0	0	0	0	500	
11	0	0	0	0	502	
12	0	0	0	0	503	
13	0	0	0	0	504	
14	0	0	0	0	504	
15	0	0	0	0	504	
0	0	0	0	0	504	
1	0	0	0	0	505	
2	0	0	0	0	507	
3	0	0	0	0	507	
4	0	0	0	0	506	
5	0	0	0	0	507	
6	0	0	0	0	507	
7	0	0	0	0	507	
8	0	0	0	0	508	
9	0	0	0	0	509	
10	0	0	0	0	510	
11	0	0	0	0	511	
12	0	0	0	0	511	
13	0	0	0	0	512	
14	0	0	0	0	512	
15	0	0	0	0	513	
0	0	0	0	0	514	
1	0	0	0	0	514	
2	0	0	0	0	515	
3	0	0	0	0	515	
4	0	0	0	0	516	
5	0	0	0	0	516	
6	0	0	0	0	517	
7	0	0	0	0	518	
8	0	0	0	0	518	
9	0	0	0	0	519	
10	0	0	0	0	519	
11	0	0	0	0	520	
12	0	0	0	0	521	
13	0	0	0	0	521	
14	0	0	0	0	523	
15	0	0	0	0	523	
0	0	0	0	0	523	
1	0	0	0	0	523	
2	0	0	0	0	523	
3	0	0	0	0	523	
4	0	0	0	0	524	
5	0	0	0	0	525	
6	0	0	0	0	526	
7	0	0	0	0	526	
8	0	0	0	0	526	
9	0	0	0	0	527	
10	0	0	0	0	528	
11	0	0	0	0	530	
12	0	0	0	0	531	
13	0	0	0	0	532	
14	0	0	0	0	532	
15	0	0	0	0	532	
0	0	0	0	0	533	
1	0	0	0	0	534	
2	0	0	0	0	535	
3	0	0	0	0	535	
4	0	0	0	0	535	
5	0	0	0	0	536	
6	0	0	0	0	535	
7	0	0	0	0	535	
8	0	0	0	0	535	
9	0	0	0	0	535	
10	0	0	0	0	535	
11	0	0	0	0	536	
12	0	0	0	0	537	
13	0	0	0	0	538	
14	0	0	0	0	539	
15	0	0	0	0	539	
0	0	0	0	0	539	
1	0	0	0	0	540	
2	0	0	0	0	540	
3	0	0	0	0	540	
4	0	0	0	0	540	
5	0	0	0	0	539	
6	0	0	0	0	540	
7	0	0	0	0	540	
8	0	0	0	0	539	
9	0	0	0	0	539	
10	0	0	0	0	539	
11	0	0	0	0	540	
12	0	0	0	0	540	
13	0	0	0	0	540	
14	0	0	0	0	541	
15	0	0	0	0	541	
0	0	0	0	0	541	
1	0	0	0	0	541	
2	0	0	0	0	541	
3	0	0	0	0	540	
4	0	0	0	0	540	
5	0	0	0	0	539	
6	0	0	0	0	538	
7	0	0	0	0	538	
8	0	0	0	0	537	
9	0	0	0	0	537	
10	0	0	0	0	536	
11	0	0	0	0	536	
12	0	0	0	0	536	
13	0	0	0	0	536	
14	0	0	0	0	536	
15	0	0	0	0	535	
0	0	0	0	0	533	
1	0	0	0	0	533	
2	0	0	0	0	531	
3	0	0	0	0	530	
4	0	0	0	0	528	
5	0	0	0	0	527	
6	0	0	0	0	525	
7	0	0	0	0	524	
8	0	0	0	0	521	
9	0	0	0	0	519	
10	0	0	0	0	517	
11	0	0	0	0	515	
12	0	0	0	0	513	
13	0	0	0	0	512	
14	0	0	0	0	511	
15	0	0	0	0	509	
0	0	0	0	0	507	
1	0	0	0	0	507	
2	0	0	0	0	505	
3	0	0	0	0	503	
4	0	0	0	0	501	
5	0	0	0	0	500	
6	0	0	0	0	499	
7	0	0	0	0	497	
8	0	0	0	0	495	
9	0	0	0	0	493	
10	0	0	0	0	491	
11	0	0	0	0	489	
12	0	0	0	0	487	
13	0	0	0	0	485	
14	0	0	0	0	484	
15	0	0	0	0	483	
0	0	0	0	0	482	
1	0	0	0	0	481	
2	0	0	0	0	480	
3	0	0	0	0	480	
4	0	0	0	0	478	
5	0	0	0	0	477	
6	0	0	0	0	476	
7	0	0	0	0	476	
8	0	0	0	0	475	
9	0	0	0	0	474	
10	0	0	0	0	473	
11	0	0	0	0	473	
12	0	0	0	0	472	
13	0	0	0	0	472	
14	0	0	0	0	472	
15	0	0	0	0	473	
0	0	0	0	0	473	
1	0	0	0	0	473	
2	0	0	0	0	473	
3	0	0	0	0	473	
4	0	0	0	0	473	
5	0	0	0	0	473	
6	0	0	0	0	473	
7	0	0	0	0	473	
8	0	0	0	0	472	
9	0	0	0	0	472	
10	0	0	0	0	471	
11	0	0	0	0	471	
12	0	0	0	0	471	
13	0	0	0	0	471	
14	0	0	0	0	472	
15	0	0	0	0	472	
0	0	0	0	0	472	
1	0	0	0	0	472	
2	0	0	0	0	472	
3	0	0	0	0	473	
4	0	0	0	0	474	
5	0	0	0	0	474	
6	0	0	0	0	474	
7	0	0	0	0	473	
8	0	0	0	0	473	
9	0	0	0	0	473	
10	0	0	0	0	473	
11	0	0	0	0	473	
12	0	0	0	0	472	
13	0	0	0	0	473	
14	0	0	0	0	472	
15	0	0	0	0	472	
0	0	0	0	0	473	
1	0	0	0	0	474	
2	0	0	0	0	474	
3	0	0	0	0	475	
4	0	0	0	0	475	
5	0	0	0	0	476	
6	0	0	0	0	476	
7	0	0	0	0	477	
8	0	0	0	0	477	
9	0	0	0	0	478	
10	0	0	0	0	478	
11	0	0	0	0	479	
12	0	0	0	0	479	
13	0	0	0	0	480	
14	0	0	0	0	480	
15	0	0	0	0	480	
0	0	0	0	0	480	
1	0	0	0	0	481	
2	0	0	0	0	482	
3	0	0	0	0	483	
4	0	0	0	0	483	
5	0	0	0	0	483	
6	0	0	0	0	484	
7	0	0	0	0	485	
8	0	0	0	0	485	
9	0	0	0	0	486	
10	0	0	0	0	486	
11	0	0	0	0	487	
12	0	0	0	0	487	
13	0	0	0	0	487	
14	0	0	0	0	486	
15	0	0	0	0	486	
0	0	0	0	0	486	
1	0	0	0	0	486	
2	0	0	0	0	487	
3	0	0	0	0	487	
4	0	0	0	0	489	
5	0	0	0	0	489	
6	0	0	0	0	489	
7	0	0	0	0	490	
8	0	0	0	0	490	
9	0	0	0	0	489	
10	0	0	0	0	489	
11	0	0	0	0	489	
12	0	0	0	0	491	
13	0	0	0	0	491	
14	0	0	0	0	491	
15	0	0	0	0	492	
0	0	0	0	0	493	
1	0	0	0	0	493	
2	0	0	0	0	493	
3	0	0	0	0	494	
4	0	0	0	0	494	
5	0	0	0	0	495	
6	0	0	0	0	495	
7	0	0	0	0	495	
8	0	0	0	0	495	
9	0	0	0	0	494	
10	0	0	0	0	494	
11	0	0	0	0	495	
12	0	0	0	0	495	
13	0	0	0	0	495	
14	0	0	0	0	495	
15	0	0	0	0	495	
0	0	0	0	0	495	
1	0	0	0	0	496	
2	0	0	0	0	496	
3	0	0	0	0	496	
4	0	0	0	0	497	
5	0	0	0	0	498	
6	0	0	0	0	498	
7	0	0	0	0	498	
8	0	0	0	0	499	
9	0	0	0	0	499	
10	0	0	0	0	499	
11	0	0	0	0	499	
12	0	0	0	0	499	
13	0	0	0	0	499	
14	0	0	0	0	499	
15	0	0	0	0	499	
0	0	0	0	0	500	
1	0	0	0	0	500	
2	0	0	0	0	500	
3	0	0	0	0	501	
4	0	0	0	0	502	
5	0	0	0	0	502	
6	0	0	0	0	502	
7	0	0	0	0	503	
8	0	0	0	0	503	
9	0	0	0	0	504	
10	0	0	0	0	504	
11	0	0	0	0	504	
12	0	0	0	0	504	
13	0	0	0	0	503	
14	0	0	0	0	503	
15	0	0	0	0	503	
0	0	0	0	0	503	
1	0	0	0	0	503	
2	0	0	0	0	502	
3	0	0	0	0	503	
4	0	0	0	0	502	
5	0	0	0	0	503	
6	0	0	0	0	504	
7	0	0	0	0	504	
8	0	0	0	0	505	
9	0	0	0	0	505	
10	0	0	0	0	505	
11	0	0	0	0	505	
12	0	0	0	0	505	
13	0	0	0	0	504	
14	0	0	0	0	503	
15	0	0	0	0	503	
0	0	0	0	0	503	
1	0	0	0	0	503	
2	0	0	0	0	503	
3	0	0	0	0	503	
4	0	0	0	0	503	
5	0	0	0	0	503	
6	0	0	0	0	503	
7	0	0	0	0	503	
8	0	0	0	0	503	
9	0	0	0	0	503	
10	0	0	0	0	503	
11	0	0	0	0	502	
12	0	0	0	0	503	
13	0	0	0	0	503	
14	0	0	0	0	503	
15	0	0	0	0	503	
0	0	0	0	0	503	
1	0	0	0	0	503	
2	0	0	0	0	502	
3	0	0	0	0	502	
4	0	0	0	0	502	
5	0	0	0	0	502	
6	0	0	0	0	503	
7	0	0	0	0	503	
8	0	0	0	0	503	
9	0	0	0	0	504	
10	0	0	0	0	504	
11	0	0	0	0	504	
12	0	0	0	0	504	
13	0	0	0	0	504	
14	0	0	0	0	504	
15	0	0	0	0	503	
0	0	0	0	0	504	
1	0	0	0	0	503	
2	0	0	0	0	502	
3	0	0	0	0	502	
4	0	0	0	0	502	
5	0	0	0	0	503	
6	0	0	0	0	503	
7	0	0	0	0	503	
8	0	0	0	0	504	
9	0	0	0	0	504	
10	0	0	0	0	505	
11	0	0	0	0	504	
12	0	0	0	0	504	
13	0	0	0	0	504	
14	0	0	0	0	504	
15	0	0	0	0	504	
0	0	0	0	0	505	
1	0	0	0	0	504	
2	0	0	0	0	504	
3	0	0	0	0	505	
4	0	0	0	0	504	
5	0	0	0	0	504	
6	0	0	0	0	505	
7	0	0	0	0	506	
8	0	0	0	0	507	
9	0	0	0	0	507	
10	0	0	0	0	507	
11	0	0	0	0	508	
12	0	0	0	0	508	
13	0	0	0	0	508	
14	0	0	0	0	508	
15	0	0	0	0	508	
0	0	0	0	0	508	
1	0	0	0	0	507	
2	0	0	0	0	507	
3	0	0	0	0	507	
4	0	0	0	0	507	
5	0	0	0	0	507	
6	0	0	0	0	507	
7	0	0	0	0	507	
8	0	0	0	0	507	
9	0	0	0	0	508	
10	0	0	0	0	508	
11	0	0	0	0	508	
12	0	0	0	0	508	
13	0	0	0	0	508	
14	0	0	0	0	508	
15	0	0	0	0	507	
0	0	0	0	0	507	
1	0	0	0	0	507	
2	0	0	0	0	508	
3	0	0	0	0	507	
4	0	0	0	0	507	
5	0	0	0	0	507	
6	0	0	0	0	507	
7	0	0	0	0	508	
8	0	0	0	0	508	
9	0	0	0	0	508	
10	0	0	0	0	508	
11	0	0	0	0	508	
12	0	0	0	0	510	
13	0	0	0	0	510	
14	0	0	0	0	510	
15	0	0	0	0	510	
0	0	0	0	0	510	
1	0	0	0	0	509	
2	0	0	0	0	509	
3	0	0	0	0	508	
4	0	0	0	0	508	
5	0	0	0	0	507	
6	0	0	0	0	508	
7	0	0	0	0	508	
8	0	0	0	0	508	
9	0	0	0	0	508	
10	0	0	0	0	508	
11	0	0	0	0	509	
12	0	0	0	0	509	
13	0	0	0	0	509	
14	0	0	0	0	508	
15	0	0	0	0	509	
0	0	0	0	0	510	
1	0	0	0	0	510	
2	0	0	0	0	509	
3	0	0	0	0	508	
4	0	0	0	0	509	
5	0	0	0	0	509	
6	0	0	0	0	508	
7	0	0	0	0	508	
8	0	0	0	0	509	
9	0	0	0	0	510	
10	0	0	0	0	511	
11	0	0	0	0	511	
12	0	0	0	0	512	
13	0	0	0	0	512	
14	0	0	0	0	512	
15	0	0	0	0	512	
0	0	0	0	0	512	
1	0	0	0	0	512	
2	0	0	0	0	512	
3	0	0	0	0	511	
4	0	0	0	0	511	
5	0	0	0	0	511	
6	0	0	0	0	511	
7	0	0	0	0	510	
8	0	0	0	0	510	
9	0	0	0	0	510	
10	0	0	0	0	509	
11	0	0	0	0	510	
12	0	0	0	0	511	
13	0	0	0	0	510	
14	0	0	0	0	510	
15	0	0	0	0	511	
0	0	0	0	0	511	
1	0	0	0	0	511	
2	0	0	0	0	512	
3	0	0	0	0	511	
4	0	0	0	0	511	
5	0	0	0	0	512	
6	0	0	0	0	512	
7	0	0	0	0	511	
8	0	0	0	0	512	
9	0	0	0	0	511	
10	0	0	0	0	511	
11	0	0	0	0	512	
12	0	0	0	0	512	
13	0	0	0	0	512	
14	0	0	0	0	512	
15	0	0	0	0	512	
0	0	0	0	0	512	
1	0	0	0	0	512	
2	0	0	0	0	512	
3	0	0	0	0	512	
4	0	0	0	0	512	
5	0	0	0	0	512	
6	0	0	0	0	512	
7	0	0	0	0	512	
8	0	0	0	0	511	
9	0	0	0	0	512	
10	0	0	0	0	512	
11	0	0	0	0	513	
12	0	0	0	0	513	
13	0	0	0	0	513	
14	0	0	0	0	514	
15	0	0	0	0	514	
0	0	0	0	0	515	
1	0	0	0	0	515	
2	0	0	0	0	516	
3	0	0	0	0	516	
4	0	0	0	0	516	
5	0	0	0	0	517	
6	0	0	0	0	518	
7	0	0	0	0	518	
8	0	0	0	0	519	
9	0	0	0	0	519	
10	0	0	0	0	520	
11	0	0	0	0	520	
12	0	0	0	0	521	
13	0	0	0	0	523	
14	0	0	0	0	523	
15	0	0	0	0	523	
0	0	0	0	0	523	
1	0	0	0	0	524	
2	0	0	0	0	524	
3	0	0	0	0	525	
4	0	0	0	0	526	
5	0	0	0	0	527	
6	0	0	0	0	528	
7	0	0	0	0	529	
8	0	0	0	0	530	
9	0	0	0	0	531	
10	0	0	0	0	534	
11	0	0	0	0	536	
12	0	0	0	0	539	
13	0	0	0	0	541	
14	0	0	0	0	543	
15	0	0	0	0	547	
0	0	0	0	0	548	
1	0	0	0	0	550	
2	0	0	0	0	550	
3	0	0	0	0	548	
4	0	0	0	0	547	
5	0	0	0	0	545	
6	0	0	0	0	544	
7	0	0	0	0	542	
8	0	0	0	0	542	
9	0	0	0	0	540	
10	0	0	0	0	539	
11	0	0	0	0	537	
12	0	0	0	0	536	
13	0	0	0	0	535	
14	0	0	0	0	533	
15	0	0	0	0	531	
0	0	0	0	0	529	
1	0	0	0	0	527	
2	0	0	0	0	525	
3	0	0	0	0	524	
4	0	0	0	0	523	
5	0	0	0	0	522	
6	0	0	0	0	521	
7	0	0	0	0	520	
8	0	0	0	0	519	
9	0	0	0	0	519	
10	0	0	0	0	517	
11	0	0	0	0	516	
12	0	0	0	0	516	
13	0	0	0	0	516	
14	0	0	0	0	515	
15	0	0	0	0	515	
0	0	0	0	0	514	
1	0	0	0	0	514	
2	0	0	0	0	513	
3	0	0	0	0	512	
4	0	0	0	0	510	
5	0	0	0	0	510	
6	0	0	0	0	509	
7	0	0	0	0	508	
8	0	0	0	0	506	
9	0	0	0	0	504	
10	0	0	0	0	503	
11	0	0	0	0	502	
12	0	0	0	0	502	
13	0	0	0	0	501	
14	0	0	0	0	500	
15	0	0	0	0	501	
0	0	0	0	0	501	
1	0	0	0	0	501	
2	0	0	0	0	500	
3	0	0	0	0	500	
4	0	0	0	0	499	
5	0	0	0	0	499	
6	0	0	0	0	498	
7	0	0	0	0	497	
8	0	0	0	0	497	
9	0	0	0	0	496	
10	0	0	0	0	496	
11	0	0	0	0	495	
12	0	0	0	0	495	
13	0	0	0	0	495	
14	0	0	0	0	495	
15	0	0	0	0	495	
0	0	0	0	0	495	
1	0	0	0	0	494	
2	0	0	0	0	495	
3	0	0	0	0	496	
4	0	0	0	0	496	
5	0	0	0	0	496	
6	0	0	0	0	496	
7	0	0	0	0	496	
8	0	0	0	0	495	
9	0	0	0	0	495	
10	0	0	0	0	495	
11	0	0	0	0	495	
12	0	0	0	0	495	
13	0	0	0	0	496	
14	0	0	0	0	495	
15	0	0	0	0	496	
0	0	0	0	0	496	
1	0	0	0	0	496	
2	0	0	0	0	496	
3	0	0	0	0	496	
4	0	0	0	0	496	
5	0	0	0	0	495	
6	0	0	0	0	494	
7	0	0	0	0	492	
8	0	0	0	0	489	
9	0	0	0	0	487	
10	0	0	0	0	485	
11	0	0	0	0	483	
12	0	0	0	0	482	
13	0	0	0	0	480	
14	0	0	0	0	476	
15	0	0	0	0	473	
0	0	0	0	0	471	
1	0	0	0	0	468	
2	0	0	0	0	466	
3	0	0	0	0	465	
4	0	0	0	0	465	
5	0	0	0	0	463	
6	0	0	0	0	461	
7	0	0	0	0	460	
8	0	0	0	0	458	
9	0	0	0	0	456	
10	0	0	0	0	455	
11	0	0	0	0	456	
12	0	0	0	0	459	
13	0	0	0	0	463	
14	0	0	0	0	473	
15	0	0	0	0	487	
0	0	0	0	0	508	
1	0	0	0	0	534	
2	0	0	0	0	566	
3	0	0	0	0	600	
4	0	0	0	0	640	
5	0	0	0	0	683	
6	0	0	0	0	727	
7	0	0	0	0	771	
8	0	0	0	0	815	
9	0	0	0	0	858	
10	0	0	0	0	894	
11	0	0	0	0	918	
12	0	0	0	0	932	
13	0	0	0	0	932	
14	0	0	0	0	923	
15	0	0	0	0	905	
0	0	0	0	0	881	
1	0	0	0	0	854	
2	0	0	0	0	825	
3	0	0	0	0	797	
4	0	0	0	0	768	
5	0	0	0	0	741	
6	0	0	0	0	717	
7	0	0	0	0	693	
8	0	0	0	0	669	
9	0	0	0	0	645	
10	0	0	0	0	622	
11	0	0	0	0	600	
12	0	0	0	0	580	
13	0	0	0	0	561	
14	0	0	0	0	546	
15	0	0	0	0	534	
0	0	0	0	0	525	
1	0	0	0	0	519	
2	0	0	0	0	513	
3	0	0	0	0	507	
4	0	0	0	0	501	
5	0	0	0	0	496	
6	0	0	0	0	490	
7	0	0	0	0	484	
8	0	0	0	0	479	
9	0	0	0	0	474	
10	0	0	0	0	469	
11	0	0	0	0	464	
12	0	0	0	0	459	
13	0	0	0	0	455	
14	0	0	0	0	452	
15	0	0	0	0	450	
0	0	0	0	0	448	
1	0	0	0	0	445	
2	0	0	0	0	443	
3	0	0	0	0	442	
4	0	0	0	0	441	
5	0	0	0	0	441	
6	0	0	0	0	441	
7	0	0	0	0	440	
8	0	0	0	0	440	
9	0	0	0	0	440	
10	0	0	0	0	440	
11	0	0	0	0	440	
12	0	0	0	0	439	
13	0	0	0	0	439	
14	0	0	0	0	439	
15	0	0	0	0	438	
0	0	0	0	0	438	
1	0	0	0	0	438	
2	0	0	0	0	438	
3	0	0	0	0	439	
4	0	0	0	0	440	
5	0	0	0	0	440	
6	0	0	0	0	441	
7	0	0	0	0	441	
8	0	0	0	0	442	
9	0	0	0	0	443	
10	0	0	0	0	443	
11	0	0	0	0	443	
12	0	0	0	0	443	
13	0	0	0	0	443	
14	0	0	0	0	443	
15	0	0	0	0	443	
0	0	0	0	0	444	
1	0	0	0	0	445	
2	0	0	0	0	446	
3	0	0	0	0	446	
4	0	0	0	0	447	
5	0	0	0	0	448	
6	0	0	0	0	448	
7	0	0	0	0	449	
8	0	0	0	0	449	
9	0	0	0	0	451	
10	0	0	0	0	452	
11	0	0	0	0	453	
12	0	0	0	0	454	
13	0	0	0	0	455	
14	0	0	0	0	455	
15	0	0	0	0	455	
0	0	0	0	0	457	
1	0	0	0	0	458	
2	0	0	0	0	460	
3	0	0	0	0	461	
4	0	0	0	0	461	
5	0	0	0	0	462	
6	0	0	0	0	463	
7	0	0	0	0	464	
8	0	0	0	0	465	
9	0	0	0	0	465	
10	0	0	0	0	466	
11	0	0	0	0	467	
12	0	0	0	0	467	
13	0	0	0	0	467	
14	0	0	0	0	468	
15	0	0	0	0	468	
0	0	0	0	0	469	
1	0	0	0	0	470	
2	0	0	0	0	470	
3	0	0	0	0	471	
4	0	0	0	0	472	
5	0	0	0	0	473	
6	0	0	0	0	474	
7	0	0	0	0	475	
8	0	0	0	0	476	
9	0	0	0	0	476	
10	0	0	0	0	478	
11	0	0	0	0	479	
12	0	0	0	0	480	
13	0	0	0	0	481	
14	0	0	0	0	482	
15	0	0	0	0	483	
0	0	0	0	0	483	
1	0	0	0	0	483	
2	0	0	0	0	483	
3	0	0	0	0	483	
4	0	0	0	0	484	
5	0	0	0	0	485	
6	0	0	0	0	485	
7	0	0	0	0	485	
8	0	0	0	0	486	
9	0	0	0	0	487	
10	0	0	0	0	488	
11	0	0	0	0	489	
12	0	0	0	0	490	
13	0	0	0	0	491	
14	0	0	0	0	491	
15	0	0	0	0	491	
0	0	0	0	0	492	
1	0	0	0	0	492	
2	0	0	0	0	492	
3	0	0	0	0	492	
4	0	0	0	0	492	
5	0	0	0	0	494	
6	0	0	0	0	494	
7	0	0	0	0	494	
8	0	0	0	0	495	
9	0	0	0	0	496	
10	0	0	0	0	497	
11	0	0	0	0	498	
12	0	0	0	0	499	
13	0	0	0	0	499	
14	0	0	0	0	500	
15	0	0	0	0	500	
0	0	0	0	0	501	
1	0	0	0	0	501	
2	0	0	0	0	502	
3	0	0	0	0	503	
4	0	0	0	0	504	
5	0	0	0	0	504	
6	0	0	0	0	505	
7	0	0	0	0	506	
8	0	0	0	0	508	
9	0	0	0	0	508	
10	0	0	0	0	509	
11	0	0	0	0	510	
12	0	0	0	0	511	
13	0	0	0	0	512	
14	0	0	0	0	513	
15	0	0	0	0	513	
0	0	0	0	0	514	
1	0	0	0	0	515	
2	0	0	0	0	516	
3	0	0	0	0	517	
4	0	0	0	0	518	
5	0	0	0	0	518	
6	0	0	0	0	519	
7	0	0	0	0	520	
8	0	0	0	0	520	
9	0	0	0	0	521	
10	0	0	0	0	522	
11	0	0	0	0	523	
12	0	0	0	0	524	
13	0	0	0	0	525	
14	0	0	0	0	525	
15	0	0	0	0	525	
0	0	0	0	0	526	
1	0	0	0	0	526	
2	0	0	0	0	527	
3	0	0	0	0	527	
4	0	0	0	0	528	
5	0	0	0	0	529	
6	0	0	0	0	531	
7	0	0	0	0	531	
8	0	0	0	0	532	
9	0	0	0	0	532	
10	0	0	0	0	533	
11	0	0	0	0	534	
12	0	0	0	0	535	
13	0	0	0	0	535	
14	0	0	0	0	536	
15	0	0	0	0	537	
0	0	0	0	0	537	
1	0	0	0	0	539	
2	0	0	0	0	538	
3	0	0	0	0	539	
4	0	0	0	0	539	
5	0	0	0	0	539	
6	0	0	0	0	538	
7	0	0	0	0	538	
8	0	0	0	0	538	
9	0	0	0	0	538	
10	0	0	0	0	538	
11	0	0	0	0	539	
12	0	0	0	0	539	
13	0	0	0	0	539	
14	0	0	0	0	540	
15	0	0	0	0	541	
0	0	0	0	0	542	
1	0	0	0	0	542	
2	0	0	0	0	542	
3	0	0	0	0	543	
4	0	0	0	0	543	
5	0	0	0	0	542	
6	0	0	0	0	541	
7	0	0	0	0	540	
8	0	0	0	0	540	
9	0	0	0	0	539	
10	0	0	0	0	540	
11	0	0	0	0	540	
12	0	0	0	0	540	
13	0	0	0	0	540	
14	0	0	0	0	540	
15	0	0	0	0	540	
0	0	0	0	0	540	
1	0	0	0	0	540	
2	0	0	0	0	540	
3	0	0	0	0	540	
4	0	0	0	0	539	
5	0	0	0	0	539	
6	0	0	0	0	538	
7	0	0	0	0	537	
8	0	0	0	0	537	
9	0	0	0	0	536	
10	0	0	0	0	535	
11	0	0	0	0	534	
12	0	0	0	0	534	
13	0	0	0	0	534	
14	0	0	0	0	533	
15	0	0	0	0	532	
0	0	0	0	0	531	
1	0	0	0	0	530	
2	0	0	0	0	528	
3	0	0	0	0	526	
4	0	0	0	0	525	
5	0	0	0	0	523	
6	0	0	0	0	521	
7	0	0	0	0	519	
8	0	0	0	0	519	
9	0	0	0	0	517	
10	0	0	0	0	515	
11	0	0	0	0	514	
12	0	0	0	0	513	
13	0	0	0	0	511	
14	0	0	0	0	509	
15	0	0	0	0	508	
0	0	0	0	0	507	
1	0	0	0	0	505	
2	0	0	0	0	504	
3	0	0	0	0	502	
4	0	0	0	0	500	
5	0	0	0	0	498	
6	0	0	0	0	496	
7	0	0	0	0	494	
8	0	0	0	0	492	
9	0	0	0	0	490	
10	0	0	0	0	489	
11	0	0	0	0	487	
12	0	0	0	0	486	
13	0	0	0	0	485	
14	0	0	0	0	484	
15	0	0	0	0	483	
0	0	0	0	0	481	
1	0	0	0	0	480	
2	0	0	0	0	480	
3	0	0	0	0	479	
4	0	0	0	0	478	
5	0	0	0	0	476	
6	0	0	0	0	476	
7	0	0	0	0	474	
8	0	0	0	0	473	
9	0	0	0	0	473	
10	0	0	0	0	472	
11	0	0	0	0	471	
12	0	0	0	0	471	
13	0	0	0	0	471	
14	0	0	0	0	470	
15	0	0	0	0	470	
0	0	0	0	0	470	
1	0	0	0	0	470	
2	0	0	0	0	470	
3	0	0	0	0	470	
4	0	0	0	0	470	
5	0	0	0	0	470	
6	0	0	0	0	470	
7	0	0	0	0	470	
8	0	0	0	0	470	
9	0	0	0	0	470	
10	0	0	0	0	469	
11	0	0	0	0	469	
12	0	0	0	0	468	
13	0	0	0	0	468	
14	0	0	0	0	468	
15	0	0	0	0	469	
0	0	0	0	0	469	
1	0	0	0	0	470	
2	0	0	0	0	471	
3	0	0	0	0	470	
4	0	0	0	0	470	
5	0	0	0	0	470	
6	0	0	0	0	470	
7	0	0	0	0	470	
8	0	0	0	0	470	
9	0	0	0	0	470	
10	0	0	0	0	471	
11	0	0	0	0	470	
12	0	0	0	0	471	
13	0	0	0	0	471	
14	0	0	0	0	471	
15	0	0	0	0	471	
0	0	0	0	0	472	
1	0	0	0	0	473	
2	0	0	0	0	474	
3	0	0	0	0	474	
4	0	0	0	0	475	
5	0	0	0	0	476	
6	0	0	0	0	477	
7	0	0	0	0	478	
8	0	0	0	0	478	
9	0	0	0	0	478	
10	0	0	0	0	478	
11	0	0	0	0	478	
12	0	0	0	0	479	
13	0	0	0	0	480	
14	0	0	0	0	480	
15	0	0	0	0	480	
0	0	0	0	0	481	
1	0	0	0	0	482	
2	0	0	0	0	483	
3	0	0	0	0	483	
4	0	0	0	0	484	
5	0	0	0	0	484	
6	0	0	0	0	484	
7	0	0	0	0	485	
8	0	0	0	0	485	
9	0	0	0	0	485	
10	0	0	0	0	486	
11	0	0	0	0	486	
12	0	0	0	0	486	
13	0	0	0	0	486	
14	0	0	0	0	486	
15	0	0	0	0	487	
0	0	0	0	0	487	
1	0	0	0	0	487	
2	0	0	0	0	487	
3	0	0	0	0	488	
4	0	0	0	0	488	
5	0	0	0	0	489	
6	0	0	0	0	490	
7	0	0	0	0	490	
8	0	0	0	0	490	
9	0	0	0	0	490	
10	0	0	0	0	490	
11	0	0	0	0	491	
12	0	0	0	0	490	
13	0	0	0	0	490	
14	0	0	0	0	491	
15	0	0	0	0	492	
0	0	0	0	0	492	
1	0	0	0	0	492	
2	0	0	0	0	493	
3	0	0	0	0	493	
4	0	0	0	0	493	
5	0	0	0	0	494	
6	0	0	0	0	494	
7	0	0	0	0	494	
8	0	0	0	0	495	
9	0	0	0	0	495	
10	0	0	0	0	496	
11	0	0	0	0	496	
12	0	0	0	0	496	
13	0	0	0	0	496	
14	0	0	0	0	496	
15	0	0	0	0	496	
0	0	0	0	0	496	
1	0	0	0	0	496	
2	0	0	0	0	496	
3	0	0	0	0	496	
4	0	0	0	0	496	
5	0	0	0	0	496	
6	0	0	0	0	496	
7	0	0	0	0	497	
8	0	0	0	0	498	
9	0	0	0	0	497	
10	0	0	0	0	497	
11	0	0	0	0	497	
12	0	0	0	0	498	
13	0	0	0	0	498	
14	0	0	0	0	497	
15	0	0	0	0	497	
0	0	0	0	0	497	
1	0	0	0	0	497	
2	0	0	0	0	497	
3	0	0	0	0	498	
4	0	0	0	0	499	
5	0	0	0	0	499	
6	0	0	0	0	500	
7	0	0	0	0	501	
8	0	0	0	0	502	
9	0	0	0	0	502	
10	0	0	0	0	501	
11	0	0	0	0	501	
12	0	0	0	0	501	
13	0	0	0	0	501	
14	0	0	0	0	501	
15	0	0	0	0	501	
0	0	0	0	0	502	
1	0	0	0	0	503	
2	0	0	0	0	503	
3	0	0	0	0	502	
4	0	0	0	0	502	
5	0	0	0	0	503	
6	0	0	0	0	503	
7	0	0	0	0	503	
8	0	0	0	0	504	
9	0	0	0	0	503	
10	0	0	0	0	503	
11	0	0	0	0	502	
12	0	0	0	0	502	
13	0	0	0	0	502	
14	0	0	0	0	501	
15	0	0	0	0	502	
0	0	0	0	0	501	
1	0	0	0	0	501	
2	0	0	0	0	500	
3	0	0	0	0	500	
4	0	0	0	0	501	
5	0	0	0	0	501	
6	0	0	0	0	502	
7	0	0	0	0	501	
8	0	0	0	0	502	
9	0	0	0	0	502	
10	0	0	0	0	502	
11	0	0	0	0	502	
12	0	0	0	0	501	
13	0	0	0	0	500	
14	0	0	0	0	500	
15	0	0	0	0	501	
0	0	0	0	0	502	
1	0	0	0	0	501	
2	0	0	0	0	500	
3	0	0	0	0	501	
4	0	0	0	0	502	
5	0	0	0	0	503	
6	0	0	0	0	503	
7	0	0	0	0	502	
8	0	0	0	0	502	
9	0	0	0	0	503	
10	0	0	0	0	503	
11	0	0	0	0	503	
12	0	0	0	0	503	
13	0	0	0	0	504	
14	0	0	0	0	504	
15	0	0	0	0	504	
0	0	0	0	0	503	
1	0	0	0	0	503	
2	0	0	0	0	503	
3	0	0	0	0	503	
4	0	0	0	0	504	
5	0	0	0	0	504	
6	0	0	0	0	503	
7	0	0	0	0	503	
8	0	0	0	0	504	
9	0	0	0	0	504	
10	0	0	0	0	504	
11	0	0	0	0	504	
12	0	0	0	0	505	
13	0	0	0	0	505	
14	0	0	0	0	504	
15	0	0	0	0	504	
0	0	0	0	0	504	
1	0	0	0	0	504	
2	0	0	0	0	504	
3	0	0	0	0	504	
4	0	0	0	0	504	
5	0	0	0	0	504	
6	0	0	0	0	504	
7	0	0	0	0	504	
8	0	0	0	0	505	
9	0	0	0	0	505	
10	0	0	0	0	505	
11	0	0	0	0	506	
12	0	0	0	0	506	
13	0	0	0	0	506	
14	0	0	0	0	506	
15	0	0	0	0	506	
0	0	0	0	0	505	
1	0	0	0	0	504	
2	0	0	0	0	504	
3	0	0	0	0	504	
4	0	0	0	0	504	
5	0	0	0	0	504	
6	0	0	0	0	504	
7	0	0	0	0	505	
8	0	0	0	0	506	
9	0	0	0	0	506	
10	0	0	0	0	506	
11	0	0	0	0	506	
12	0	0	0	0	505	
13	0	0	0	0	505	
14	0	0	0	0	505	
15	0	0	0	0	505	
0	0	0	0	0	505	
1	0	0	0	0	505	
2	0	0	0	0	504	
3	0	0	0	0	504	
4	0	0	0	0	504	
5	0	0	0	0	504	
6	0	0	0	0	504	
7	0	0	0	0	505	
8	0	0	0	0	505	
9	0	0	0	0	505	
10	0	0	0	0	505	
11	0	0	0	0	506	
12	0	0	0	0	507	
13	0	0	0	0	507	
14	0	0	0	0	507	
15	0	0	0	0	507	
0	0	0	0	0	507	
1	0	0	0	0	507	
2	0	0	0	0	507	
3	0	0	0	0	507	
4	0	0	0	0	506	
5	0	0	0	0	505	
6	0	0	0	0	506	
7	0	0	0	0	506	
8	0	0	0	0	507	
9	0	0	0	0	507	
10	0	0	0	0	508	
11	0	0	0	0	508	
12	0	0	0	0	509	
13	0	0	0	0	510	
14	0	0	0	0	510	
15	0	0	0	0	511	
0	0	0	0	0	511	
1	0	0	0	0	511	
2	0	0	0	0	510	
3	0	0	0	0	510	
4	0	0	0	0	510	
5	0	0	0	0	509	
6	0	0	0	0	509	
7	0	0	0	0	509	
8	0	0	0	0	510	
9	0	0	0	0	510	
10	0	0	0	0	510	
11	0	0	0	0	510	
12	0	0	0	0	510	
13	0	0	0	0	511	
14	0	0	0	0	511	
15	0	0	0	0	511	
0	0	0	0	0	511	
1	0	0	0	0	511	
2	0	0	0	0	511	
3	0	0	0	0	510	
4	0	0	0	0	510	
5	0	0	0	0	511	
6	0	0	0	0	511	
7	0	0	0	0	511	
8	0	0	0	0	511	
9	0	0	0	0	511	
10	0	0	0	0	512	
11	0	0	0	0	512	
12	0	0	0	0	513	
13	0	0	0	0	514	
14	0	0	0	0	515	
15	0	0	0	0	515	
0	0	0	0	0	515	
1	0	0	0	0	514	
2	0	0	0	0	514	
3	0	0	0	0	514	
4	0	0	0	0	513	
5	0	0	0	0	513	
6	0	0	0	0	513	
7	0	0	0	0	513	
8	0	0	0	0	513	
9	0	0	0	0	513	
10	0	0	0	0	513	
11	0	0	0	0	513	
12	0	0	0	0	513	
13	0	0	0	0	513	
14	0	0	0	0	513	
15	0	0	0	0	514	
0	0	0	0	0	514	
1	0	0	0	0	515	
2	0	0	0	0	514	
3	0	0	0	0	514	
4	0	0	0	0	514	
5	0	0	0	0	514	
6	0	0	0	0	514	
7	0	0	0	0	513	
8	0	0	0	0	513	
9	0	0	0	0	513	
10	0	0	0	0	513	
11	0	0	0	0	514	
12	0	0	0	0	514	
13	0	0	0	0	514	
14	0	0	0	0	515	
15	0	0	0	0	515	
0	0	0	0	0	516	
1	0	0	0	0	515	
2	0	0	0	0	515	
3	0	0	0	0	515	
4	0	0	0	0	515	
5	0	0	0	0	515	
6	0	0	0	0	515	
7	0	0	0	0	514	
8	0	0	0	0	514	
9	0	0	0	0	514	
10	0	0	0	0	513	
11	0	0	0	0	513	
12	0	0	0	0	513	
13	0	0	0	0	514	
14	0	0	0	0	514	
15	0	0	0	0	515	
0	0	0	0	0	515	
1	0	0	0	0	516	
2	0	0	0	0	516	
3	0	0	0	0	516	
4	0	0	0	0	515	
5	0	0	0	0	515	
6	0	0	0	0	515	
7	0	0	0	0	514	
8	0	0	0	0	515	
9	0	0	0	0	515	
10	0	0	0	0	515	
11	0	0	0	0	515	
12	0	0	0	0	515	
13	0	0	0	0	516	
14	0	0	0	0	517	
15	0	0	0	0	517	
0	0	0	0	0	518	
1	0	0	0	0	518	
2	0	0	0	0	518	
3	0	0	0	0	518	
4	0	0	0	0	519	
5	0	0	0	0	519	
6	0	0	0	0	519	
7	0	0	0	0	519	
8	0	0	0	0	520	
9	0	0	0	0	520	
10	0	0	0	0	521	
11	0	0	0	0	523	
12	0	0	0	0	524	
13	0	0	0	0	525	
14	0	0	0	0	526	
15	0	0	0	0	527	
0	0	0	0	0	527	
1	0	0	0	0	527	
2	0	0	0	0	527	
3	0	0	0	0	527	
4	0	0	0	0	527	
5	0	0	0	0	528	
6	0	0	0	0	528	
7	0	0	0	0	528	
8	0	0	0	0	529	
9	0	0	0	0	530	
10	0	0	0	0	531	
11	0	0	0	0	533	
12	0	0	0	0	534	
13	0	0	0	0	537	
14	0	0	0	0	540	
15	0	0	0	0	544	
0	0	0	0	0	546	
1	0	0	0	0	548	
2	0	0	0	0	550	
3	0	0	0	0	551	
4	0	0	0	0	551	
5	0	0	0	0	550	
6	0	0	0	0	548	
7	0	0	0	0	545	
8	0	0	0	0	543	
9	0	0	0	0	542	
10	0	0	0	0	540	
11	0	0	0	0	538	
12	0	0	0	0	536	
13	0	0	0	0	536	
14	0	0	0	0	535	
15	0	0	0	0	533	
0	0	0	0	0	532	
1	0	0	0	0	530	
2	0	0	0	0	527	
3	0	0	0	0	526	
4	0	0	0	0	524	
5	0	0	0	0	523	
6	0	0	0	0	521	
7	0	0	0	0	520	
8	0	0	0	0	519	
9	0	0	0	0	518	
10	0	0	0	0	517	
11	0	0	0	0	516	
12	0	0	0	0	515	
13	0	0	0	0	515	
14	0	0	0	0	515	
15	0	0	0	0	515	
0	0	0	0	0	516	
1	0	0	0	0	515	
2	0	0	0	0	515	
3	0	0	0	0	515	
4	0	0	0	0	514	
5	0	0	0	0	513	
6	0	0	0	0	511	
7	0	0	0	0	510	
8	0	0	0	0	509	
9	0	0	0	0	507	
10	0	0	0	0	505	
11	0	0	0	0	504	
12	0	0	0	0	503	
13	0	0	0	0	502	
14	0	0	0	0	502	
15	0	0	0	0	503	
0	0	0	0	0	502	
1	0	0	0	0	502	
2	0	0	0	0	503	
3	0	0	0	0	503	
4	0	0	0	0	503	
5	0	0	0	0	503	
6	0	0	0	0	502	
7	0	0	0	0	500	
8	0	0	0	0	499	
9	0	0	0	0	498	
10	0	0	0	0	497	
11	0	0	0	0	496	
12	0	0	0	0	496	
13	0	0	0	0	495	
14	0	0	0	0	495	
15	0	0	0	0	494	
0	0	0	0	0	495	
1	0	0	0	0	495	
2	0	0	0	0	496	
3	0	0	0	0	496	
4	0	0	0	0	496	
5	0	0	0	0	496	
6	0	0	0	0	496	
7	0	0	0	0	496	
8	0	0	0	0	496	
9	0	0	0	0	496	
10	0	0	0	0	496	
11	0	0	0	0	496	
12	0	0	0	0	496	
13	0	0	0	0	496	
14	0	0	0	0	496	
15	0	0	0	0	497	
0	0	0	0	0	497	
1	0	0	0	0	498	
2	0	0	0	0	499	
3	0	0	0	0	498	
4	0	0	0	0	499	
5	0	0	0	0	499	
6	0	0	0	0	499	
7	0	0	0	0	499	
8	0	0	0	0	496	
9	0	0	0	0	495	
10	0	0	0	0	492	
11	0	0	0	0	490	
12	0	0	0	0	488	
13	0	0	0	0	486	
14	0	0	0	0	484	
15	0	0	0	0	482	
0	0	0	0	0	479	
1	0	0	0	0	475	
2	0	0	0	0	473	
3	0	0	0	0	471	
4	0	0	0	0	468	
5	0	0	0	0	467	
6	0	0	0	0	467	
7	0	0	0	0	464	
8	0	0	0	0	462	
9	0	0	0	0	459	
10	0	0	0	0	456	
11	0	0	0	0	454	
12	0	0	0	0	452	
13	0	0	0	0	454	
14	0	0	0	0	455	
15	0	0	0	0	461	
0	0	0	0	0	471	
1	0	0	0	0	486	
2	0	0	0	0	508	
3	0	0	0	0	534	
4	0	0	0	0	566	
5	0	0	0	0	602	
6	0	0	0	0	644	
7	0	0	0	0	689	
8	0	0	0	0	734	
9	0	0	0	0	780	
10	0	0	0	0	827	
11	0	0	0	0	872	
12	0	0	0	0	909	
13	0	0	0	0	937	
14	0	0	0	0	952	
15	0	0	0	0	955	
0	0	0	0	0	945	
1	0	0	0	0	928	
2	0	0	0	0	904	
3	0	0	0	0	876	
4	0	0	0	0	848	
5	0	0	0	0	816	
6	0	0	0	0	786	
7	0	0	0	0	760	
8	0	0	0	0	735	
9	0	0	0	0	708	
10	0	0	0	0	683	
11	0	0	0	0	657	
12	0	0	0	0	631	
13	0	0	0	0	607	
14	0	0	0	0	585	
15	0	0	0	0	567	
0	0	0	0	0	552	
1	0	0	0	0	541	
2	0	0	0	0	531	
3	0	0	0	0	524	
4	0	0	0	0	518	
5	0	0	0	0	513	
6	0	0	0	0	508	
7	0	0	0	0	502	
8	0	0	0	0	496	
9	0	0	0	0	491	
10	0	0	0	0	486	
11	0	0	0	0	479	
12	0	0	0	0	474	
13	0	0	0	0	468	
14	0	0	0	0	465	
15	0	0	0	0	462	
0	0	0	0	0	459	
1	0	0	0	0	457	
2	0	0	0	0	455	
3	0	0	0	0	452	
4	0	0	0	0	451	
5	0	0	0	0	451	
6	0	0	0	0	450	
7	0	0	0	0	448	
8	0	0	0	0	447	
9	0	0	0	0	447	
10	0	0	0	0	446	
11	0	0	0	0	446	
12	0	0	0	0	446	
13	0	0	0	0	445	
14	0	0	0	0	445	
15	0	0	0	0	444	
0	0	0	0	0	445	
1	0	0	0	0	444	
2	0	0	0	0	443	
3	0	0	0	0	443	
4	0	0	0	0	443	
5	0	0	0	0	443	
6	0	0	0	0	443	
7	0	0	0	0	443	
8	0	0	0	0	444	
9	0	0	0	0	444	
10	0	0	0	0	445	
11	0	0	0	0	446	
12	0	0	0	0	446	
13	0	0	0	0	446	
14	0	0	0	0	447	
15	0	0	0	0	447	
0	0	0	0	0	448	
1	0	0	0	0	448	
2	0	0	0	0	449	
3	0	0	0	0	450	
4	0	0	0	0	451	
5	0	0	0	0	452	
6	0	0	0	0	452	
7	0	0	0	0	454	
8	0	0	0	0	454	
9	0	0	0	0	455	
10	0	0	0	0	455	
11	0	0	0	0	456	
12	0	0	0	0	457	
13	0	0	0	0	457	
14	0	0	0	0	458	
15	0	0	0	0	460	
0	0	0	0	0	460	
1	0	0	0	0	460	
2	0	0	0	0	461	
3	0	0	0	0	462	
4	0	0	0	0	463	
5	0	0	0	0	464	
6	0	0	0	0	465	
7	0	0	0	0	466	
8	0	0	0	0	467	
9	0	0	0	0	468	
10	0	0	0	0	468	
11	0	0	0	0	469	
12	0	0	0	0	470	
13	0	0	0	0	470	
14	0	0	0	0	471	
15	0	0	0	0	470	
0	0	0	0	0	471	
1	0	0	0	0	472	
2	0	0	0	0	472	
3	0	0	0	0	472	
4	0	0	0	0	473	
5	0	0	0	0	473	
6	0	0	0	0	474	
7	0	0	0	0	475	
8	0	0	0	0	477	
9	0	0	0	0	478	
10	0	0	0	0	479	
11	0	0	0	0	480	
12	0	0	0	0	480	
13	0	0	0	0	481	
14	0	0	0	0	481	
15	0	0	0	0	482	
0	0	0	0	0	482	
1	0	0	0	0	483	
2	0	0	0	0	482	
3	0	0	0	0	483	
4	0	0	0	0	484	
5	0	0	0	0	486	
6	0	0	0	0	486	
7	0	0	0	0	487	
8	0	0	0	0	488	
9	0	0	0	0	489	
10	0	0	0	0	490	
11	0	0	0	0	491	
12	0	0	0	0	492	
13	0	0	0	0	493	
14	0	0	0	0	494	
15	0	0	0	0	494	
0	0	0	0	0	495	
1	0	0	0	0	495	
2	0	0	0	0	495	
3	0	0	0	0	496	
4	0	0	0	0	496	
5	0	0	0	0	496	
6	0	0	0	0	496	
7	0	0	0	0	497	
8	0	0	0	0	498	
9	0	0	0	0	499	
10	0	0	0	0	500	
11	0	0	0	0	501	
12	0	0	0	0	502	
13	0	0	0	0	504	
14	0	0	0	0	504	
15	0	0	0	0	504	
0	0	0	0	0	504	
1	0	0	0	0	505	
2	0	0	0	0	505	
3	0	0	0	0	506	
4	0	0	0	0	507	
5	0	0	0	0	507	
6	0	0	0	0	507	
7	0	0	0	0	508	
8	0	0	0	0	508	
9	0	0	0	0	509	
10	0	0	0	0	510	
11	0	0	0	0	511	
12	0	0	0	0	512	
13	0	0	0	0	512	
14	0	0	0	0	513	
15	0	0	0	0	514	
0	0	0	0	0	515	
1	0	0	0	0	516	
2	0	0	0	0	516	
3	0	0	0	0	516	
4	0	0	0	0	516	
5	0	0	0	0	517	
6	0	0	0	0	518	
7	0	0	0	0	519	
8	0	0	0	0	519	
9	0	0	0	0	519	
10	0	0	0	0	519	
11	0	0	0	0	521	
12	0	0	0	0	522	
13	0	0	0	0	523	
14	0	0	0	0	524	
15	0	0	0	0	524	
0	0	0	0	0	524	
1	0	0	0	0	525	
2	0	0	0	0	526	
3	0	0	0	0	526	
4	0	0	0	0	526	
5	0	0	0	0	527	
6	0	0	0	0	528	
7	0	0	0	0	528	
8	0	0	0	0	529	
9	0	0	0	0	530	
10	0	0	0	0	531	
11	0	0	0	0	531	
12	0	0	0	0	532	
13	0	0	0	0	534	
14	0	0	0	0	535	
15	0	0	0	0	536	
0	0	0	0	0	537	
1	0	0	0	0	537	
2	0	0	0	0	537	
3	0	0	0	0	537	
4	0	0	0	0	537	
5	0	0	0	0	537	
6	0	0	0	0	538	
7	0	0	0	0	538	
8	0	0	0	0	539	
9	0	0	0	0	539	
10	0	0	0	0	539	
11	0	0	0	0	539	
12	0	0	0	0	540	
13	0	0	0	0	540	
14	0	0	0	0	540	
15	0	0	0	0	542	
0	0	0	0	0	542	
1	0	0	0	0	543	
2	0	0	0	0	543	
3	0	0	0	0	543	
4	0	0	0	0	543	
5	0	0	0	0	543	
6	0	0	0	0	543	
7	0	0	0	0	543	
8	0	0	0	0	543	
9	0	0	0	0	543	
10	0	0	0	0	543	
11	0	0	0	0	543	
12	0	0	0	0	542	
13	0	0	0	0	542	
14	0	0	0	0	543	
15	0	0	0	0	543	
0	0	0	0	0	543	
1	0	0	0	0	543	
2	0	0	0	0	543	
3	0	0	0	0	543	
4	0	0	0	0	542	
5	0	0	0	0	542	
6	0	0	0	0	540	
7	0	0	0	0	540	
8	0	0	0	0	539	
9	0	0	0	0	539	
10	0	0	0	0	538	
11	0	0	0	0	538	
12	0	0	0	0	538	
13	0	0	0	0	538	
14	0	0	0	0	539	
15	0	0	0	0	538	
0	0	0	0	0	537	
1	0	0	0	0	536	
2	0	0	0	0	535	
3	0	0	0	0	534	
4	0	0	0	0	533	
5	0	0	0	0	531	
6	0	0	0	0	531	
7	0	0	0	0	530	
8	0	0	0	0	528	
9	0	0	0	0	526	
10	0	0	0	0	524	
11	0	0	0	0	522	
12	0	0	0	0	519	
13	0	0	0	0	517	
14	0	0	0	0	515	
15	0	0	0	0	513	
0	0	0	0	0	512	
1	0	0	0	0	510	
2	0	0	0	0	508	
3	0	0	0	0	505	
4	0	0	0	0	503	
5	0	0	0	0	501	
6	0	0	0	0	499	
7	0	0	0	0	497	
8	0	0	0	0	495	
9	0	0	0	0	492	
10	0	0	0	0	491	
11	0	0	0	0	489	
12	0	0	0	0	487	
13	0	0	0	0	485	
14	0	0	0	0	483	
15	0	0	0	0	483	
0	0	0	0	0	482	
1	0	0	0	0	480	
2	0	0	0	0	480	
3	0	0	0	0	478	
4	0	0	0	0	477	
5	0	0	0	0	475	
6	0	0	0	0	473	
7	0	0	0	0	472	
8	0	0	0	0	471	
9	0	0	0	0	470	
10	0	0	0	0	469	
11	0	0	0	0	468	
12	0	0	0	0	468	
13	0	0	0	0	467	
14	0	0	0	0	467	
15	0	0	0	0	467	
0	0	0	0	0	467	
1	0	0	0	0	467	
2	0	0	0	0	467	
3	0	0	0	0	467	
4	0	0	0	0	466	
5	0	0	0	0	465	
6	0	0	0	0	465	
7	0	0	0	0	463	
8	0	0	0	0	463	
9	0	0	0	0	463	
10	0	0	0	0	462	
11	0	0	0	0	462	
12	0	0	0	0	463	
13	0	0	0	0	463	
14	0	0	0	0	462	
15	0	0	0	0	463	
0	0	0	0	0	463	
1	0	0	0	0	463	
2	0	0	0	0	464	
3	0	0	0	0	464	
4	0	0	0	0	465	
5	0	0	0	0	465	
6	0	0	0	0	466	
7	0	0	0	0	466	
8	0	0	0	0	465	
9	0	0	0	0	466	
10	0	0	0	0	467	
11	0	0	0	0	467	
12	0	0	0	0	468	
13	0	0	0	0	468	
14	0	0	0	0	468	
15	0	0	0	0	468	
0	0	0	0	0	468	
1	0	0	0	0	469	
2	0	0	0	0	469	
3	0	0	0	0	470	
4	0	0	0	0	470	
5	0	0	0	0	471	
6	0	0	0	0	471	
7	0	0	0	0	471	
8	0	0	0	0	471	
9	0	0	0	0	471	
10	0	0	0	0	471	
11	0	0	0	0	471	
12	0	0	0	0	472	
13	0	0	0	0	472	
14	0	0	0	0	472	
15	0	0	0	0	473	
0	0	0	0	0	474	
1	0	0	0	0	475	
2	0	0	0	0	475	
3	0	0	0	0	476	
4	0	0	0	0	477	
5	0	0	0	0	478	
6	0	0	0	0	479	
7	0	0	0	0	480	
8	0	0	0	0	480	
9	0	0	0	0	480	
10	0	0	0	0	481	
11	0	0	0	0	480	
12	0	0	0	0	481	
13	0	0	0	0	481	
14	0	0	0	0	481	
15	0	0	0	0	482	
0	0	0	0	0	482	
1	0	0	0	0	483	
2	0	0	0	0	483	
3	0	0	0	0	483	
4	0	0	0	0	484	
5	0	0	0	0	484	
6	0	0	0	0	485	
7	0	0	0	0	485	
8	0	0	0	0	486	
9	0	0	0	0	486	
10	0	0	0	0	487	
11	0	0	0	0	487	
12	0	0	0	0	487	
13	0	0	0	0	487	
14	0	0	0	0	487	
15	0	0	0	0	487	
0	0	0	0	0	487	
1	0	0	0	0	488	
2	0	0	0	0	489	
3	0	0	0	0	490	
4	0	0	0	0	491	
5	0	0	0	0	492	
6	0	0	0	0	492	
7	0	0	0	0	492	
8	0	0	0	0	492	
9	0	0	0	0	492	
10	0	0	0	0	492	
11	0	0	0	0	492	
12	0	0	0	0	492	
13	0	0	0	0	492	
14	0	0	0	0	493	
15	0	0	0	0	493	
0	0	0	0	0	494	
1	0	0	0	0	494	
2	0	0	0	0	494	
3	0	0	0	0	495	
4	0	0	0	0	496	
5	0	0	0	0	496	
6	0	0	0	0	497	
7	0	0	0	0	498	
8	0	0	0	0	497	
9	0	0	0	0	497	
10	0	0	0	0	498	
11	0	0	0	0	497	
12	0	0	0	0	497	
13	0	0	0	0	497	
14	0	0	0	0	497	
15	0	0	0	0	496	
0	0	0	0	0	496	
1	0	0	0	0	496	
2	0	0	0	0	496	
3	0	0	0	0	497	
4	0	0	0	0	498	
5	0	0	0	0	499	
6	0	0	0	0	500	
7	0	0	0	0	500	
8	0	0	0	0	501	
9	0	0	0	0	500	
10	0	0	0	0	500	
11	0	0	0	0	500	
12	0	0	0	0	500	
13	0	0	0	0	500	
14	0	0	0	0	500	
15	0	0	0	0	500	
0	0	0	0	0	500	
1	0	0	0	0	500	
2	0	0	0	0	500	
3	0	0	0	0	501	
4	0	0	0	0	501	
5	0	0	0	0	502	
6	0	0	0	0	502	
7	0	0	0	0	502	
8	0	0	0	0	503	
9	0	0	0	0	503	
10	0	0	0	0	503	
11	0	0	0	0	504	
12	0	0	0	0	504	
13	0	0	0	0	503	
14	0	0	0	0	502	
15	0	0	0	0	503	
0	0	0	0	0	502	
1	0	0	0	0	502	
2	0	0	0	0	502	
3	0	0	0	0	502	
4	0	0	0	0	503	
5	0	0	0	0	503	
6	0	0	0	0	503	
7	0	0	0	0	502	
8	0	0	0	0	503	
9	0	0	0	0	503	
10	0	0	0	0	503	
11	0	0	0	0	503	
12	0	0	0	0	503	
13	0	0	0	0	503	
14	0	0	0	0	503	
15	0	0	0	0	504	
0	0	0	0	0	504	
1	0	0	0	0	504	
2	0	0	0	0	504	
3	0	0	0	0	504	
4	0	0	0	0	504	
5	0	0	0	0	504	
6	0	0	0	0	504	
7	0	0	0	0	504	
8	0	0	0	0	504	
9	0	0	0	0	504	
10	0	0	0	0	504	
11	0	0	0	0	504	
12	0	0	0	0	504	
13	0	0	0	0	504	
14	0	0	0	0	504	
15	0	0	0	0	504	
0	0	0	0	0	504	
1	0	0	0	0	503	
2	0	0	0	0	504	
3	0	0	0	0	504	
4	0	0	0	0	504	
5	0	0	0	0	504	
6	0	0	0	0	505	
7	0	0	0	0	505	
8	0	0	0	0	505	
9	0	0	0	0	505	
10	0	0	0	0	507	
11	0	0	0	0	507	
12	0	0	0	0	507	
13	0	0	0	0	507	
14	0	0	0	0	507	
15	0	0	0	0	507	
0	0	0	0	0	507	
1	0	0	0	0	506	
2	0	0	0	0	505	
3	0	0	0	0	505	
4	0	0	0	0	506	
5	0	0	0	0	506	
6	0	0	0	0	507	
7	0	0	0	0	507	
8	0	0	0	0	507	
9	0	0	0	0	507	
10	0	0	0	0	507	
11	0	0	0	0	507	
12	0	0	0	0	507	
13	0	0	0	0	507	
14	0	0	0	0	507	
15	0	0	0	0	507	
0	0	0	0	0	508	
1	0	0	0	0	508	
2	0	0	0	0	508	
3	0	0	0	0	508	
4	0	0	0	0	507	
5	0	0	0	0	507	
6	0	0	0	0	507	
7	0	0	0	0	508	
8	0	0	0	0	508	
9	0	0	0	0	508	
10	0	0	0	0	509	
11	0	0	0	0	509	
12	0	0	0	0	509	
13	0	0	0	0	508	
14	0	0	0	0	508	
15	0	0	0	0	508	
0	0	0	0	0	508	
1	0	0	0	0	509	
2	0	0	0	0	510	
3	0	0	0	0	508	
4	0	0	0	0	508	
5	0	0	0	0	508	
6	0	0	0	0	508	
7	0	0	0	0	508	
8	0	0	0	0	509	
9	0	0	0	0	510	
10	0	0	0	0	510	
11	0	0	0	0	510	
12	0	0	0	0	510	
13	0	0	0	0	511	
14	0	0	0	0	511	
15	0	0	0	0	510	
0	0	0	0	0	510	
1	0	0	0	0	510	
2	0	0	0	0	510	
3	0	0	0	0	509	
4	0	0	0	0	509	
5	0	0	0	0	509	
6	0	0	0	0	509	
7	0	0	0	0	509	
8	0	0	0	0	510	
9	0	0	0	0	510	
10	0	0	0	0	510	
11	0	0	0	0	511	
12	0	0	0	0	511	
13	0	0	0	0	511	
14	0	0	0	0	511	
15	0	0	0	0	511	
0	0	0	0	0	511	
1	0	0	0	0	511	
2	0	0	0	0	510	
3	0	0	0	0	510	
4	0	0	0	0	510	
5	0	0	0	0	509	
6	0	0	0	0	509	
7	0	0	0	0	510	
8	0	0	0	0	511	
9	0	0	0	0	511	
10	0	0	0	0	511	
11	0	0	0	0	511	
12	0	0	0	0	511	
13	0	0	0	0	512	
14	0	0	0	0	512	
15	0	0	0	0	511	
0	0	0	0	0	512	
1	0	0	0	0	512	
2	0	0	0	0	511	
3	0	0	0	0	511	
4	0	0	0	0	511	
5	0	0	0	0	512	
6	0	0	0	0	512	
7	0	0	0	0	512	
8	0	0	0	0	512	
9	0	0	0	0	513	
10	0	0	0	0	512	
11	0	0	0	0	512	
12	0	0	0	0	512	
13	0	0	0	0	512	
14	0	0	0	0	513	
15	0	0	0	0	513	
0	0	0	0	0	513	
1	0	0	0	0	513	
2	0	0	0	0	512	
3	0	0	0	0	512	
4	0	0	0	0	512	
5	0	0	0	0	511	
6	0	0	0	0	511	
7	0	0	0	0	511	
8	0	0	0	0	512	
9	0	0	0	0	512	
10	0	0	0	0	513	
11	0	0	0	0	513	
12	0	0	0	0	514	
13	0	0	0	0	514	
14	0	0	0	0	514	
15	0	0	0	0	515	
0	0	0	0	0	515	
1	0	0	0	0	515	
2	0	0	0	0	515	
3	0	0	0	0	515	
4	0	0	0	0	515	
5	0	0	0	0	515	
6	0	0	0	0	516	
7	0	0	0	0	516	
8	0	0	0	0	515	
9	0	0	0	0	515	
10	0	0	0	0	515	
11	0	0	0	0	515	
12	0	0	0	0	516	
13	0	0	0	0	516	
14	0	0	0	0	516	
15	0	0	0	0	516	
0	0	0	0	0	516	
1	0	0	0	0	516	
2	0	0	0	0	515	
3	0	0	0	0	515	
4	0	0	0	0	514	
5	0	0	0	0	513	
6	0	0	0	0	513	
7	0	0	0	0	513	
8	0	0	0	0	513	
9	0	0	0	0	513	
10	0	0	0	0	513	
11	0	0	0	0	512	
12	0	0	0	0	512	
13	0	0	0	0	513	
14	0	0	0	0	513	
15	0	0	0	0	512	
0	0	0	0	0	513	
1	0	0	0	0	513	
2	0	0	0	0	513	
3	0	0	0	0	513	
4	0	0	0	0	513	
5	0	0	0	0	513	
6	0	0	0	0	513	
7	0	0	0	0	513	
8	0	0	0	0	513	
9	0	0	0	0	513	
10	0	0	0	0	513	
11	0	0	0	0	514	
12	0	0	0	0	514	
13	0	0	0	0	515	
14	0	0	0	0	516	
15	0	0	0	0	517	
0	0	0	0	0	517	
1	0	0	0	0	517	
2	0	0	0	0	516	
3	0	0	0	0	516	
4	0	0	0	0	515	
5	0	0	0	0	515	
6	0	0	0	0	515	
7	0	0	0	0	515	
8	0	0	0	0	514	
9	0	0	0	0	513	
10	0	0	0	0	514	
11	0	0	0	0	515	
12	0	0	0	0	514	
13	0	0	0	0	515	
14	0	0	0	0	515	
15	0	0	0	0	516	
0	0	0	0	0	516	
1	0	0	0	0	517	
2	0	0	0	0	518	
3	0	0	0	0	518	
4	0	0	0	0	518	
5	0	0	0	0	518	
6	0	0	0	0	519	
7	0	0	0	0	519	
8	0	0	0	0	520	
9	0	0	0	0	521	
10	0	0	0	0	523	
11	0	0	0	0	524	
12	0	0	0	0	525	
13	0	0	0	0	526	
14	0	0	0	0	526	
15	0	0	0	0	527	
0	0	0	0	0	527	
1	0	0	0	0	527	
2	0	0	0	0	527	
3	0	0	0	0	528	
4	0	0	0	0	529	
5	0	0	0	0	529	
6	0	0	0	0	531	
7	0	0	0	0	533	
8	0	0	0	0	534	
9	0	0	0	0	535	
10	0	0	0	0	537	
11	0	0	0	0	540	
12	0	0	0	0	543	
13	0	0	0	0	546	
14	0	0	0	0	548	
15	0	0	0	0	550	
0	0	0	0	0	551	
1	0	0	0	0	553	
2	0	0	0	0	554	
3	0	0	0	0	553	
4	0	0	0	0	551	
5	0	0	0	0	550	
6	0	0	0	0	547	
7	0	0	0	0	544	
8	0	0	0	0	543	
9	0	0	0	0	541	
10	0	0	0	0	540	
11	0	0	0	0	539	
12	0	0	0	0	537	
13	0	0	0	0	536	
14	0	0	0	0	535	
15	0	0	0	0	533	
0	0	0	0	0	531	
1	0	0	0	0	530	
2	0	0	0	0	528	
3	0	0	0	0	527	
4	0	0	0	0	527	
5	0	0	0	0	526	
6	0	0	0	0	524	
7	0	0	0	0	524	
8	0	0	0	0	522	
9	0	0	0	0	521	
10	0	0	0	0	519	
11	0	0	0	0	518	
12	0	0	0	0	517	
13	0	0	0	0	517	
14	0	0	0	0	517	
15	0	0	0	0	517	
0	0	0	0	0	516	
1	0	0	0	0	515	
2	0	0	0	0	515	
3	0	0	0	0	513	
4	0	0	0	0	512	
5	0	0	0	0	511	
6	0	0	0	0	510	
7	0	0	0	0	508	
8	0	0	0	0	507	
9	0	0	0	0	505	
10	0	0	0	0	504	
11	0	0	0	0	503	
12	0	0	0	0	503	
13	0	0	0	0	503	
14	0	0	0	0	503	
15	0	0	0	0	503	
0	0	0	0	0	504	
1	0	0	0	0	504	
2	0	0	0	0	504	
3	0	0	0	0	504	
4	0	0	0	0	504	
5	0	0	0	0	504	
6	0	0	0	0	503	
7	0	0	0	0	502	
8	0	0	0	0	501	
9	0	0	0	0	500	
10	0	0	0	0	499	
11	0	0	0	0	497	
12	0	0	0	0	496	
13	0	0	0	0	496	
14	0	0	0	0	496	
15	0	0	0	0	496	
0	0	0	0	0	496	
1	0	0	0	0	497	
2	0	0	0	0	497	
3	0	0	0	0	497	
4	0	0	0	0	498	
5	0	0	0	0	498	
6	0	0	0	0	499	
7	0	0	0	0	499	
8	0	0	0	0	499	
9	0	0	0	0	499	
10	0	0	0	0	498	
11	0	0	0	0	497	
12	0	0	0	0	497	
13	0	0	0	0	496	
14	0	0	0	0	497	
15	0	0	0	0	498	
0	0	0	0	0	498	
1	0	0	0	0	498	
2	0	0	0	0	498	
3	0	0	0	0	499	
4	0	0	0	0	498	
5	0	0	0	0	499	
6	0	0	0	0	499	
7	0	0	0	0	498	
8	0	0	0	0	496	
9	0	0	0	0	494	
10	0	0	0	0	492	
11	0	0	0	0	490	
12	0	0	0	0	488	
13	0	0	0	0	487	
14	0	0	0	0	484	
15	0	0	0	0	482	
0	0	0	0	0	480	
1	0	0	0	0	480	
2	0	0	0	0	479	
3	0	0	0	0	477	
4	0	0	0	0	474	
5	0	0	0	0	471	
6	0	0	0	0	468	
7	0	0	0	0	467	
8	0	0	0	0	464	
9	0	0	0	0	461	
10	0	0	0	0	458	
11	0	0	0	0	456	
12	0	0	0	0	456	
13	0	0	0	0	458	
14	0	0	0	0	464	
15	0	0	0	0	475	
0	0	0	0	0	492	
1	0	0	0	0	514	
2	0	0	0	0	541	
3	0	0	0	0	574	
4	0	0	0	0	611	
5	0	0	0	0	654	
6	0	0	0	0	698	
7	0	0	0	0	743	
8	0	0	0	0	790	
9	0	0	0	0	836	
10	0	0	0	0	878	
11	0	0	0	0	911	
12	0	0	0	0	932	
13	0	0	0	0	941	
14	0	0	0	0	938	
15	0	0	0	0	924	
0	0	0	0	0	904	
1	0	0	0	0	879	
2	0	0	0	0	851	
3	0	0	0	0	822	
4	0	0	0	0	793	
5	0	0	0	0	766	
6	0	0	0	0	742	
7	0	0	0	0	718	
8	0	0	0	0	695	
9	0	0	0	0	671	
10	0	0	0	0	647	
11	0	0	0	0	624	
12	0	0	0	0	603	
13	0	0	0	0	583	
14	0	0	0	0	566	
15	0	0	0	0	552	
0	0	0	0	0	542	
1	0	0	0	0	534	
2	0	0	0	0	527	
3	0	0	0	0	519	
4	0	0	0	0	513	
5	0	0	0	0	508	
6	0	0	0	0	503	
7	0	0	0	0	497	
8	0	0	0	0	491	
9	0	0	0	0	485	
10	0	0	0	0	479	
11	0	0	0	0	473	
12	0	0	0	0	468	
13	0	0	0	0	464	
14	0	0	0	0	461	
15	0	0	0	0	459	
0	0	0	0	0	456	
1	0	0	0	0	453	
2	0	0	0	0	451	
3	0	0	0	0	450	
4	0	0	0	0	449	
5	0	0	0	0	449	
6	0	0	0	0	448	
7	0	0	0	0	448	
8	0	0	0	0	448	
9	0	0	0	0	448	
10	0	0	0	0	448	
11	0	0	0	0	447	
12	0	0	0	0	447	
13	0	0	0	0	446	
14	0	0	0	0	445	
15	0	0	0	0	446	
0	0	0	0	0	446	
1	0	0	0	0	445	
2	0	0	0	0	445	
3	0	0	0	0	444	
4	0	0	0	0	444	
5	0	0	0	0	444	
6	0	0	0	0	445	
7	0	0	0	0	446	
8	0	0	0	0	446	
9	0	0	0	0	447	
10	0	0	0	0	448	
11	0	0	0	0	448	
12	0	0	0	0	448	
13	0	0	0	0	448	
14	0	0	0	0	448	
15	0	0	0	0	449	
0	0	0	0	0	449	
1	0	0	0	0	451	
2	0	0	0	0	451	
3	0	0	0	0	451	
4	0	0	0	0	452	
5	0	0	0	0	453	
6	0	0	0	0	454	
7	0	0	0	0	455	
8	0	0	0	0	456	
9	0	0	0	0	457	
10	0	0	0	0	457	
11	0	0	0	0	459	
12	0	0	0	0	460	
13	0	0	0	0	460	
14	0	0	0	0	461	
15	0	0	0	0	461	
0	0	0	0	0	461	
1	0	0	0	0	462	
2	0	0	0	0	463	
3	0	0	0	0	462	
4	0	0	0	0	462	
5	0	0	0	0	464	
6	0	0	0	0	464	
7	0	0	0	0	465	
8	0	0	0	0	466	
9	0	0	0	0	467	
10	0	0	0	0	468	
11	0	0	0	0	470	
12	0	0	0	0	471	
13	0	0	0	0	472	
14	0	0	0	0	472	
15	0	0	0	0	472	
0	0	0	0	0	473	
1	0	0	0	0	473	
2	0	0	0	0	473	
3	0	0	0	0	474	
4	0	0	0	0	474	
5	0	0	0	0	475	
6	0	0	0	0	475	
7	0	0	0	0	476	
8	0	0	0	0	477	
9	0	0	0	0	478	
10	0	0	0	0	479	
11	0	0	0	0	480	
12	0	0	0	0	480	
13	0	0	0	0	481	
14	0	0	0	0	483	
15	0	0	0	0	483	
0	0	0	0	0	483	
1	0	0	0	0	484	
2	0	0	0	0	483	
3	0	0	0	0	484	
4	0	0	0	0	484	
5	0	0	0	0	485	
6	0	0	0	0	486	
7	0	0	0	0	486	
8	0	0	0	0	487	
9	0	0	0	0	487	
10	0	0	0	0	488	
11	0	0	0	0	491	
12	0	0	0	0	492	
13	0	0	0	0	493	
14	0	0	0	0	494	
15	0	0	0	0	495	
0	0	0	0	0	496	
1	0	0	0	0	496	
2	0	0	0	0	496	
3	0	0	0	0	496	
4	0	0	0	0	497	
5	0	0	0	0	497	
6	0	0	0	0	498	
7	0	0	0	0	499	
8	0	0	0	0	499	
9	0	0	0	0	500	
10	0	0	0	0	500	
11	0	0	0	0	502	
12	0	0	0	0	503	
13	0	0	0	0	504	
14	0	0	0	0	504	
15	0	0	0	0	504	
0	0	0	0	0	505	
1	0	0	0	0	507	
2	0	0	0	0	507	
3	0	0	0	0	507	
4	0	0	0	0	508	
5	0	0	0	0	508	
6	0	0	0	0	508	
7	0	0	0	0	509	
8	0	0	0	0	510	
9	0	0	0	0	510	
10	0	0	0	0	511	
11	0	0	0	0	511	
12	0	0	0	0	511	
13	0	0	0	0	512	
14	0	0	0	0	512	
15	0	0	0	0	513	
0	0	0	0	0	515	
1	0	0	0	0	515	
2	0	0	0	0	516	
3	0	0	0	0	516	
4	0	0	0	0	516	
5	0	0	0	0	517	
6	0	0	0	0	518	
7	0	0	0	0	518	
8	0	0	0	0	519	
9	0	0	0	0	519	
10	0	0	0	0	520	
11	0	0	0	0	521	
12	0	0	0	0	522	
13	0	0	0	0	523	
14	0	0	0	0	524	
15	0	0	0	0	525	
0	0	0	0	0	526	
1	0	0	0	0	526	
2	0	0	0	0	527	
3	0	0	0	0	527	
4	0	0	0	0	527	
5	0	0	0	0	527	
6	0	0	0	0	527	
7	0	0	0	0	528	
8	0	0	0	0	529	
9	0	0	0	0	530	
10	0	0	0	0	531	
11	0	0	0	0	532	
12	0	0	0	0	533	
13	0	0	0	0	534	
14	0	0	0	0	535	
15	0	0	0	0	536	
0	0	0	0	0	536	
1	0	0	0	0	536	
2	0	0	0	0	537	
3	0	0	0	0	537	
4	0	0	0	0	538	
5	0	0	0	0	538	
6	0	0	0	0	538	
7	0	0	0	0	538	
8	0	0	0	0	538	
9	0	0	0	0	539	
10	0	0	0	0	539	
11	0	0	0	0	540	
12	0	0	0	0	540	
13	0	0	0	0	541	
14	0	0	0	0	542	
15	0	0	0	0	542	
0	0	0	0	0	543	
1	0	0	0	0	542	
2	0	0	0	0	543	
3	0	0	0	0	543	
4	0	0	0	0	542	
5	0	0	0	0	542	
6	0	0	0	0	542	
7	0	0	0	0	543	
8	0	0	0	0	543	
9	0	0	0	0	543	
10	0	0	0	0	543	
11	0	0	0	0	543	
12	0	0	0	0	544	
13	0	0	0	0	544	
14	0	0	0	0	544	
15	0	0	0	0	544	
0	0	0	0	0	544	
1	0	0	0	0	545	
2	0	0	0	0	545	
3	0	0	0	0	544	
4	0	0	0	0	544	
5	0	0	0	0	543	
6	0	0	0	0	542	
7	0	0	0	0	541	
8	0	0	0	0	540	
9	0	0	0	0	540	
10	0	0	0	0	540	
11	0	0	0	0	540	
12	0	0	0	0	540	
13	0	0	0	0	539	
14	0	0	0	0	538	
15	0	0	0	0	537	
0	0	0	0	0	537	
1	0	0	0	0	536	
2	0	0	0	0	535	
3	0	0	0	0	533	
4	0	0	0	0	531	
5	0	0	0	0	530	
6	0	0	0	0	529	
7	0	0	0	0	527	
8	0	0	0	0	526	
9	0	0	0	0	524	
10	0	0	0	0	522	
11	0	0	0	0	521	
12	0	0	0	0	519	
13	0	0	0	0	518	
14	0	0	0	0	516	
15	0	0	0	0	515	
0	0	0	0	0	513	
1	0	0	0	0	513	
2	0	0	0	0	511	
3	0	0	0	0	509	
4	0	0	0	0	508	
5	0	0	0	0	506	
6	0	0	0	0	503	
7	0	0	0	0	502	
8	0	0	0	0	499	
9	0	0	0	0	497	
10	0	0	0	0	495	
11	0	0	0	0	493	
12	0	0	0	0	491	
13	0	0	0	0	489	
14	0	0	0	0	488	
15	0	0	0	0	487	
0	0	0	0	0	487	
1	0	0	0	0	486	
2	0	0	0	0	485	
3	0	0	0	0	484	
4	0	0	0	0	483	
5	0	0	0	0	481	
6	0	0	0	0	480	
7	0	0	0	0	479	
8	0	0	0	0	479	
9	0	0	0	0	478	
10	0	0	0	0	476	
11	0	0	0	0	475	
12	0	0	0	0	474	
13	0	0	0	0	473	
14	0	0	0	0	473	
15	0	0	0	0	472	
0	0	0	0	0	472	
1	0	0	0	0	470	
2	0	0	0	0	470	
3	0	0	0	0	470	
4	0	0	0	0	470	
5	0	0	0	0	470	
6	0	0	0	0	469	
7	0	0	0	0	468	
8	0	0	0	0	468	
9	0	0	0	0	468	
10	0	0	0	0	468	
11	0	0	0	0	468	
12	0	0	0	0	468	
13	0	0	0	0	467	
14	0	0	0	0	467	
15	0	0	0	0	468	
0	0	0	0	0	468	
1	0	0	0	0	469	
2	0	0	0	0	469	
3	0	0	0	0	470	
4	0	0	0	0	471	
5	0	0	0	0	472	
6	0	0	0	0	472	
7	0	0	0	0	472	
8	0	0	0	0	473	
9	0	0	0	0	473	
10	0	0	0	0	473	
11	0	0	0	0	473	
12	0	0	0	0	473	
13	0	0	0	0	473	
14	0	0	0	0	473	
15	0	0	0	0	473	
0	0	0	0	0	474	
1	0	0	0	0	474	
2	0	0	0	0	474	
3	0	0	0	0	475	
4	0	0	0	0	475	
5	0	0	0	0	476	
6	0	0	0	0	475	
7	0	0	0	0	475	
8	0	0	0	0	476	
9	0	0	0	0	476	
10	0	0	0	0	476	
11	0	0	0	0	476	
12	0	0	0	0	477	
13	0	0	0	0	477	
14	0	0	0	0	478	
15	0	0	0	0	478	
0	0	0	0	0	478	
1	0	0	0	0	478	
2	0	0	0	0	479	
3	0	0	0	0	480	
4	0	0	0	0	481	
5	0	0	0	0	481	
6	0	0	0	0	482	
7	0	0	0	0	482	
8	0	0	0	0	481	
9	0	0	0	0	481	
10	0	0	0	0	481	
11	0	0	0	0	481	
12	0	0	0	0	482	
13	0	0	0	0	482	
14	0	0	0	0	483	
15	0	0	0	0	483	
0	0	0	0	0	483	
1	0	0	0	0	483	
2	0	0	0	0	484	
3	0	0	0	0	486	
4	0	0	0	0	486	
5	0	0	0	0	487	
6	0	0	0	0	487	
7	0	0	0	0	487	
8	0	0	0	0	488	
9	0	0	0	0	489	
10	0	0	0	0	490	
11	0	0	0	0	490	
12	0	0	0	0	490	
13	0	0	0	0	491	
14	0	0	0	0	490	
15	0	0	0	0	490	
0	0	0	0	0	491	
1	0	0	0	0	491	
2	0	0	0	0	491	
3	0	0	0	0	491	
4	0	0	0	0	492	
5	0	0	0	0	492	
6	0	0	0	0	492	
7	0	0	0	0	492	
8	0	0	0	0	492	
9	0	0	0	0	492	
10	0	0	0	0	492	
11	0	0	0	0	492	
12	0	0	0	0	493	
13	0	0	0	0	493	
14	0	0	0	0	493	
15	0	0	0	0	495	
0	0	0	0	0	496	
1	0	0	0	0	496	
2	0	0	0	0	496	
3	0	0	0	0	496	
4	0	0	0	0	495	
5	0	0	0	0	494	
6	0	0	0	0	495	
7	0	0	0	0	495	
8	0	0	0	0	496	
9	0	0	0	0	496	
10	0	0	0	0	496	
11	0	0	0	0	496	
12	0	0	0	0	496	
13	0	0	0	0	496	
14	0	0	0	0	496	
15	0	0	0	0	496	
0	0	0	0	0	496	
1	0	0	0	0	495	
2	0	0	0	0	495	
3	0	0	0	0	496	
4	0	0	0	0	497	
5	0	0	0	0	497	
6	0	0	0	0	498	
7	0	0	0	0	498	
8	0	0	0	0	498	
9	0	0	0	0	498	
10	0	0	0	0	499	
11	0	0	0	0	499	
12	0	0	0	0	498	
13	0	0	0	0	498	
14	0	0	0	0	499	
15	0	0	0	0	499	
0	0	0	0	0	499	
1	0	0	0	0	499	
2	0	0	0	0	500	
3	0	0	0	0	501	
4	0	0	0	0	502	
5	0	0	0	0	502	
6	0	0	0	0	503	
7	0	0	0	0	504	
8	0	0	0	0	503	
9	0	0	0	0	504	
10	0	0	0	0	503	
11	0	0	0	0	503	
12	0	0	0	0	503	
13	0	0	0	0	503	
14	0	0	0	0	503	
15	0	0	0	0	503	
0	0	0	0	0	503	
1	0	0	0	0	503	
2	0	0	0	0	503	
3	0	0	0	0	502	
4	0	0	0	0	503	
5	0	0	0	0	504	
6	0	0	0	0	505	
7	0	0	0	0	505	
8	0	0	0	0	505	
9	0	0	0	0	505	
10	0	0	0	0	504	
11	0	0	0	0	505	
12	0	0	0	0	504	
13	0	0	0	0	504	
14	0	0	0	0	504	
15	0	0	0	0	503	
0	0	0	0	0	503	
1	0	0	0	0	504	
2	0	0	0	0	503	
3	0	0	0	0	502	
4	0	0	0	0	503	
5	0	0	0	0	504	
6	0	0	0	0	503	
7	0	0	0	0	504	
8	0	0	0	0	504	
9	0	0	0	0	504	
10	0	0	0	0	505	
11	0	0	0	0	504	
12	0	0	0	0	504	
13	0	0	0	0	505	
14	0	0	0	0	505	
15	0	0	0	0	505	
0	0	0	0	0	505	
1	0	0	0	0	505	
2	0	0	0	0	505	
3	0	0	0	0	505	
4	0	0	0	0	506	
5	0	0	0	0	507	
6	0	0	0	0	506	
7	0	0	0	0	505	
8	0	0	0	0	505	
9	0	0	0	0	505	
10	0	0	0	0	506	
11	0	0	0	0	506	
12	0	0	0	0	506	
13	0	0	0	0	506	
14	0	0	0	0	505	
15	0	0	0	0	506	
0	0	0	0	0	506	
1	0	0	0	0	505	
2	0	0	0	0	504	
3	0	0	0	0	504	
4	0	0	0	0	504	
5	0	0	0	0	505	
6	0	0	0	0	505	
7	0	0	0	0	505	
8	0	0	0	0	506	
9	0	0	0	0	507	
10	0	0	0	0	507	
11	0	0	0	0	507	
12	0	0	0	0	507	
13	0	0	0	0	506	
14	0	0	0	0	506	
15	0	0	0	0	506	
0	0	0	0	0	506	
1	0	0	0	0	505	
2	0	0	0	0	506	
3	0	0	0	0	505	
4	0	0	0	0	506	
5	0	0	0	0	507	
6	0	0	0	0	508	
7	0	0	0	0	508	
8	0	0	0	0	508	
9	0	0	0	0	508	
10	0	0	0	0	508	
11	0	0	0	0	508	
12	0	0	0	0	508	
13	0	0	0	0	508	
14	0	0	0	0	509	
15	0	0	0	0	509	
0	0	0	0	0	508	
1	0	0	0	0	508	
2	0	0	0	0	508	
3	0	0	0	0	508	
4	0	0	0	0	508	
5	0	0	0	0	508	
6	0	0	0	0	508	
7	0	0	0	0	508	
8	0	0	0	0	508	
9	0	0	0	0	508	
10	0	0	0	0	510	
11	0	0	0	0	510	
12	0	0	0	0	510	
13	0	0	0	0	511	
14	0	0	0	0	512	
15	0	0	0	0	512	
0	0	0	0	0	512	
1	0	0	0	0	512	
2	0	0	0	0	512	
3	0	0	0	0	512	
4	0	0	0	0	512	
5	0	0	0	0	512	
6	0	0	0	0	511	
7	0	0	0	0	511	
8	0	0	0	0	512	
9	0	0	0	0	512	
10	0	0	0	0	513	
11	0	0	0	0	514	
12	0	0	0	0	514	
13	0	0	0	0	514	
14	0	0	0	0	515	
15	0	0	0	0	515	
0	0	0	0	0	514	
1	0	0	0	0	513	
2	0	0	0	0	512	
3	0	0	0	0	512	
4	0	0	0	0	512	
5	0	0	0	0	512	
6	0	0	0	0	512	
7	0	0	0	0	512	
8	0	0	0	0	511	
9	0	0	0	0	512	
10	0	0	0	0	512	
11	0	0	0	0	512	
12	0	0	0	0	512	
13	0	0	0	0	512	
14	0	0	0	0	512	
15	0	0	0	0	512	
0	0	0	0	0	512	
1	0	0	0	0	511	
2	0	0	0	0	510	
3	0	0	0	0	510	
4	0	0	0	0	510	
5	0	0	0	0	510	
6	0	0	0	0	510	
7	0	0	0	0	510	
8	0	0	0	0	510	
9	0	0	0	0	511	
10	0	0	0	0	511	
11	0	0	0	0	511	
12	0	0	0	0	512	
13	0	0	0	0	513	
14	0	0	0	0	514	
15	0	0	0	0	514	
0	0	0	0	0	515	
1	0	0	0	0	515	
2	0	0	0	0	515	
3	0	0	0	0	515	
4	0	0	0	0	515	
5	0	0	0	0	514	
6	0	0	0	0	514	
7	0	0	0	0	515	
8	0	0	0	0	515	
9	0	0	0	0	515	
10	0	0	0	0	515	
11	0	0	0	0	515	
12	0	0	0	0	516	
13	0	0	0	0	516	
14	0	0	0	0	516	
15	0	0	0	0	515	
0	0	0	0	0	515	
1	0	0	0	0	515	
2	0	0	0	0	514	
3	0	0	0	0	512	
4	0	0	0	0	512	
5	0	0	0	0	511	
6	0	0	0	0	511	
7	0	0	0	0	511	
8	0	0	0	0	511	
9	0	0	0	0	511	
10	0	0	0	0	511	
11	0	0	0	0	510	
12	0	0	0	0	510	
13	0	0	0	0	511	
14	0	0	0	0	512	
15	0	0	0	0	513	
0	0	0	0	0	513	
1	0	0	0	0	514	
2	0	0	0	0	514	
3	0	0	0	0	514	
4	0	0	0	0	515	
5	0	0	0	0	515	
6	0	0	0	0	515	
7	0	0	0	0	515	
8	0	0	0	0	515	
9	0	0	0	0	514	
10	0	0	0	0	514	
11	0	0	0	0	514	
12	0	0	0	0	515	
13	0	0	0	0	515	
14	0	0	0	0	515	
15	0	0	0	0	514	
0	0	0	0	0	514	
1	0	0	0	0	514	
2	0	0	0	0	514	
3	0	0	0	0	514	
4	0	0	0	0	514	
5	0	0	0	0	513	
6	0	0	0	0	512	
7	0	0	0	0	512	
8	0	0	0	0	512	
9	0	0	0	0	512	
10	0	0	0	0	511	
11	0	0	0	0	512	
12	0	0	0	0	511	
13	0	0	0	0	512	
14	0	0	0	0	512	
15	0	0	0	0	512	
0	0	0	0	0	513	
1	0	0	0	0	514	
2	0	0	0	0	514	
3	0	0	0	0	515	
4	0	0	0	0	515	
5	0	0	0	0	515	
6	0	0	0	0	516	
7	0	0	0	0	517	
8	0	0	0	0	518	
9	0	0	0	0	518	
10	0	0	0	0	519	
11	0	0	0	0	521	
12	0	0	0	0	523	
13	0	0	0	0	524	
14	0	0	0	0	523	
15	0	0	0	0	524	
0	0	0	0	0	524	
1	0	0	0	0	524	
2	0	0	0	0	525	
3	0	0	0	0	526	
4	0	0	0	0	527	
5	0	0	0	0	528	
6	0	0	0	0	529	
7	0	0	0	0	529	
8	0	0	0	0	530	
9	0	0	0	0	532	
10	0	0	0	0	535	
11	0	0	0	0	537	
12	0	0	0	0	539	
13	0	0	0	0	541	
14	0	0	0	0	543	
15	0	0	0	0	545	
0	0	0	0	0	547	
1	0	0	0	0	547	
2	0	0	0	0	547	
3	0	0	0	0	546	
4	0	0	0	0	545	
5	0	0	0	0	543	
6	0	0	0	0	541	
7	0	0	0	0	540	
8	0	0	0	0	539	
9	0	0	0	0	536	
10	0	0	0	0	535	
11	0	0	0	0	534	
12	0	0	0	0	532	
13	0	0	0	0	531	
14	0	0	0	0	528	
15	0	0	0	0	526	
0	0	0	0	0	524	
1	0	0	0	0	523	
2	0	0	0	0	523	
3	0	0	0	0	521	
4	0	0	0	0	521	
5	0	0	0	0	521	
6	0	0	0	0	520	
7	0	0	0	0	519	
8	0	0	0	0	518	
9	0	0	0	0	517	
10	0	0	0	0	516	
11	0	0	0	0	516	
12	0	0	0	0	516	
13	0	0	0	0	515	
14	0	0	0	0	513	
15	0	0	0	0	512	
0	0	0	0	0	511	
1	0	0	0	0	510	
2	0	0	0	0	509	
3	0	0	0	0	508	
4	0	0	0	0	508	
5	0	0	0	0	507	
6	0	0	0	0	507	
7	0	0	0	0	505	
8	0	0	0	0	504	
9	0	0	0	0	502	
10	0	0	0	0	500	
11	0	0	0	0	500	
12	0	0	0	0	499	
13	0	0	0	0	500	
14	0	0	0	0	502	
15	0	0	0	0	502	
0	0	0	0	0	502	
1	0	0	0	0	501	
2	0	0	0	0	500	
3	0	0	0	0	500	
4	0	0	0	0	500	
5	0	0	0	0	501	
6	0	0	0	0	500	
7	0	0	0	0	500	
8	0	0	0	0	500	
9	0	0	0	0	499	
10	0	0	0	0	499	
11	0	0	0	0	497	
12	0	0	0	0	498	
13	0	0	0	0	497	
14	0	0	0	0	497	
15	0	0	0	0	498	
0	0	0	0	0	498	
1	0	0	0	0	498	
2	0	0	0	0	499	
3	0	0	0	0	499	
4	0	0	0	0	500	
5	0	0	0	0	501	
6	0	0	0	0	501	
7	0	0	0	0	502	
8	0	0	0	0	501	
9	0	0	0	0	502	
10	0	0	0	0	500	
11	0	0	0	0	499	
12	0	0	0	0	498	
13	0	0	0	0	497	
14	0	0	0	0	497	
15	0	0	0	0	497	
0	0	0	0	0	497	
1	0	0	0	0	497	
2	0	0	0	0	497	
3	0	0	0	0	496	
4	0	0	0	0	495	
5	0	0	0	0	494	
6	0	0	0	0	493	
7	0	0	0	0	491	
8	0	0	0	0	489	
9	0	0	0	0	487	
10	0	0	0	0	485	
11	0	0	0	0	483	
12	0	0	0	0	481	
13	0	0	0	0	478	
14	0	0	0	0	475	
15	0	0	0	0	473	
0	0	0	0	0	471	
1	0	0	0	0	469	
2	0	0	0	0	467	
3	0	0	0	0	467	
4	0	0	0	0	465	
5	0	0	0	0	463	
6	0	0	0	0	463	
7	0	0	0	0	463	
8	0	0	0	0	462	
9	0	0	0	0	462	
10	0	0	0	0	462	
11	0	0	0	0	465	
12	0	0	0	0	469	
13	0	0	0	0	477	
14	0	0	0	0	490	
15	0	0	0	0	510	
0	0	0	0	0	534	
1	0	0	0	0	563	
2	0	0	0	0	595	
3	0	0	0	0	632	
4	0	0	0	0	673	
5	0	0	0	0	716	
6	0	0	0	0	759	
7	0	0	0	0	802	
8	0	0	0	0	845	
9	0	0	0	0	881	
10	0	0	0	0	906	
11	0	0	0	0	920	
12	0	0	0	0	923	
13	0	0	0	0	915	
14	0	0	0	0	899	
15	0	0	0	0	877	
0	0	0	0	0	849	
1	0	0	0	0	821	
2	0	0	0	0	792	
3	0	0	0	0	764	
4	0	0	0	0	739	
5	0	0	0	0	716	
6	0	0	0	0	693	
7	0	0	0	0	671	
8	0	0	0	0	651	
9	0	0	0	0	630	
10	0	0	0	0	610	
11	0	0	0	0	591	
12	0	0	0	0	572	
13	0	0	0	0	555	
14	0	0	0	0	540	
15	0	0	0	0	528	
0	0	0	0	0	520	
1	0	0	0	0	513	
2	0	0	0	0	507	
3	0	0	0	0	501	
4	0	0	0	0	496	
5	0	0	0	0	491	
6	0	0	0	0	485	
7	0	0	0	0	479	
8	0	0	0	0	473	
9	0	0	0	0	468	
10	0	0	0	0	464	
11	0	0	0	0	461	
12	0	0	0	0	458	
13	0	0	0	0	456	
14	0	0	0	0	454	
15	0	0	0	0	452	
0	0	0	0	0	451	
1	0	0	0	0	449	
2	0	0	0	0	448	
3	0	0	0	0	447	
4	0	0	0	0	446	
5	0	0	0	0	444	
6	0	0	0	0	444	
7	0	0	0	0	443	
8	0	0	0	0	444	
9	0	0	0	0	443	
10	0	0	0	0	443	
11	0	0	0	0	443	
12	0	0	0	0	442	
13	0	0	0	0	442	
14	0	0	0	0	443	
15	0	0	0	0	443	
0	0	0	0	0	443	
1	0	0	0	0	443	
2	0	0	0	0	443	
3	0	0	0	0	442	
4	0	0	0	0	443	
5	0	0	0	0	443	
6	0	0	0	0	444	
7	0	0	0	0	445	
8	0	0	0	0	447	
9	0	0	0	0	448	
10	0	0	0	0	450	
11	0	0	0	0	451	
12	0	0	0	0	451	
13	0	0	0	0	450	
14	0	0	0	0	450	
15	0	0	0	0	451	
0	0	0	0	0	451	
1	0	0	0	0	452	
2	0	0	0	0	452	
3	0	0	0	0	452	
4	0	0	0	0	453	
5	0	0	0	0	454	
6	0	0	0	0	455	
7	0	0	0	0	456	
8	0	0	0	0	458	
9	0	0	0	0	459	
10	0	0	0	0	458	
11	0	0	0	0	459	
12	0	0	0	0	460	
13	0	0	0	0	461	
14	0	0	0	0	462	
15	0	0	0	0	462	
0	0	0	0	0	464	
1	0	0	0	0	465	
2	0	0	0	0	466	
3	0	0	0	0	466	
4	0	0	0	0	466	
5	0	0	0	0	467	
6	0	0	0	0	467	
7	0	0	0	0	467	
8	0	0	0	0	469	
9	0	0	0	0	471	
10	0	0	0	0	471	
11	0	0	0	0	472	
12	0	0	0	0	473	
13	0	0	0	0	474	
14	0	0	0	0	474	
15	0	0	0	0	475	
0	0	0	0	0	476	
1	0	0	0	0	476	
2	0	0	0	0	476	
3	0	0	0	0	476	
4	0	0	0	0	477	
5	0	0	0	0	478	
6	0	0	0	0	478	
7	0	0	0	0	479	
8	0	0	0	0	479	
9	0	0	0	0	480	
10	0	0	0	0	480	
11	0	0	0	0	481	
12	0	0	0	0	482	
13	0	0	0	0	483	
14	0	0	0	0	484	
15	0	0	0	0	486	
0	0	0	0	0	486	
1	0	0	0	0	487	
2	0	0	0	0	487	
3	0	0	0	0	487	
4	0	0	0	0	487	
5	0	0	0	0	488	
6	0	0	0	0	488	
7	0	0	0	0	489	
8	0	0	0	0	490	
9	0	0	0	0	490	
10	0	0	0	0	491	
11	0	0	0	0	492	
12	0	0	0	0	494	
13	0	0	0	0	495	
14	0	0	0	0	495	
15	0	0	0	0	495	
0	0	0	0	0	496	
1	0	0	0	0	496	
2	0	0	0	0	496	
3	0	0	0	0	496	
4	0	0	0	0	497	
5	0	0	0	0	498	
6	0	0	0	0	498	
7	0	0	0	0	499	
8	0	0	0	0	499	
9	0	0	0	0	500	
10	0	0	0	0	501	
11	0	0	0	0	501	
12	0	0	0	0	502	
13	0	0	0	0	504	
14	0	0	0	0	504	
15	0	0	0	0	504	
0	0	0	0	0	507	
1	0	0	0	0	507	
2	0	0	0	0	507	
3	0	0	0	0	508	
4	0	0	0	0	508	
5	0	0	0	0	509	
6	0	0	0	0	510	
7	0	0	0	0	510	
8	0	0	0	0	510	
9	0	0	0	0	511	
10	0	0	0	0	511	
11	0	0	0	0	512	
12	0	0	0	0	513	
13	0	0	0	0	514	
14	0	0	0	0	515	
15	0	0	0	0	516	
0	0	0	0	0	516	
1	0	0	0	0	516	
2	0	0	0	0	517	
3	0	0	0	0	518	
4	0	0	0	0	519	
5	0	0	0	0	519	
6	0	0	0	0	519	
7	0	0	0	0	519	
8	0	0	0	0	520	
9	0	0	0	0	521	
10	0	0	0	0	521	
11	0	0	0	0	521	
12	0	0	0	0	521	
13	0	0	0	0	522	
14	0	0	0	0	523	
15	0	0	0	0	524	
0	0	0	0	0	524	
1	0	0	0	0	525	
2	0	0	0	0	525	
3	0	0	0	0	526	
4	0	0	0	0	526	
5	0	0	0	0	526	
6	0	0	0	0	527	
7	0	0	0	0	527	
8	0	0	0	0	528	
9	0	0	0	0	529	
10	0	0	0	0	529	
11	0	0	0	0	530	
12	0	0	0	0	531	
13	0	0	0	0	532	
14	0	0	0	0	534	
15	0	0	0	0	535	
0	0	0	0	0	536	
1	0	0	0	0	536	
2	0	0	0	0	536	
3	0	0	0	0	537	
4	0	0	0	0	537	
5	0	0	0	0	536	
6	0	0	0	0	536	
7	0	0	0	0	537	
8	0	0	0	0	537	
9	0	0	0	0	537	
10	0	0	0	0	538	
11	0	0	0	0	538	
12	0	0	0	0	538	
13	0	0	0	0	538	
14	0	0	0	0	539	
15	0	0	0	0	540	
0	0	0	0	0	540	
1	0	0	0	0	540	
2	0	0	0	0	540	
3	0	0	0	0	540	
4	0	0	0	0	540	
5	0	0	0	0	540	
6	0	0	0	0	540	
7	0	0	0	0	540	
8	0	0	0	0	540	
9	0	0	0	0	540	
10	0	0	0	0	540	
11	0	0	0	0	540	
12	0	0	0	0	540	
13	0	0	0	0	540	
14	0	0	0	0	541	
15	0	0	0	0	542	
0	0	0	0	0	542	
1	0	0	0	0	542	
2	0	0	0	0	541	
3	0	0	0	0	541	
4	0	0	0	0	541	
5	0	0	0	0	540	
6	0	0	0	0	539	
7	0	0	0	0	537	
8	0	0	0	0	537	
9	0	0	0	0	536	
10	0	0	0	0	536	
11	0	0	0	0	535	
12	0	0	0	0	535	
13	0	0	0	0	535	
14	0	0	0	0	535	
15	0	0	0	0	534	
0	0	0	0	0	534	
1	0	0	0	0	533	
2	0	0	0	0	531	
3	0	0	0	0	530	
4	0	0	0	0	529	
5	0	0	0	0	528	
6	0	0	0	0	526	
7	0	0	0	0	524	
8	0	0	0	0	522	
9	0	0	0	0	520	
10	0	0	0	0	519	
11	0	0	0	0	517	
12	0	0	0	0	516	
13	0	0	0	0	515	
14	0	0	0	0	513	
15	0	0	0	0	512	
0	0	0	0	0	511	
1	0	0	0	0	510	
2	0	0	0	0	508	
3	0	0	0	0	506	
4	0	0	0	0	504	
5	0	0	0	0	503	
6	0	0	0	0	501	
7	0	0	0	0	501	
8	0	0	0	0	499	
9	0	0	0	0	496	
10	0	0	0	0	493	
11	0	0	0	0	491	
12	0	0	0	0	489	
13	0	0	0	0	488	
14	0	0	0	0	487	
15	0	0	0	0	485	
0	0	0	0	0	484	
1	0	0	0	0	483	
2	0	0	0	0	482	
3	0	0	0	0	481	
4	0	0	0	0	480	
5	0	0	0	0	480	
6	0	0	0	0	478	
7	0	0	0	0	477	
8	0	0	0	0	477	
9	0	0	0	0	476	
10	0	0	0	0	475	
11	0	0	0	0	474	
12	0	0	0	0	474	
13	0	0	0	0	474	
14	0	0	0	0	474	
15	0	0	0	0	474	
0	0	0	0	0	472	
1	0	0	0	0	472	
2	0	0	0	0	472	
3	0	0	0	0	472	
4	0	0	0	0	472	
5	0	0	0	0	471	
6	0	0	0	0	471	
7	0	0	0	0	471	
8	0	0	0	0	471	
9	0	0	0	0	471	
10	0	0	0	0	470	
11	0	0	0	0	470	
12	0	0	0	0	470	
13	0	0	0	0	469	
14	0	0	0	0	469	
15	0	0	0	0	470	
0	0	0	0	0	470	
1	0	0	0	0	471	
2	0	0	0	0	471	
3	0	0	0	0	472	
4	0	0	0	0	472	
5	0	0	0	0	473	
6	0	0	0	0	473	
7	0	0	0	0	473	
8	0	0	0	0	473	
9	0	0	0	0	473	
10	0	0	0	0	473	
11	0	0	0	0	473	
12	0	0	0	0	473	
13	0	0	0	0	474	
14	0	0	0	0	474	
15	0	0	0	0	474	
0	0	0	0	0	475	
1	0	0	0	0	476	
2	0	0	0	0	477	
3	0	0	0	0	477	
4	0	0	0	0	478	
5	0	0	0	0	479	
6	0	0	0	0	479	
7	0	0	0	0	480	
8	0	0	0	0	480	
9	0	0	0	0	481	
10	0	0	0	0	481	
11	0	0	0	0	480	
12	0	0	0	0	481	
13	0	0	0	0	480	
14	0	0	0	0	480	
15	0	0	0	0	481	
0	0	0	0	0	481	
1	0	0	0	0	482	
2	0	0	0	0	483	
3	0	0	0	0	484	
4	0	0	0	0	484	
5	0	0	0	0	484	
6	0	0	0	0	485	
7	0	0	0	0	484	
8	0	0	0	0	485	
9	0	0	0	0	485	
10	0	0	0	0	484	
11	0	0	0	0	484	
12	0	0	0	0	486	
13	0	0	0	0	487	
14	0	0	0	0	486	
15	0	0	0	0	486	
0	0	0	0	0	486	
1	0	0	0	0	486	
2	0	0	0	0	486	
3	0	0	0	0	487	
4	0	0	0	0	488	
5	0	0	0	0	489	
6	0	0	0	0	489	
7	0	0	0	0	489	
8	0	0	0	0	490	
9	0	0	0	0	491	
10	0	0	0	0	491	
11	0	0	0	0	491	
12	0	0	0	0	491	
13	0	0	0	0	491	
14	0	0	0	0	490	
15	0	0	0	0	490	
0	0	0	0	0	491	
1	0	0	0	0	490	
2	0	0	0	0	491	
3	0	0	0	0	491	
4	0	0	0	0	492	
5	0	0	0	0	492	
6	0	0	0	0	492	
7	0	0	0	0	493	
8	0	0	0	0	493	
9	0	0	0	0	493	
10	0	0	0	0	493	
11	0	0	0	0	493	
12	0	0	0	0	493	
13	0	0	0	0	493	
14	0	0	0	0	493	
15	0	0	0	0	494	
0	0	0	0	0	494	
1	0	0	0	0	495	
2	0	0	0	0	495	
3	0	0	0	0	495	
4	0	0	0	0	496	
5	0	0	0	0	497	
6	0	0	0	0	497	
7	0	0	0	0	497	
8	0	0	0	0	497	
9	0	0	0	0	497	
10	0	0	0	0	498	
11	0	0	0	0	498	
12	0	0	0	0	498	
13	0	0	0	0	498	
14	0	0	0	0	497	
15	0	0	0	0	497	
0	0	0	0	0	498	
1	0	0	0	0	498	
2	0	0	0	0	498	
3	0	0	0	0	498	
4	0	0	0	0	498	
5	0	0	0	0	498	
6	0	0	0	0	498	
7	0	0	0	0	499	
8	0	0	0	0	499	
9	0	0	0	0	499	
10	0	0	0	0	500	
11	0	0	0	0	501	
12	0	0	0	0	502	
13	0	0	0	0	502	
14	0	0	0	0	501	
15	0	0	0	0	501	
0	0	0	0	0	500	
1	0	0	0	0	499	
2	0	0	0	0	499	
3	0	0	0	0	499	
4	0	0	0	0	500	
5	0	0	0	0	500	
6	0	0	0	0	501	
7	0	0	0	0	501	
8	0	0	0	0	501	
9	0	0	0	0	501	
10	0	0	0	0	502	
11	0	0	0	0	502	
12	0	0	0	0	503	
13	0	0	0	0	502	
14	0	0	0	0	502	
15	0	0	0	0	501	
0	0	0	0	0	502	
1	0	0	0	0	501	
2	0	0	0	0	501	
3	0	0	0	0	502	
4	0	0	0	0	502	
5	0	0	0	0	501	
6	0	0	0	0	501	
7	0	0	0	0	500	
8	0	0	0	0	502	
9	0	0	0	0	503	
10	0	0	0	0	503	
11	0	0	0	0	503	
12	0	0	0	0	503	
13	0	0	0	0	503	
14	0	0	0	0	503	
15	0	0	0	0	502	
0	0	0	0	0	502	
1	0	0	0	0	502	
2	0	0	0	0	502	
3	0	0	0	0	502	
4	0	0	0	0	502	
5	0	0	0	0	502	
6	0	0	0	0	503	
7	0	0	0	0	503	
8	0	0	0	0	503	
9	0	0	0	0	503	
10	0	0	0	0	503	
11	0	0	0	0	503	
12	0	0	0	0	503	
13	0	0	0	0	503	
14	0	0	0	0	502	
15	0	0	0	0	502	
0	0	0	0	0	502	
1	0	0	0	0	501	
2	0	0	0	0	502	
3	0	0	0	0	501	
4	0	0	0	0	500	
5	0	0	0	0	501	
6	0	0	0	0	502	
7	0	0	0	0	502	
8	0	0	0	0	503	
9	0	0	0	0	503	
10	0	0	0	0	503	
11	0	0	0	0	503	
12	0	0	0	0	503	
13	0	0	0	0	503	
14	0	0	0	0	503	
15	0	0	0	0	503	
0	0	0	0	0	503	
1	0	0	0	0	503	
2	0	0	0	0	503	
3	0	0	0	0	502	
4	0	0	0	0	502	
5	0	0	0	0	502	
6	0	0	0	0	503	
7	0	0	0	0	503	
8	0	0	0	0	504	
9	0	0	0	0	504	
10	0	0	0	0	505	
11	0	0	0	0	505	
12	0	0	0	0	505	
13	0	0	0	0	505	
14	0	0	0	0	505	
15	0	0	0	0	505	
0	0	0	0	0	505	
1	0	0	0	0	505	
2	0	0	0	0	504	
3	0	0	0	0	504	
4	0	0	0	0	505	
5	0	0	0	0	505	
6	0	0	0	0	504	
7	0	0	0	0	504	
8	0	0	0	0	504	
9	0	0	0	0	505	
10	0	0	0	0	506	
11	0	0	0	0	507	
12	0	0	0	0	507	
13	0	0	0	0	508	
14	0	0	0	0	508	
15	0	0	0	0	507	
0	0	0	0	0	508	
1	0	0	0	0	508	
2	0	0	0	0	507	
3	0	0	0	0	506	
4	0	0	0	0	507	
5	0	0	0	0	505	
6	0	0	0	0	505	
7	0	0	0	0	506	
8	0	0	0	0	506	
9	0	0	0	0	506	
10	0	0	0	0	507	
11	0	0	0	0	507	
12	0	0	0	0	507	
13	0	0	0	0	508	
14	0	0	0	0	507	
15	0	0	0	0	507	
0	0	0	0	0	507	
1	0	0	0	0	507	
2	0	0	0	0	507	
3	0	0	0	0	506	
4	0	0	0	0	505	
5	0	0	0	0	505	
6	0	0	0	0	504	
7	0	0	0	0	504	
8	0	0	0	0	505	
9	0	0	0	0	506	
10	0	0	0	0	506	
11	0	0	0	0	506	
12	0	0	0	0	507	
13	0	0	0	0	507	
14	0	0	0	0	509	
15	0	0	0	0	509	
0	0	0	0	0	509	
1	0	0	0	0	509	
2	0	0	0	0	509	
3	0	0	0	0	509	
4	0	0	0	0	509	
5	0	0	0	0	508	
6	0	0	0	0	508	
7	0	0	0	0	508	
8	0	0	0	0	509	
9	0	0	0	0	509	
10	0	0	0	0	509	
11	0	0	0	0	510	
12	0	0	0	0	510	
13	0	0	0	0	510	
14	0	0	0	0	511	
15	0	0	0	0	510	
0	0	0	0	0	510	
1	0	0	0	0	510	
2	0	0	0	0	510	
3	0	0	0	0	510	
4	0	0	0	0	509	
5	0	0	0	0	508	
6	0	0	0	0	508	
7	0	0	0	0	508	
8	0	0	0	0	508	
9	0	0	0	0	508	
10	0	0	0	0	508	
11	0	0	0	0	508	
12	0	0	0	0	508	
13	0	0	0	0	509	
14	0	0	0	0	509	
15	0	0	0	0	510	
0	0	0	0	0	510	
1	0	0	0	0	509	
2	0	0	0	0	510	
3	0	0	0	0	510	
4	0	0	0	0	510	
5	0	0	0	0	510	
6	0	0	0	0	510	
7	0	0	0	0	510	
8	0	0	0	0	510	
9	0	0	0	0	511	
10	0	0	0	0	511	
11	0	0	0	0	511	
12	0	0	0	0	511	
13	0	0	0	0	511	
14	0	0	0	0	512	
15	0	0	0	0	512	
0	0	0	0	0	512	
1	0	0	0	0	512	
2	0	0	0	0	512	
3	0	0	0	0	511	
4	0	0	0	0	510	
5	0	0	0	0	510	
6	0	0	0	0	510	
7	0	0	0	0	510	
8	0	0	0	0	510	
9	0	0	0	0	510	
10	0	0	0	0	509	
11	0	0	0	0	509	
12	0	0	0	0	509	
13	0	0	0	0	509	
14	0	0	0	0	510	
15	0	0	0	0	511	
0	0	0	0	0	511	
1	0	0	0	0	511	
2	0	0	0	0	512	
3	0	0	0	0	511	
4	0	0	0	0	511	
5	0	0	0	0	512	
6	0	0	0	0	511	
7	0	0	0	0	511	
8	0	0	0	0	511	
9	0	0	0	0	511	
10	0	0	0	0	511	
11	0	0	0	0	512	
12	0	0	0	0	512	
13	0	0	0	0	513	
14	0	0	0	0	513	
15	0	0	0	0	515	
0	0	0	0	0	515	
1	0	0	0	0	516	
2	0	0	0	0	516	
3	0	0	0	0	516	
4	0	0	0	0	516	
5	0	0	0	0	516	
6	0	0	0	0	517	
7	0	0	0	0	518	
8	0	0	0	0	519	
9	0	0	0	0	519	
10	0	0	0	0	520	
11	0	0	0	0	522	
12	0	0	0	0	523	
13	0	0	0	0	523	
14	0	0	0	0	524	
15	0	0	0	0	524	
0	0	0	0	0	526	
1	0	0	0	0	526	
2	0	0	0	0	526	
3	0	0	0	0	526	
4	0	0	0	0	527	
5	0	0	0	0	527	
6	0	0	0	0	527	
7	0	0	0	0	528	
8	0	0	0	0	530	
9	0	0	0	0	531	
10	0	0	0	0	533	
11	0	0	0	0	535	
12	0	0	0	0	537	
13	0	0	0	0	540	
14	0	0	0	0	543	
15	0	0	0	0	547	
0	0	0	0	0	548	
1	0	0	0	0	548	
2	0	0	0	0	548	
3	0	0	0	0	547	
4	0	0	0	0	546	
5	0	0	0	0	544	
6	0	0	0	0	543	
7	0	0	0	0	540	
8	0	0	0	0	537	
9	0	0	0	0	536	
10	0	0	0	0	534	
11	0	0	0	0	532	
12	0	0	0	0	531	
13	0	0	0	0	531	
14	0	0	0	0	529	
15	0	0	0	0	527	
0	0	0	0	0	526	
1	0	0	0	0	524	
2	0	0	0	0	523	
3	0	0	0	0	523	
4	0	0	0	0	522	
5	0	0	0	0	521	
6	0	0	0	0	519	
7	0	0	0	0	519	
8	0	0	0	0	518	
9	0	0	0	0	516	
10	0	0	0	0	516	
11	0	0	0	0	515	
12	0	0	0	0	515	
13	0	0	0	0	515	
14	0	0	0	0	515	
15	0	0	0	0	515	
0	0	0	0	0	513	
1	0	0	0	0	512	
2	0	0	0	0	511	
3	0	0	0	0	510	
4	0	0	0	0	509	
5	0	0	0	0	508	
6	0	0	0	0	507	
7	0	0	0	0	507	
8	0	0	0	0	505	
9	0	0	0	0	504	
10	0	0	0	0	503	
11	0	0	0	0	502	
12	0	0	0	0	502	
13	0	0	0	0	502	
14	0	0	0	0	501	
15	0	0	0	0	501	
0	0	0	0	0	501	
1	0	0	0	0	500	
2	0	0	0	0	500	
3	0	0	0	0	499	
4	0	0	0	0	499	
5	0	0	0	0	500	
6	0	0	0	0	499	
7	0	0	0	0	499	
8	0	0	0	0	498	
9	0	0	0	0	498	
10	0	0	0	0	497	
11	0	0	0	0	497	
12	0	0	0	0	496	
13	0	0	0	0	496	
14	0	0	0	0	496	
15	0	0	0	0	496	
0	0	0	0	0	496	
1	0	0	0	0	496	
2	0	0	0	0	496	
3	0	0	0	0	497	
4	0	0	0	0	496	
5	0	0	0	0	497	
6	0	0	0	0	497	
7	0	0	0	0	496	
8	0	0	0	0	496	
9	0	0	0	0	497	
10	0	0	0	0	497	
11	0	0	0	0	497	
12	0	0	0	0	497	
13	0	0	0	0	497	
14	0	0	0	0	498	
15	0	0	0	0	498	
0	0	0	0	0	498	
1	0	0	0	0	497	
2	0	0	0	0	497	
3	0	0	0	0	498	
4	0	0	0	0	498	
5	0	0	0	0	497	
6	0	0	0	0	495	
7	0	0	0	0	494	
8	0	0	0	0	492	
9	0	0	0	0	492	
10	0	0	0	0	489	
11	0	0	0	0	487	
12	0	0	0	0	484	
13	0	0	0	0	481	
14	0	0	0	0	477	
15	0	0	0	0	473	
0	0	0	0	0	472	
1	0	0	0	0	469	
2	0	0	0	0	467	
3	0	0	0	0	466	
4	0	0	0	0	466	
5	0	0	0	0	464	
6	0	0	0	0	462	
7	0	0	0	0	461	
8	0	0	0	0	460	
9	0	0	0	0	459	
10	0	0	0	0	457	
11	0	0	0	0	459	
12	0	0	0	0	461	
13	0	0	0	0	466	
14	0	0	0	0	476	
15	0	0	0	0	491	
0	0	0	0	0	511	
1	0	0	0	0	536	
2	0	0	0	0	566	
3	0	0	0	0	602	
4	0	0	0	0	643	
5	0	0	0	0	687	
6	0	0	0	0	732	
7	0	0	0	0	778	
8	0	0	0	0	824	
9	0	0	0	0	869	
10	0	0	0	0	907	
11	0	0	0	0	934	
12	0	0	0	0	950	
13	0	0	0	0	950	
14	0	0	0	0	942	
15	0	0	0	0	923	
0	0	0	0	0	898	
1	0	0	0	0	870	
2	0	0	0	0	839	
3	0	0	0	0	807	
4	0	0	0	0	773	
5	0	0	0	0	744	
6	0	0	0	0	718	
7	0	0	0	0	691	
8	0	0	0	0	665	
9	0	0	0	0	639	
10	0	0	0	0	615	
11	0	0	0	0	593	
12	0	0	0	0	572	
13	0	0	0	0	554	
14	0	0	0	0	540	
15	0	0	0	0	528	
0	0	0	0	0	519	
1	0	0	0	0	513	
2	0	0	0	0	507	
3	0	0	0	0	500	
4	0	0	0	0	496	
5	0	0	0	0	491	
6	0	0	0	0	487	
7	0	0	0	0	482	
8	0	0	0	0	478	
9	0	0	0	0	473	
10	0	0	0	0	468	
11	0	0	0	0	464	
12	0	0	0	0	460	
13	0	0	0	0	457	
14	0	0	0	0	455	
15	0	0	0	0	452	
0	0	0	0	0	451	
1	0	0	0	0	448	
2	0	0	0	0	447	
3	0	0	0	0	445	
4	0	0	0	0	444	
5	0	0	0	0	444	
6	0	0	0	0	444	
7	0	0	0	0	443	
8	0	0	0	0	443	
9	0	0	0	0	442	
10	0	0	0	0	442	
11	0	0	0	0	442	
12	0	0	0	0	442	
13	0	0	0	0	442	
14	0	0	0	0	442	
15	0	0	0	0	441	
0	0	0	0	0	441	
1	0	0	0	0	441	
2	0	0	0	0	441	
3	0	0	0	0	441	
4	0	0	0	0	442	
5	0	0	0	0	442	
6	0	0	0	0	443	
7	0	0	0	0	444	
8	0	0	0	0	444	
9	0	0	0	0	445	
10	0	0	0	0	445	
11	0	0	0	0	446	
12	0	0	0	0	447	
13	0	0	0	0	448	
14	0	0	0	0	448	
15	0	0	0	0	449	
0	0	0	0	0	449	
1	0	0	0	0	450	
2	0	0	0	0	450	
3	0	0	0	0	451	
4	0	0	0	0	453	
5	0	0	0	0	454	
6	0	0	0	0	455	
7	0	0	0	0	456	
8	0	0	0	0	457	
9	0	0	0	0	458	
10	0	0	0	0	460	
11	0	0	0	0	461	
12	0	0	0	0	462	
13	0	0	0	0	462	
14	0	0	0	0	461	
15	0	0	0	0	462	
0	0	0	0	0	462	
1	0	0	0	0	462	
2	0	0	0	0	463	
3	0	0	0	0	464	
4	0	0	0	0	464	
5	0	0	0	0	464	
6	0	0	0	0	466	
7	0	0	0	0	467	
8	0	0	0	0	468	
9	0	0	0	0	469	
10	0	0	0	0	471	
11	0	0	0	0	472	
12	0	0	0	0	473	
13	0	0	0	0	475	
14	0	0	0	0	475	
15	0	0	0	0	474	
0	0	0	0	0	475	
1	0	0	0	0	475	
2	0	0	0	0	475	
3	0	0	0	0	475	
4	0	0	0	0	475	
5	0	0	0	0	476	
6	0	0	0	0	476	
7	0	0	0	0	477	
8	0	0	0	0	478	
9	0	0	0	0	478	
10	0	0	0	0	480	
11	0	0	0	0	480	
12	0	0	0	0	482	
13	0	0	0	0	483	
14	0	0	0	0	483	
15	0	0	0	0	484	
0	0	0	0	0	484	
1	0	0	0	0	484	
2	0	0	0	0	485	
3	0	0	0	0	485	
4	0	0	0	0	486	
5	0	0	0	0	487	
6	0	0	0	0	487	
7	0	0	0	0	488	
8	0	0	0	0	489	
9	0	0	0	0	490	
10	0	0	0	0	491	
11	0	0	0	0	492	
12	0	0	0	0	492	
13	0	0	0	0	494	
14	0	0	0	0	495	
15	0	0	0	0	494	
0	0	0	0	0	495	
1	0	0	0	0	496	
2	0	0	0	0	496	
3	0	0	0	0	496	
4	0	0	0	0	497	
5	0	0	0	0	498	
6	0	0	0	0	499	
7	0	0	0	0	499	
8	0	0	0	0	500	
9	0	0	0	0	501	
10	0	0	0	0	502	
11	0	0	0	0	504	
12	0	0	0	0	505	
13	0	0	0	0	507	
14	0	0	0	0	508	
15	0	0	0	0	509	
0	0	0	0	0	509	
1	0	0	0	0	510	
2	0	0	0	0	510	
3	0	0	0	0	510	
4	0	0	0	0	510	
5	0	0	0	0	511	
6	0	0	0	0	511	
7	0	0	0	0	511	
8	0	0	0	0	511	
9	0	0	0	0	511	
10	0	0	0	0	512	
11	0	0	0	0	513	
12	0	0	0	0	515	
13	0	0	0	0	516	
14	0	0	0	0	516	
15	0	0	0	0	517	
0	0	0	0	0	517	
1	0	0	0	0	518	
2	0	0	0	0	518	
3	0	0	0	0	519	
4	0	0	0	0	519	
5	0	0	0	0	519	
6	0	0	0	0	520	
7	0	0	0	0	521	
8	0	0	0	0	521	
9	0	0	0	0	522	
10	0	0	0	0	523	
11	0	0	0	0	524	
12	0	0	0	0	526	
13	0	0	0	0	527	
14	0	0	0	0	527	
15	0	0	0	0	528	
0	0	0	0	0	529	
1	0	0	0	0	529	
2	0	0	0	0	529	
3	0	0	0	0	530	
4	0	0	0	0	530	
5	0	0	0	0	530	
6	0	0	0	0	531	
7	0	0	0	0	532	
8	0	0	0	0	533	
9	0	0	0	0	534	
10	0	0	0	0	535	
11	0	0	0	0	536	
12	0	0	0	0	537	
13	0	0	0	0	538	
14	0	0	0	0	538	
15	0	0	0	0	539	
0	0	0	0	0	539	
1	0	0	0	0	540	
2	0	0	0	0	540	
3	0	0	0	0	540	
4	0	0	0	0	541	
5	0	0	0	0	542	
6	0	0	0	0	542	
7	0	0	0	0	541	
8	0	0	0	0	541	
9	0	0	0	0	541	
10	0	0	0	0	541	
11	0	0	0	0	542	
12	0	0	0	0	542	
13	0	0	0	0	543	
14	0	0	0	0	543	
15	0	0	0	0	543	
0	0	0	0	0	544	
1	0	0	0	0	545	
2	0	0	0	0	545	
3	0	0	0	0	545	
4	0	0	0	0	545	
5	0	0	0	0	546	
6	0	0	0	0	545	
7	0	0	0	0	545	
8	0	0	0	0	545	
9	0	0	0	0	544	
10	0	0	0	0	544	
11	0	0	0	0	544	
12	0	0	0	0	544	
13	0	0	0	0	544	
14	0	0	0	0	544	
15	0	0	0	0	545	
0	0	0	0	0	545	
1	0	0	0	0	545	
2	0	0	0	0	545	
3	0	0	0	0	545	
4	0	0	0	0	544	
5	0	0	0	0	544	
6	0	0	0	0	543	
7	0	0	0	0	543	
8	0	0	0	0	542	
9	0	0	0	0	542	
10	0	0	0	0	541	
11	0	0	0	0	540	
12	0	0	0	0	540	
13	0	0	0	0	539	
14	0	0	0	0	538	
15	0	0	0	0	537	
0	0	0	0	0	537	
1	0	0	0	0	537	
2	0	0	0	0	536	
3	0	0	0	0	533	
4	0	0	0	0	532	
5	0	0	0	0	531	
6	0	0	0	0	529	
7	0	0	0	0	527	
8	0	0	0	0	525	
9	0	0	0	0	523	
10	0	0	0	0	520	
11	0	0	0	0	519	
12	0	0	0	0	517	
13	0	0	0	0	516	
14	0	0	0	0	515	
15	0	0	0	0	513	
0	0	0	0	0	511	
1	0	0	0	0	509	
2	0	0	0	0	507	
3	0	0	0	0	504	
4	0	0	0	0	503	
5	0	0	0	0	501	
6	0	0	0	0	500	
7	0	0	0	0	498	
8	0	0	0	0	496	
9	0	0	0	0	494	
10	0	0	0	0	492	
11	0	0	0	0	490	
12	0	0	0	0	489	
13	0	0	0	0	487	
14	0	0	0	0	486	
15	0	0	0	0	485	
0	0	0	0	0	483	
1	0	0	0	0	482	
2	0	0	0	0	481	
3	0	0	0	0	480	
4	0	0	0	0	480	
5	0	0	0	0	478	
6	0	0	0	0	476	
7	0	0	0	0	475	
8	0	0	0	0	474	
9	0	0	0	0	474	
10	0	0	0	0	473	
11	0	0	0	0	472	
12	0	0	0	0	471	
13	0	0	0	0	470	
14	0	0	0	0	470	
15	0	0	0	0	470	
0	0	0	0	0	470	
1	0	0	0	0	470	
2	0	0	0	0	470	
3	0	0	0	0	469	
4	0	0	0	0	468	
5	0	0	0	0	467	
6	0	0	0	0	467	
7	0	0	0	0	467	
8	0	0	0	0	467	
9	0	0	0	0	467	
10	0	0	0	0	467	
11	0	0	0	0	467	
12	0	0	0	0	467	
13	0	0	0	0	467	
14	0	0	0	0	466	
15	0	0	0	0	466	
0	0	0	0	0	466	
1	0	0	0	0	467	
2	0	0	0	0	467	
3	0	0	0	0	468	
4	0	0	0	0	467	
5	0	0	0	0	468	
6	0	0	0	0	468	
7	0	0	0	0	468	
8	0	0	0	0	469	
9	0	0	0	0	469	
10	0	0	0	0	469	
11	0	0	0	0	469	
12	0	0	0	0	469	
13	0	0	0	0	469	
14	0	0	0	0	469	
15	0	0	0	0	470	
0	0	0	0	0	470	
1	0	0	0	0	471	
2	0	0	0	0	472	
3	0	0	0	0	472	
4	0	0	0	0	473	
5	0	0	0	0	474	
6	0	0	0	0	475	
7	0	0	0	0	475	
8	0	0	0	0	476	
9	0	0	0	0	475	
10	0	0	0	0	476	
11	0	0	0	0	476	
12	0	0	0	0	476	
13	0	0	0	0	476	
14	0	0	0	0	477	
15	0	0	0	0	477	
0	0	0	0	0	478	
1	0	0	0	0	478	
2	0	0	0	0	479	
3	0	0	0	0	480	
4	0	0	0	0	481	
5	0	0	0	0	482	
6	0	0	0	0	482	
7	0	0	0	0	482	
8	0	0	0	0	482	
9	0	0	0	0	482	
10	0	0	0	0	482	
11	0	0	0	0	483	
12	0	0	0	0	483	
13	0	0	0	0	483	
14	0	0	0	0	484	
15	0	0	0	0	484	
0	0	0	0	0	484	
1	0	0	0	0	485	
2	0	0	0	0	485	
3	0	0	0	0	486	
4	0	0	0	0	487	
5	0	0	0	0	487	
6	0	0	0	0	487	
7	0	0	0	0	487	
8	0	0	0	0	487	
9	0	0	0	0	487	
10	0	0	0	0	487	
11	0	0	0	0	487	
12	0	0	0	0	487	
13	0	0	0	0	487	
14	0	0	0	0	488	
15	0	0	0	0	489	
0	0	0	0	0	488	
1	0	0	0	0	489	
2	0	0	0	0	489	
3	0	0	0	0	490	
4	0	0	0	0	491	
5	0	0	0	0	492	
6	0	0	0	0	492	
7	0	0	0	0	493	
8	0	0	0	0	494	
9	0	0	0	0	494	
10	0	0	0	0	494	
11	0	0	0	0	494	
12	0	0	0	0	493	
13	0	0	0	0	494	
14	0	0	0	0	493	
15	0	0	0	0	494	
0	0	0	0	0	494	
1	0	0	0	0	495	
2	0	0	0	0	495	
3	0	0	0	0	495	
4	0	0	0	0	495	
5	0	0	0	0	496	
6	0	0	0	0	496	
7	0	0	0	0	497	
8	0	0	0	0	497	
9	0	0	0	0	497	
10	0	0	0	0	498	
11	0	0	0	0	498	
12	0	0	0	0	498	
13	0	0	0	0	497	
14	0	0	0	0	497	
15	0	0	0	0	497	
0	0	0	0	0	496	
1	0	0	0	0	497	
2	0	0	0	0	498	
3	0	0	0	0	497	
4	0	0	0	0	497	
5	0	0	0	0	498	
6	0	0	0	0	499	
7	0	0	0	0	499	
8	0	0	0	0	499	
9	0	0	0	0	500	
10	0	0	0	0	500	
11	0	0	0	0	501	
12	0	0	0	0	502	
13	0	0	0	0	502	
14	0	0	0	0	502	
15	0	0	0	0	502	
0	0	0	0	0	501	
1	0	0	0	0	501	
2	0	0	0	0	500	
3	0	0	0	0	500	
4	0	0	0	0	500	
5	0	0	0	0	499	
6	0	0	0	0	500	
7	0	0	0	0	501	
8	0	0	0	0	501	
9	0	0	0	0	502	
10	0	0	0	0	502	
11	0	0	0	0	502	
12	0	0	0	0	502	
13	0	0	0	0	502	
14	0	0	0	0	502	
15	0	0	0	0	501	
0	0	0	0	0	501	
1	0	0	0	0	501	
2	0	0	0	0	502	
3	0	0	0	0	501	
4	0	0	0	0	501	
5	0	0	0	0	501	
6	0	0	0	0	503	
7	0	0	0	0	503	
8	0	0	0	0	502	
9	0	0	0	0	502	
10	0	0	0	0	503	
11	0	0	0	0	503	
12	0	0	0	0	503	
13	0	0	0	0	503	
14	0	0	0	0	503	
15	0	0	0	0	503	
0	0	0	0	0	503	
1	0	0	0	0	503	
2	0	0	0	0	503	
3	0	0	0	0	503	
4	0	0	0	0	503	
5	0	0	0	0	503	
6	0	0	0	0	504	
7	0	0	0	0	504	
8	0	0	0	0	505	
9	0	0	0	0	505	
10	0	0	0	0	505	
11	0	0	0	0	504	
12	0	0	0	0	504	
13	0	0	0	0	504	
14	0	0	0	0	504	
15	0	0	0	0	503	
0	0	0	0	0	504	
1	0	0	0	0	504	
2	0	0	0	0	504	
3	0	0	0	0	504	
4	0	0	0	0	505	
5	0	0	0	0	505	
6	0	0	0	0	504	
7	0	0	0	0	505	
8	0	0	0	0	506	
9	0	0	0	0	506	
10	0	0	0	0	507	
11	0	0	0	0	507	
12	0	0	0	0	507	
13	0	0	0	0	508	
14	0	0	0	0	508	
15	0	0	0	0	507	
0	0	0	0	0	506	
1	0	0	0	0	505	
2	0	0	0	0	505	
3	0	0	0	0	505	
4	0	0	0	0	505	
5	0	0	0	0	504	
6	0	0	0	0	505	
7	0	0	0	0	505	
8	0	0	0	0	505	
9	0	0	0	0	505	
10	0	0	0	0	505	
11	0	0	0	0	506	
12	0	0	0	0	507	
13	0	0	0	0	507	
14	0	0	0	0	507	
15	0	0	0	0	507	
0	0	0	0	0	506	
1	0	0	0	0	506	
2	0	0	0	0	506	
3	0	0	0	0	506	
4	0	0	0	0	506	
5	0	0	0	0	507	
6	0	0	0	0	507	
7	0	0	0	0	507	
8	0	0	0	0	507	
9	0	0	0	0	508	
10	0	0	0	0	508	
11	0	0	0	0	507	
12	0	0	0	0	508	
13	0	0	0	0	508	
14	0	0	0	0	507	
15	0	0	0	0	508	
0	0	0	0	0	507	
1	0	0	0	0	508	
2	0	0	0	0	508	
3	0	0	0	0	507	
4	0	0	0	0	507	
5	0	0	0	0	508	
6	0	0	0	0	508	
7	0	0	0	0	507	
8	0	0	0	0	507	
9	0	0	0	0	508	
10	0	0	0	0	508	
11	0	0	0	0	508	
12	0	0	0	0	508	
13	0	0	0	0	508	
14	0	0	0	0	508	
15	0	0	0	0	508	
0	0	0	0	0	509	
1	0	0	0	0	508	
2	0	0	0	0	508	
3	0	0	0	0	508	
4	0	0	0	0	508	
5	0	0	0	0	508	
6	0	0	0	0	508	
7	0	0	0	0	508	
8	0	0	0	0	508	
9	0	0	0	0	507	
10	0	0	0	0	507	
11	0	0	0	0	508	
12	0	0	0	0	508	
13	0	0	0	0	509	
14	0	0	0	0	510	
15	0	0	0	0	510	
0	0	0	0	0	510	
1	0	0	0	0	511	
2	0	0	0	0	510	
3	0	0	0	0	509	
4	0	0	0	0	508	
5	0	0	0	0	508	
6	0	0	0	0	508	
7	0	0	0	0	508	
8	0	0	0	0	509	
9	0	0	0	0	509	
10	0	0	0	0	509	
11	0	0	0	0	510	
12	0	0	0	0	510	
13	0	0	0	0	511	
14	0	0	0	0	511	
15	0	0	0	0	512	
0	0	0	0	0	512	
1	0	0	0	0	512	
2	0	0	0	0	512	
3	0	0	0	0	512	
4	0	0	0	0	512	
5	0	0	0	0	512	
6	0	0	0	0	512	
7	0	0	0	0	512	
8	0	0	0	0	512	
9	0	0	0	0	513	
10	0	0	0	0	513	
11	0	0	0	0	513	
12	0	0	0	0	513	
13	0	0	0	0	514	
14	0	0	0	0	514	
15	0	0	0	0	514	
0	0	0	0	0	515	
1	0	0	0	0	515	
2	0	0	0	0	515	
3	0	0	0	0	514	
4	0	0	0	0	513	
5	0	0	0	0	513	
6	0	0	0	0	513	
7	0	0	0	0	512	
8	0	0	0	0	512	
9	0	0	0	0	512	
10	0	0	0	0	512	
11	0	0	0	0	512	
12	0	0	0	0	513	
13	0	0	0	0	514	
14	0	0	0	0	514	
15	0	0	0	0	515	
0	0	0	0	0	515	
1	0	0	0	0	515	
2	0	0	0	0	515	
3	0	0	0	0	515	
4	0	0	0	0	515	
5	0	0	0	0	514	
6	0	0	0	0	513	
7	0	0	0	0	513	
8	0	0	0	0	512	
9	0	0	0	0	512	
10	0	0	0	0	512	
11	0	0	0	0	512	
12	0	0	0	0	512	
13	0	0	0	0	512	
14	0	0	0	0	513	
15	0	0	0	0	513	
0	0	0	0	0	515	
1	0	0	0	0	515	
2	0	0	0	0	514	
3	0	0	0	0	515	
4	0	0	0	0	515	
5	0	0	0	0	514	
6	0	0	0	0	514	
7	0	0	0	0	514	
8	0	0	0	0	515	
9	0	0	0	0	515	
10	0	0	0	0	514	
11	0	0	0	0	513	
12	0	0	0	0	513	
13	0	0	0	0	513	
14	0	0	0	0	513	
15	0	0	0	0	513	
0	0	0	0	0	514	
1	0	0	0	0	515	
2	0	0	0	0	515	
3	0	0	0	0	515	
4	0	0	0	0	516	
5	0	0	0	0	516	
6	0	0	0	0	516	
7	0	0	0	0	516	
8	0	0	0	0	517	
9	0	0	0	0	516	
10	0	0	0	0	516	
11	0	0	0	0	517	
12	0	0	0	0	517	
13	0	0	0	0	517	
14	0	0	0	0	519	
15	0	0	0	0	519	
0	0	0	0	0	521	
1	0	0	0	0	523	
2	0	0	0	0	524	
3	0	0	0	0	526	
4	0	0	0	0	527	
5	0	0	0	0	527	
6	0	0	0	0	527	
7	0	0	0	0	527	
8	0	0	0	0	527	
9	0	0	0	0	527	
10	0	0	0	0	527	
11	0	0	0	0	528	
12	0	0	0	0	529	
13	0	0	0	0	531	
14	0	0	0	0	532	
15	0	0	0	0	533	
0	0	0	0	0	534	
1	0	0	0	0	535	
2	0	0	0	0	536	
3	0	0	0	0	539	
4	0	0	0	0	541	
5	0	0	0	0	543	
6	0	0	0	0	545	
7	0	0	0	0	547	
8	0	0	0	0	549	
9	0	0	0	0	550	
10	0	0	0	0	550	
11	0	0	0	0	548	
12	0	0	0	0	546	
13	0	0	0	0	545	
14	0	0	0	0	543	
15	0	0	0	0	542	
0	0	0	0	0	540	
1	0	0	0	0	540	
2	0	0	0	0	539	
3	0	0	0	0	538	
4	0	0	0	0	537	
5	0	0	0	0	535	
6	0	0	0	0	533	
7	0	0	0	0	530	
8	0	0	0	0	528	
9	0	0	0	0	526	
10	0	0	0	0	524	
11	0	0	0	0	523	
12	0	0	0	0	521	
13	0	0	0	0	520	
14	0	0	0	0	519	
15	0	0	0	0	518	
0	0	0	0	0	518	
1	0	0	0	0	517	
2	0	0	0	0	518	
3	0	0	0	0	517	
4	0	0	0	0	517	
5	0	0	0	0	516	
6	0	0	0	0	516	
7	0	0	0	0	517	
8	0	0	0	0	516	
9	0	0	0	0	515	
10	0	0	0	0	514	
11	0	0	0	0	512	
12	0	0	0	0	511	
13	0	0	0	0	510	
14	0	0	0	0	509	
15	0	0	0	0	509	
0	0	0	0	0	508	
1	0	0	0	0	507	
2	0	0	0	0	506	
3	0	0	0	0	505	
4	0	0	0	0	505	
5	0	0	0	0	505	
6	0	0	0	0	504	
7	0	0	0	0	504	
8	0	0	0	0	504	
9	0	0	0	0	504	
10	0	0	0	0	503	
11	0	0	0	0	502	
12	0	0	0	0	500	
13	0	0	0	0	499	
14	0	0	0	0	499	
15	0	0	0	0	499	
0	0	0	0	0	499	
1	0	0	0	0	499	
2	0	0	0	0	498	
3	0	0	0	0	499	
4	0	0	0	0	499	
5	0	0	0	0	499	
6	0	0	0	0	500	
7	0	0	0	0	500	
8	0	0	0	0	500	
9	0	0	0	0	500	
10	0	0	0	0	500	
11	0	0	0	0	500	
12	0	0	0	0	500	
13	0	0	0	0	500	
14	0	0	0	0	499	
15	0	0	0	0	499	
0	0	0	0	0	500	
1	0	0	0	0	500	
2	0	0	0	0	500	
3	0	0	0	0	501	
4	0	0	0	0	500	
5	0	0	0	0	500	
6	0	0	0	0	501	
7	0	0	0	0	501	
8	0	0	0	0	502	
9	0	0	0	0	502	
10	0	0	0	0	502	
11	0	0	0	0	501	
12	0	0	0	0	500	
13	0	0	0	0	499	
14	0	0	0	0	497	
15	0	0	0	0	495	
0	0	0	0	0	493	
1	0	0	0	0	492	
2	0	0	0	0	489	
3	0	0	0	0	488	
4	0	0	0	0	487	
5	0	0	0	0	484	
6	0	0	0	0	481	
7	0	0	0	0	477	
8	0	0	0	0	474	
9	0	0	0	0	472	
10	0	0	0	0	471	
11	0	0	0	0	468	
12	0	0	0	0	467	
13	0	0	0	0	465	
14	0	0	0	0	462	
15	0	0	0	0	460	
0	0	0	0	0	458	
1	0	0	0	0	456	
2	0	0	0	0	454	
3	0	0	0	0	455	
4	0	0	0	0	458	
5	0	0	0	0	462	
6	0	0	0	0	471	
7	0	0	0	0	485	
8	0	0	0	0	504	
9	0	0	0	0	528	
10	0	0	0	0	558	
11	0	0	0	0	593	
12	0	0	0	0	633	
13	0	0	0	0	677	
14	0	0	0	0	723	
15	0	0	0	0	769	
0	0	0	0	0	817	
1	0	0	0	0	864	
2	0	0	0	0	905	
3	0	0	0	0	937	
4	0	0	0	0	958	
5	0	0	0	0	965	
6	0	0	0	0	960	
7	0	0	0	0	944	
8	0	0	0	0	921	
9	0	0	0	0	894	
10	0	0	0	0	863	
11	0	0	0	0	830	
12	0	0	0	0	797	
13	0	0	0	0	768	
14	0	0	0	0	741	
15	0	0	0	0	715	
0	0	0	0	0	688	
1	0	0	0	0	663	
2	0	0	0	0	637	
3	0	0	0	0	612	
4	0	0	0	0	591	
5	0	0	0	0	572	
6	0	0	0	0	558	
7	0	0	0	0	545	
8	0	0	0	0	535	
9	0	0	0	0	527	
10	0	0	0	0	520	
11	0	0	0	0	515	
12	0	0	0	0	510	
13	0	0	0	0	504	
14	0	0	0	0	499	
15	0	0	0	0	493	
0	0	0	0	0	487	
1	0	0	0	0	481	
2	0	0	0	0	476	
3	0	0	0	0	471	
4	0	0	0	0	466	
5	0	0	0	0	463	
6	0	0	0	0	460	
7	0	0	0	0	457	
8	0	0	0	0	455	
9	0	0	0	0	454	
10	0	0	0	0	452	
11	0	0	0	0	450	
12	0	0	0	0	448	
13	0	0	0	0	448	
14	0	0	0	0	446	
15	0	0	0	0	445	
0	0	0	0	0	444	
1	0	0	0	0	444	
2	0	0	0	0	443	
3	0	0	0	0	443	
4	0	0	0	0	443	
5	0	0	0	0	442	
6	0	0	0	0	443	
7	0	0	0	0	443	
8	0	0	0	0	443	
9	0	0	0	0	444	
10	0	0	0	0	444	
11	0	0	0	0	444	
12	0	0	0	0	444	
13	0	0	0	0	444	
14	0	0	0	0	444	
15	0	0	0	0	444	
0	0	0	0	0	444	
1	0	0	0	0	444	
2	0	0	0	0	444	
3	0	0	0	0	445	
4	0	0	0	0	445	
5	0	0	0	0	445	
6	0	0	0	0	446	
7	0	0	0	0	447	
8	0	0	0	0	447	
9	0	0	0	0	448	
10	0	0	0	0	449	
11	0	0	0	0	449	
12	0	0	0	0	451	
13	0	0	0	0	451	
14	0	0	0	0	451	
15	0	0	0	0	452	
0	0	0	0	0	452	
1	0	0	0	0	452	
2	0	0	0	0	453	
3	0	0	0	0	454	
4	0	0	0	0	454	
5	0	0	0	0	455	
6	0	0	0	0	455	
7	0	0	0	0	456	
8	0	0	0	0	458	
9	0	0	0	0	459	
10	0	0	0	0	460	
11	0	0	0	0	462	
12	0	0	0	0	462	
13	0	0	0	0	463	
14	0	0	0	0	464	
15	0	0	0	0	465	
0	0	0	0	0	466	
1	0	0	0	0	466	
2	0	0	0	0	467	
3	0	0	0	0	467	
4	0	0	0	0	468	
5	0	0	0	0	468	
6	0	0	0	0	469	
7	0	0	0	0	469	
8	0	0	0	0	470	
9	0	0	0	0	471	
10	0	0	0	0	473	
11	0	0	0	0	475	
12	0	0	0	0	476	
13	0	0	0	0	476	
14	0	0	0	0	477	
15	0	0	0	0	478	
0	0	0	0	0	478	
1	0	0	0	0	477	
2	0	0	0	0	478	
3	0	0	0	0	478	
4	0	0	0	0	478	
5	0	0	0	0	479	
6	0	0	0	0	480	
7	0	0	0	0	481	
8	0	0	0	0	482	
9	0	0	0	0	483	
10	0	0	0	0	484	
11	0	0	0	0	485	
12	0	0	0	0	486	
13	0	0	0	0	486	
14	0	0	0	0	487	
15	0	0	0	0	488	
0	0	0	0	0	488	
1	0	0	0	0	488	
2	0	0	0	0	488	
3	0	0	0	0	489	
4	0	0	0	0	489	
5	0	0	0	0	491	
6	0	0	0	0	492	
7	0	0	0	0	492	
8	0	0	0	0	493	
9	0	0	0	0	493	
10	0	0	0	0	494	
11	0	0	0	0	494	
12	0	0	0	0	495	
13	0	0	0	0	496	
14	0	0	0	0	496	
15	0	0	0	0	496	
0	0	0	0	0	497	
1	0	0	0	0	498	
2	0	0	0	0	499	
3	0	0	0	0	499	
4	0	0	0	0	499	
5	0	0	0	0	499	
6	0	0	0	0	500	
7	0	0	0	0	501	
8	0	0	0	0	503	
9	0	0	0	0	503	
10	0	0	0	0	504	
11	0	0	0	0	504	
12	0	0	0	0	505	
13	0	0	0	0	506	
14	0	0	0	0	507	
15	0	0	0	0	508	
0	0	0	0	0	508	
1	0	0	0	0	508	
2	0	0	0	0	509	
3	0	0	0	0	509	
4	0	0	0	0	510	
5	0	0	0	0	510	
6	0	0	0	0	511	
7	0	0	0	0	512	
8	0	0	0	0	512	
9	0	0	0	0	513	
10	0	0	0	0	513	
11	0	0	0	0	514	
12	0	0	0	0	515	
13	0	0	0	0	516	
14	0	0	0	0	516	
15	0	0	0	0	518	
0	0	0	0	0	518	
1	0	0	0	0	519	
2	0	0	0	0	519	
3	0	0	0	0	520	
4	0	0	0	0	521	
5	0	0	0	0	521	
6	0	0	0	0	521	
7	0	0	0	0	522	
8	0	0	0	0	522	
9	0	0	0	0	523	
10	0	0	0	0	524	
11	0	0	0	0	525	
12	0	0	0	0	526	
13	0	0	0	0	527	
14	0	0	0	0	527	
15	0	0	0	0	528	
0	0	0	0	0	528	
1	0	0	0	0	529	
2	0	0	0	0	530	
3	0	0	0	0	531	
4	0	0	0	0	531	
5	0	0	0	0	531	
6	0	0	0	0	531	
7	0	0	0	0	531	
8	0	0	0	0	532	
9	0	0	0	0	532	
10	0	0	0	0	533	
11	0	0	0	0	534	
12	0	0	0	0	535	
13	0	0	0	0	535	
14	0	0	0	0	536	
15	0	0	0	0	536	
0	0	0	0	0	536	
1	0	0	0	0	537	
2	0	0	0	0	537	
3	0	0	0	0	537	
4	0	0	0	0	537	
5	0	0	0	0	537	
6	0	0	0	0	537	
7	0	0	0	0	538	
8	0	0	0	0	538	
9	0	0	0	0	538	
10	0	0	0	0	539	
11	0	0	0	0	539	
12	0	0	0	0	539	
13	0	0	0	0	539	
14	0	0	0	0	539	
15	0	0	0	0	539	
0	0	0	0	0	540	
1	0	0	0	0	540	
2	0	0	0	0	541	
3	0	0	0	0	541	
4	0	0	0	0	541	
5	0	0	0	0	541	
6	0	0	0	0	541	
7	0	0	0	0	541	
8	0	0	0	0	542	
9	0	0	0	0	541	
10	0	0	0	0	541	
11	0	0	0	0	540	
12	0	0	0	0	540	
13	0	0	0	0	540	
14	0	0	0	0	540	
15	0	0	0	0	540	
0	0	0	0	0	540	
1	0	0	0	0	540	
2	0	0	0	0	539	
3	0	0	0	0	539	
4	0	0	0	0	538	
5	0	0	0	0	537	
6	0	0	0	0	536	
7	0	0	0	0	535	
8	0	0	0	0	534	
9	0	0	0	0	533	
10	0	0	0	0	532	
11	0	0	0	0	531	
12	0	0	0	0	529	
13	0	0	0	0	528	
14	0	0	0	0	527	
15	0	0	0	0	525	
0	0	0	0	0	525	
1	0	0	0	0	524	
2	0	0	0	0	521	
3	0	0	0	0	520	
4	0	0	0	0	518	
5	0	0	0	0	516	
6	0	0	0	0	514	
7	0	0	0	0	512	
8	0	0	0	0	510	
9	0	0	0	0	508	
10	0	0	0	0	507	
11	0	0	0	0	504	
12	0	0	0	0	502	
13	0	0	0	0	500	
14	0	0	0	0	498	
15	0	0	0	0	496	
0	0	0	0	0	495	
1	0	0	0	0	493	
2	0	0	0	0	491	
3	0	0	0	0	489	
4	0	0	0	0	488	
5	0	0	0	0	486	
6	0	0	0	0	484	
7	0	0	0	0	483	
8	0	0	0	0	481	
9	0	0	0	0	479	
10	0	0	0	0	478	
11	0	0	0	0	477	
12	0	0	0	0	476	
13	0	0	0	0	475	
14	0	0	0	0	474	
15	0	0	0	0	472	
0	0	0	0	0	472	
1	0	0	0	0	471	
2	0	0	0	0	471	
3	0	0	0	0	470	
4	0	0	0	0	470	
5	0	0	0	0	468	
6	0	0	0	0	468	
7	0	0	0	0	467	
8	0	0	0	0	466	
9	0	0	0	0	466	
10	0	0	0	0	465	
11	0	0	0	0	465	
12	0	0	0	0	464	
13	0	0	0	0	464	
14	0	0	0	0	463	
15	0	0	0	0	463	
0	0	0	0	0	464	
1	0	0	0	0	464	
2	0	0	0	0	464	
3	0	0	0	0	464	
4	0	0	0	0	464	
5	0	0	0	0	464	
6	0	0	0	0	464	
7	0	0	0	0	463	
8	0	0	0	0	463	
9	0	0	0	0	463	
10	0	0	0	0	462	
11	0	0	0	0	462	
12	0	0	0	0	462	
13	0	0	0	0	463	
14	0	0	0	0	462	
15	0	0	0	0	463	
0	0	0	0	0	463	
1	0	0	0	0	465	
2	0	0	0	0	465	
3	0	0	0	0	466	
4	0	0	0	0	467	
5	0	0	0	0	468	
6	0	0	0	0	468	
7	0	0	0	0	468	
8	0	0	0	0	468	
9	0	0	0	0	468	
10	0	0	0	0	468	
11	0	0	0	0	469	
12	0	0	0	0	469	
13	0	0	0	0	469	
14	0	0	0	0	468	
15	0	0	0	0	468	
0	0	0	0	0	469	
1	0	0	0	0	470	
2	0	0	0	0	471	
3	0	0	0	0	472	
4	0	0	0	0	472	
5	0	0	0	0	473	
6	0	0	0	0	473	
7	0	0	0	0	474	
8	0	0	0	0	475	
9	0	0	0	0	476	
10	0	0	0	0	476	
11	0	0	0	0	476	
12	0	0	0	0	476	
13	0	0	0	0	477	
14	0	0	0	0	477	
15	0	0	0	0	476	
0	0	0	0	0	478	
1	0	0	0	0	478	
2	0	0	0	0	479	
3	0	0	0	0	480	
4	0	0	0	0	480	
5	0	0	0	0	481	
6	0	0	0	0	481	
7	0	0	0	0	482	
8	0	0	0	0	482	
9	0	0	0	0	482	
10	0	0	0	0	483	
11	0	0	0	0	483	
12	0	0	0	0	483	
13	0	0	0	0	483	
14	0	0	0	0	483	
15	0	0	0	0	483	
0	0	0	0	0	483	
1	0	0	0	0	484	
2	0	0	0	0	484	
3	0	0	0	0	485	
4	0	0	0	0	485	
5	0	0	0	0	486	
6	0	0	0	0	486	
7	0	0	0	0	486	
8	0	0	0	0	486	
9	0	0	0	0	487	
10	0	0	0	0	487	
11	0	0	0	0	487	
12	0	0	0	0	486	
13	0	0	0	0	486	
14	0	0	0	0	486	
15	0	0	0	0	487	
0	0	0	0	0	487	
1	0	0	0	0	488	
2	0	0	0	0	489	
3	0	0	0	0	490	
4	0	0	0	0	491	
5	0	0	0	0	491	
6	0	0	0	0	492	
7	0	0	0	0	492	
8	0	0	0	0	492	
9	0	0	0	0	492	
10	0	0	0	0	492	
11	0	0	0	0	492	
12	0	0	0	0	492	
13	0	0	0	0	492	
14	0	0	0	0	492	
15	0	0	0	0	492	
0	0	0	0	0	493	
1	0	0	0	0	492	
2	0	0	0	0	493	
3	0	0	0	0	493	
4	0	0	0	0	494	
5	0	0	0	0	495	
6	0	0	0	0	495	
7	0	0	0	0	496	
8	0	0	0	0	496	
9	0	0	0	0	496	
10	0	0	0	0	496	
11	0	0	0	0	496	
12	0	0	0	0	496	
13	0	0	0	0	496	
14	0	0	0	0	497	
15	0	0	0	0	497	
0	0	0	0	0	496	
1	0	0	0	0	496	
2	0	0	0	0	496	
3	0	0	0	0	496	
4	0	0	0	0	496	
5	0	0	0	0	496	
6	0	0	0	0	497	
7	0	0	0	0	497	
8	0	0	0	0	498	
9	0	0	0	0	498	
10	0	0	0	0	499	
11	0	0	0	0	499	
12	0	0	0	0	499	
13	0	0	0	0	499	
14	0	0	0	0	499	
15	0	0	0	0	499	
0	0	0	0	0	499	
1	0	0	0	0	500	
2	0	0	0	0	499	
3	0	0	0	0	499	
4	0	0	0	0	500	
5	0	0	0	0	500	
6	0	0	0	0	500	
7	0	0	0	0	500	
8	0	0	0	0	500	
9	0	0	0	0	500	
10	0	0	0	0	500	
11	0	0	0	0	501	
12	0	0	0	0	502	
13	0	0	0	0	502	
14	0	0	0	0	502	
15	0	0	0	0	502	
0	0	0	0	0	501	
1	0	0	0	0	502	
2	0	0	0	0	502	
3	0	0	0	0	502	
4	0	0	0	0	502	
5	0	0	0	0	501	
6	0	0	0	0	502	
7	0	0	0	0	502	
8	0	0	0	0	502	
9	0	0	0	0	503	
10	0	0	0	0	504	
11	0	0	0	0	504	
12	0	0	0	0	504	
13	0	0	0	0	504	
14	0	0	0	0	504	
15	0	0	0	0	504	
0	0	0	0	0	503	
1	0	0	0	0	502	
2	0	0	0	0	502	
3	0	0	0	0	502	
4	0	0	0	0	502	
5	0	0	0	0	503	
6	0	0	0	0	503	
7	0	0	0	0	504	
8	0	0	0	0	504	
9	0	0	0	0	504	
10	0	0	0	0	504	
11	0	0	0	0	504	
12	0	0	0	0	504	
13	0	0	0	0	505	
14	0	0	0	0	504	
15	0	0	0	0	504	
0	0	0	0	0	503	
1	0	0	0	0	502	
2	0	0	0	0	502	
3	0	0	0	0	502	
4	0	0	0	0	502	
5	0	0	0	0	502	
6	0	0	0	0	503	
7	0	0	0	0	504	
8	0	0	0	0	504	
9	0	0	0	0	505	
10	0	0	0	0	504	
11	0	0	0	0	504	
12	0	0	0	0	505	
13	0	0	0	0	505	
14	0	0	0	0	505	
15	0	0	0	0	505	
0	0	0	0	0	505	
1	0	0	0	0	505	
2	0	0	0	0	505	
3	0	0	0	0	505	
4	0	0	0	0	505	
5	0	0	0	0	505	
6	0	0	0	0	504	
7	0	0	0	0	504	
8	0	0	0	0	504	
9	0	0	0	0	505	
10	0	0	0	0	505	
11	0	0	0	0	505	
12	0	0	0	0	505	
13	0	0	0	0	505	
14	0	0	0	0	505	
15	0	0	0	0	506	
0	0	0	0	0	506	
1	0	0	0	0	507	
2	0	0	0	0	507	
3	0	0	0	0	506	
4	0	0	0	0	506	
5	0	0	0	0	505	
6	0	0	0	0	505	
7	0	0	0	0	506	
8	0	0	0	0	507	
9	0	0	0	0	506	
10	0	0	0	0	507	
11	0	0	0	0	506	
12	0	0	0	0	507	
13	0	0	0	0	507	
14	0	0	0	0	508	
15	0	0	0	0	508	
0	0	0	0	0	508	
1	0	0	0	0	508	
2	0	0	0	0	507	
3	0	0	0	0	506	
4	0	0	0	0	506	
5	0	0	0	0	506	
6	0	0	0	0	506	
7	0	0	0	0	506	
8	0	0	0	0	507	
9	0	0	0	0	508	
10	0	0	0	0	508	
11	0	0	0	0	508	
12	0	0	0	0	508	
13	0	0	0	0	509	
14	0	0	0	0	508	
15	0	0	0	0	509	
0	0	0	0	0	509	
1	0	0	0	0	509	
2	0	0	0	0	508	
3	0	0	0	0	508	
4	0	0	0	0	508	
5	0	0	0	0	508	
6	0	0	0	0	507	
7	0	0	0	0	507	
8	0	0	0	0	508	
9	0	0	0	0	508	
10	0	0	0	0	508	
11	0	0	0	0	509	
12	0	0	0	0	509	
13	0	0	0	0	509	
14	0	0	0	0	509	
15	0	0	0	0	509	
0	0	0	0	0	509	
1	0	0	0	0	509	
2	0	0	0	0	509	
3	0	0	0	0	509	
4	0	0	0	0	509	
5	0	0	0	0	509	
6	0	0	0	0	508	
7	0	0	0	0	508	
8	0	0	0	0	509	
9	0	0	0	0	509	
10	0	0	0	0	510	
11	0	0	0	0	511	
12	0	0	0	0	511	
13	0	0	0	0	512	
14	0	0	0	0	512	
15	0	0	0	0	512	
0	0	0	0	0	512	
1	0	0	0	0	512	
2	0	0	0	0	512	
3	0	0	0	0	512	
4	0	0	0	0	511	
5	0	0	0	0	512	
6	0	0	0	0	512	
7	0	0	0	0	512	
8	0	0	0	0	512	
9	0	0	0	0	512	
10	0	0	0	0	512	
11	0	0	0	0	512	
12	0	0	0	0	512	
13	0	0	0	0	513	
14	0	0	0	0	513	
15	0	0	0	0	514	
0	0	0	0	0	515	
1	0	0	0	0	515	
2	0	0	0	0	515	
3	0	0	0	0	515	
4	0	0	0	0	515	
5	0	0	0	0	515	
6	0	0	0	0	515	
7	0	0	0	0	515	
8	0	0	0	0	515	
9	0	0	0	0	515	
10	0	0	0	0	514	
11	0	0	0	0	514	
12	0	0	0	0	515	
13	0	0	0	0	515	
14	0	0	0	0	515	
15	0	0	0	0	515	
0	0	0	0	0	515	
1	0	0	0	0	515	
2	0	0	0	0	515	
3	0	0	0	0	514	
4	0	0	0	0	515	
5	0	0	0	0	514	
6	0	0	0	0	514	
7	0	0	0	0	514	
8	0	0	0	0	514	
9	0	0	0	0	514	
10	0	0	0	0	513	
11	0	0	0	0	513	
12	0	0	0	0	513	
13	0	0	0	0	514	
14	0	0	0	0	515	
15	0	0	0	0	515	
0	0	0	0	0	516	
1	0	0	0	0	515	
2	0	0	0	0	515	
3	0	0	0	0	515	
4	0	0	0	0	516	
5	0	0	0	0	516	
6	0	0	0	0	515	
7	0	0	0	0	515	
8	0	0	0	0	515	
9	0	0	0	0	515	
10	0	0	0	0	515	
11	0	0	0	0	514	
12	0	0	0	0	513	
13	0	0	0	0	514	
14	0	0	0	0	514	
15	0	0	0	0	514	
0	0	0	0	0	515	
1	0	0	0	0	515	
2	0	0	0	0	515	
3	0	0	0	0	515	
4	0	0	0	0	516	
5	0	0	0	0	517	
6	0	0	0	0	517	
7	0	0	0	0	517	
8	0	0	0	0	517	
9	0	0	0	0	518	
10	0	0	0	0	518	
11	0	0	0	0	518	
12	0	0	0	0	518	
13	0	0	0	0	518	
14	0	0	0	0	518	
15	0	0	0	0	519	
0	0	0	0	0	519	
1	0	0	0	0	522	
2	0	0	0	0	524	
3	0	0	0	0	524	
4	0	0	0	0	525	
5	0	0	0	0	526	
6	0	0	0	0	527	
7	0	0	0	0	527	
8	0	0	0	0	527	
9	0	0	0	0	527	
10	0	0	0	0	527	
11	0	0	0	0	527	
12	0	0	0	0	527	
13	0	0	0	0	527	
14	0	0	0	0	528	
15	0	0	0	0	529	
0	0	0	0	0	531	
1	0	0	0	0	533	
2	0	0	0	0	534	
3	0	0	0	0	536	
4	0	0	0	0	537	
5	0	0	0	0	540	
6	0	0	0	0	542	
7	0	0	0	0	544	
8	0	0	0	0	547	
9	0	0	0	0	549	
10	0	0	0	0	551	
11	0	0	0	0	551	
12	0	0	0	0	550	
13	0	0	0	0	550	
14	0	0	0	0	548	
15	0	0	0	0	547	
0	0	0	0	0	545	
1	0	0	0	0	543	
2	0	0	0	0	541	
3	0	0	0	0	540	
4	0	0	0	0	539	
5	0	0	0	0	539	
6	0	0	0	0	537	
7	0	0	0	0	536	
8	0	0	0	0	535	
9	0	0	0	0	532	
10	0	0	0	0	529	
11	0	0	0	0	527	
12	0	0	0	0	526	
13	0	0	0	0	525	
14	0	0	0	0	525	
15	0	0	0	0	524	
0	0	0	0	0	524	
1	0	0	0	0	523	
2	0	0	0	0	522	
3	0	0	0	0	520	
4	0	0	0	0	520	
5	0	0	0	0	519	
6	0	0	0	0	519	
7	0	0	0	0	519	
8	0	0	0	0	519	
9	0	0	0	0	519	
10	0	0	0	0	518	
11	0	0	0	0	517	
12	0	0	0	0	515	
13	0	0	0	0	513	
14	0	0	0	0	512	
15	0	0	0	0	511	
0	0	0	0	0	510	
1	0	0	0	0	509	
2	0	0	0	0	508	
3	0	0	0	0	507	
4	0	0	0	0	506	
5	0	0	0	0	505	
6	0	0	0	0	504	
7	0	0	0	0	505	
8	0	0	0	0	504	
9	0	0	0	0	504	
10	0	0	0	0	504	
11	0	0	0	0	504	
12	0	0	0	0	503	
13	0	0	0	0	502	
14	0	0	0	0	502	
15	0	0	0	0	501	
0	0	0	0	0	501	
1	0	0	0	0	500	
2	0	0	0	0	500	
3	0	0	0	0	500	
4	0	0	0	0	500	
5	0	0	0	0	501	
6	0	0	0	0	500	
7	0	0	0	0	501	
8	0	0	0	0	501	
9	0	0	0	0	500	
10	0	0	0	0	500	
11	0	0	0	0	499	
12	0	0	0	0	498	
13	0	0	0	0	498	
14	0	0	0	0	497	
15	0	0	0	0	497	
0	0	0	0	0	497	
1	0	0	0	0	497	
2	0	0	0	0	497	
3	0	0	0	0	497	
4	0	0	0	0	497	
5	0	0	0	0	498	
6	0	0	0	0	498	
7	0	0	0	0	499	
8	0	0	0	0	499	
9	0	0	0	0	499	
10	0	0	0	0	499	
11	0	0	0	0	499	
12	0	0	0	0	498	
13	0	0	0	0	498	
14	0	0	0	0	498	
15	0	0	0	0	496	
0	0	0	0	0	496	
1	0	0	0	0	494	
2	0	0	0	0	492	
3	0	0	0	0	491	
4	0	0	0	0	489	
5	0	0	0	0	488	
6	0	0	0	0	487	
7	0	0	0	0	486	
8	0	0	0	0	483	
9	0	0	0	0	480	
10	0	0	0	0	476	
11	0	0	0	0	473	
12	0	0	0	0	470	
13	0	0	0	0	468	
14	0	0	0	0	467	
15	0	0	0	0	465	
0	0	0	0	0	462	
1	0	0	0	0	459	
2	0	0	0	0	457	
3	0	0	0	0	454	
4	0	0	0	0	451	
5	0	0	0	0	451	
6	0	0	0	0	453	
7	0	0	0	0	457	
8	0	0	0	0	464	
9	0	0	0	0	477	
10	0	0	0	0	494	
11	0	0	0	0	517	
12	0	0	0	0	546	
13	0	0	0	0	579	
14	0	0	0	0	620	
15	0	0	0	0	663	
0	0	0	0	0	707	
1	0	0	0	0	753	
2	0	0	0	0	801	
3	0	0	0	0	848	
4	0	0	0	0	891	
5	0	0	0	0	923	
6	0	0	0	0	945	
7	0	0	0	0	953	
8	0	0	0	0	950	
9	0	0	0	0	936	
10	0	0	0	0	916	
11	0	0	0	0	891	
12	0	0	0	0	862	
13	0	0	0	0	831	
14	0	0	0	0	799	
15	0	0	0	0	772	
0	0	0	0	0	747	
1	0	0	0	0	722	
2	0	0	0	0	697	
3	0	0	0	0	672	
4	0	0	0	0	647	
5	0	0	0	0	623	
6	0	0	0	0	602	
7	0	0	0	0	584	
8	0	0	0	0	568	
9	0	0	0	0	556	
10	0	0	0	0	544	
11	0	0	0	0	535	
12	0	0	0	0	527	
13	0	0	0	0	519	
14	0	0	0	0	513	
15	0	0	0	0	507	
0	0	0	0	0	502	
1	0	0	0	0	496	
2	0	0	0	0	491	
3	0	0	0	0	483	
4	0	0	0	0	477	
5	0	0	0	0	472	
6	0	0	0	0	468	
7	0	0	0	0	464	
8	0	0	0	0	460	
9	0	0	0	0	457	
10	0	0	0	0	455	
11	0	0	0	0	453	
12	0	0	0	0	451	
13	0	0	0	0	449	
14	0	0	0	0	448	
15	0	0	0	0	447	
0	0	0	0	0	446	
1	0	0	0	0	445	
2	0	0	0	0	444	
3	0	0	0	0	443	
4	0	0	0	0	443	
5	0	0	0	0	443	
6	0	0	0	0	442	
7	0	0	0	0	442	
8	0	0	0	0	441	
9	0	0	0	0	441	
10	0	0	0	0	441	
11	0	0	0	0	441	
12	0	0	0	0	441	
13	0	0	0	0	441	
14	0	0	0	0	441	
15	0	0	0	0	441	
0	0	0	0	0	441	
1	0	0	0	0	442	
2	0	0	0	0	442	
3	0	0	0	0	443	
4	0	0	0	0	443	
5	0	0	0	0	444	
6	0	0	0	0	445	
7	0	0	0	0	446	
8	0	0	0	0	446	
9	0	0	0	0	447	
10	0	0	0	0	448	
11	0	0	0	0	449	
12	0	0	0	0	450	
13	0	0	0	0	450	
14	0	0	0	0	452	
15	0	0	0	0	453	
0	0	0	0	0	453	
1	0	0	0	0	454	
2	0	0	0	0	455	
3	0	0	0	0	455	
4	0	0	0	0	455	
5	0	0	0	0	455	
6	0	0	0	0	456	
7	0	0	0	0	457	
8	0	0	0	0	459	
9	0	0	0	0	460	
10	0	0	0	0	461	
11	0	0	0	0	462	
12	0	0	0	0	462	
13	0	0	0	0	463	
14	0	0	0	0	463	
15	0	0	0	0	464	
0	0	0	0	0	464	
1	0	0	0	0	465	
2	0	0	0	0	466	
3	0	0	0	0	467	
4	0	0	0	0	467	
5	0	0	0	0	467	
6	0	0	0	0	468	
7	0	0	0	0	468	
8	0	0	0	0	470	
9	0	0	0	0	472	
10	0	0	0	0	473	
11	0	0	0	0	475	
12	0	0	0	0	476	
13	0	0	0	0	476	
14	0	0	0	0	476	
15	0	0	0	0	476	
0	0	0	0	0	477	
1	0	0	0	0	478	
2	0	0	0	0	478	
3	0	0	0	0	479	
4	0	0	0	0	479	
5	0	0	0	0	480	
6	0	0	0	0	480	
7	0	0	0	0	480	
8	0	0	0	0	480	
9	0	0	0	0	481	
10	0	0	0	0	482	
11	0	0	0	0	483	
12	0	0	0	0	483	
13	0	0	0	0	484	
14	0	0	0	0	486	
15	0	0	0	0	487	
0	0	0	0	0	487	
1	0	0	0	0	487	
2	0	0	0	0	488	
3	0	0	0	0	489	
4	0	0	0	0	489	
5	0	0	0	0	490	
6	0	0	0	0	490	
7	0	0	0	0	491	
8	0	0	0	0	490	
9	0	0	0	0	491	
10	0	0	0	0	493	
11	0	0	0	0	494	
12	0	0	0	0	495	
13	0	0	0	0	495	
14	0	0	0	0	496	
15	0	0	0	0	496	
0	0	0	0	0	497	
1	0	0	0	0	497	
2	0	0	0	0	497	
3	0	0	0	0	498	
4	0	0	0	0	498	
5	0	0	0	0	499	
6	0	0	0	0	499	
7	0	0	0	0	499	
8	0	0	0	0	500	
9	0	0	0	0	500	
10	0	0	0	0	500	
11	0	0	0	0	502	
12	0	0	0	0	503	
13	0	0	0	0	503	
14	0	0	0	0	504	
15	0	0	0	0	504	
0	0	0	0	0	505	
1	0	0	0	0	507	
2	0	0	0	0	508	
3	0	0	0	0	508	
4	0	0	0	0	509	
5	0	0	0	0	509	
6	0	0	0	0	510	
7	0	0	0	0	510	
8	0	0	0	0	511	
9	0	0	0	0	512	
10	0	0	0	0	512	
11	0	0	0	0	512	
12	0	0	0	0	513	
13	0	0	0	0	513	
14	0	0	0	0	513	
15	0	0	0	0	515	
0	0	0	0	0	515	
1	0	0	0	0	515	
2	0	0	0	0	515	
3	0	0	0	0	516	
4	0	0	0	0	516	
5	0	0	0	0	516	
6	0	0	0	0	517	
7	0	0	0	0	517	
8	0	0	0	0	518	
9	0	0	0	0	519	
10	0	0	0	0	519	
11	0	0	0	0	520	
12	0	0	0	0	521	
13	0	0	0	0	523	
14	0	0	0	0	524	
15	0	0	0	0	525	
0	0	0	0	0	526	
1	0	0	0	0	527	
2	0	0	0	0	528	
3	0	0	0	0	528	
4	0	0	0	0	529	
5	0	0	0	0	529	
6	0	0	0	0	530	
7	0	0	0	0	529	
8	0	0	0	0	529	
9	0	0	0	0	530	
10	0	0	0	0	531	
11	0	0	0	0	531	
12	0	0	0	0	531	
13	0	0	0	0	532	
14	0	0	0	0	533	
15	0	0	0	0	534	
0	0	0	0	0	534	
1	0	0	0	0	534	
2	0	0	0	0	534	
3	0	0	0	0	535	
4	0	0	0	0	535	
5	0	0	0	0	535	
6	0	0	0	0	535	
7	0	0	0	0	535	
8	0	0	0	0	536	
9	0	0	0	0	536	
10	0	0	0	0	536	
11	0	0	0	0	537	
12	0	0	0	0	539	
13	0	0	0	0	539	
14	0	0	0	0	540	
15	0	0	0	0	538	
0	0	0	0	0	539	
1	0	0	0	0	539	
2	0	0	0	0	539	
3	0	0	0	0	539	
4	0	0	0	0	539	
5	0	0	0	0	539	
6	0	0	0	0	539	
7	0	0	0	0	539	
8	0	0	0	0	538	
9	0	0	0	0	538	
10	0	0	0	0	538	
11	0	0	0	0	538	
12	0	0	0	0	539	
13	0	0	0	0	539	
14	0	0	0	0	539	
15	0	0	0	0	540	
0	0	0	0	0	540	
1	0	0	0	0	540	
2	0	0	0	0	540	
3	0	0	0	0	540	
4	0	0	0	0	539	
5	0	0	0	0	539	
6	0	0	0	0	538	
7	0	0	0	0	537	
8	0	0	0	0	536	
9	0	0	0	0	535	
10	0	0	0	0	535	
11	0	0	0	0	534	
12	0	0	0	0	532	
13	0	0	0	0	531	
14	0	0	0	0	531	
15	0	0	0	0	531	
0	0	0	0	0	529	
1	0	0	0	0	529	
2	0	0	0	0	527	
3	0	0	0	0	526	
4	0	0	0	0	525	
5	0	0	0	0	524	
6	0	0	0	0	522	
7	0	0	0	0	519	
8	0	0	0	0	517	
9	0	0	0	0	515	
10	0	0	0	0	513	
11	0	0	0	0	512	
12	0	0	0	0	510	
13	0	0	0	0	508	
14	0	0	0	0	505	
15	0	0	0	0	504	
0	0	0	0	0	502	
1	0	0	0	0	501	
2	0	0	0	0	499	
3	0	0	0	0	498	
4	0	0	0	0	496	
5	0	0	0	0	496	
6	0	0	0	0	494	
7	0	0	0	0	492	
8	0	0	0	0	491	
9	0	0	0	0	488	
10	0	0	0	0	487	
11	0	0	0	0	484	
12	0	0	0	0	483	
13	0	0	0	0	482	
14	0	0	0	0	481	
15	0	0	0	0	481	
0	0	0	0	0	480	
1	0	0	0	0	479	
2	0	0	0	0	479	
3	0	0	0	0	478	
4	0	0	0	0	477	
5	0	0	0	0	476	
6	0	0	0	0	476	
7	0	0	0	0	474	
8	0	0	0	0	472	
9	0	0	0	0	472	
10	0	0	0	0	472	
11	0	0	0	0	471	
12	0	0	0	0	471	
13	0	0	0	0	471	
14	0	0	0	0	471	
15	0	0	0	0	470	
0	0	0	0	0	470	
1	0	0	0	0	471	
2	0	0	0	0	472	
3	0	0	0	0	472	
4	0	0	0	0	472	
5	0	0	0	0	472	
6	0	0	0	0	471	
7	0	0	0	0	472	
8	0	0	0	0	472	
9	0	0	0	0	472	
10	0	0	0	0	471	
11	0	0	0	0	470	
12	0	0	0	0	471	
13	0	0	0	0	471	
14	0	0	0	0	471	
15	0	0	0	0	471	
0	0	0	0	0	471	
1	0	0	0	0	470	
2	0	0	0	0	471	
3	0	0	0	0	472	
4	0	0	0	0	472	
5	0	0	0	0	472	
6	0	0	0	0	473	
7	0	0	0	0	473	
8	0	0	0	0	473	
9	0	0	0	0	473	
10	0	0	0	0	473	
11	0	0	0	0	473	
12	0	0	0	0	473	
13	0	0	0	0	473	
14	0	0	0	0	474	
15	0	0	0	0	474	
0	0	0	0	0	474	
1	0	0	0	0	476	
2	0	0	0	0	477	
3	0	0	0	0	478	
4	0	0	0	0	479	
5	0	0	0	0	480	
6	0	0	0	0	480	
7	0	0	0	0	480	
8	0	0	0	0	482	
9	0	0	0	0	483	
10	0	0	0	0	483	
11	0	0	0	0	483	
12	0	0	0	0	484	
13	0	0	0	0	484	
14	0	0	0	0	485	
15	0	0	0	0	485	
0	0	0	0	0	486	
1	0	0	0	0	485	
2	0	0	0	0	485	
3	0	0	0	0	485	
4	0	0	0	0	487	
5	0	0	0	0	487	
6	0	0	0	0	487	
7	0	0	0	0	487	
8	0	0	0	0	487	
9	0	0	0	0	486	
10	0	0	0	0	487	
11	0	0	0	0	486	
12	0	0	0	0	487	
13	0	0	0	0	487	
14	0	0	0	0	487	
15	0	0	0	0	487	
0	0	0	0	0	487	
1	0	0	0	0	487	
2	0	0	0	0	487	
3	0	0	0	0	487	
4	0	0	0	0	489	
5	0	0	0	0	489	
6	0	0	0	0	489	
7	0	0	0	0	489	
8	0	0	0	0	489	
9	0	0	0	0	489	
10	0	0	0	0	490	
11	0	0	0	0	489	
12	0	0	0	0	489	
13	0	0	0	0	489	
14	0	0	0	0	488	
15	0	0	0	0	489	
0	0	0	0	0	489	
1	0	0	0	0	490	
2	0	0	0	0	490	
3	0	0	0	0	490	
4	0	0	0	0	491	
5	0	0	0	0	492	
6	0	0	0	0	493	
7	0	0	0	0	494	
8	0	0	0	0	496	
9	0	0	0	0	497	
10	0	0	0	0	498	
11	0	0	0	0	499	
12	0	0	0	0	498	
13	0	0	0	0	497	
14	0	0	0	0	497	
15	0	0	0	0	497	
0	0	0	0	0	497	
1	0	0	0	0	497	
2	0	0	0	0	497	
3	0	0	0	0	497	
4	0	0	0	0	497	
5	0	0	0	0	498	
6	0	0	0	0	498	
7	0	0	0	0	499	
8	0	0	0	0	499	
9	0	0	0	0	500	
10	0	0	0	0	500	
11	0	0	0	0	502	
12	0	0	0	0	502	
13	0	0	0	0	502	
14	0	0	0	0	501	
15	0	0	0	0	501	
0	0	0	0	0	502	
1	0	0	0	0	502	
2	0	0	0	0	502	
3	0	0	0	0	503	
4	0	0	0	0	503	
5	0	0	0	0	504	
6	0	0	0	0	504	
7	0	0	0	0	505	
8	0	0	0	0	505	
9	0	0	0	0	505	
10	0	0	0	0	505	
11	0	0	0	0	505	
12	0	0	0	0	505	
13	0	0	0	0	504	
14	0	0	0	0	504	
15	0	0	0	0	505	
0	0	0	0	0	505	
1	0	0	0	0	505	
2	0	0	0	0	504	
3	0	0	0	0	504	
4	0	0	0	0	505	
5	0	0	0	0	505	
6	0	0	0	0	505	
7	0	0	0	0	506	
8	0	0	0	0	506	
9	0	0	0	0	507	
10	0	0	0	0	507	
11	0	0	0	0	507	
12	0	0	0	0	506	
13	0	0	0	0	505	
14	0	0	0	0	505	
15	0	0	0	0	504	
0	0	0	0	0	504	
1	0	0	0	0	504	
2	0	0	0	0	504	
3	0	0	0	0	504	
4	0	0	0	0	504	
5	0	0	0	0	504	
6	0	0	0	0	504	
7	0	0	0	0	504	
8	0	0	0	0	505	
9	0	0	0	0	505	
10	0	0	0	0	505	
11	0	0	0	0	505	
12	0	0	0	0	506	
13	0	0	0	0	506	
14	0	0	0	0	507	
15	0	0	0	0	507	
0	0	0	0	0	507	
1	0	0	0	0	506	
2	0	0	0	0	506	
3	0	0	0	0	506	
4	0	0	0	0	506	
5	0	0	0	0	506	
6	0	0	0	0	506	
7	0	0	0	0	506	
8	0	0	0	0	507	
9	0	0	0	0	507	
10	0	0	0	0	507	
11	0	0	0	0	508	
12	0	0	0	0	510	
13	0	0	0	0	510	
14	0	0	0	0	510	
15	0	0	0	0	509	
0	0	0	0	0	508	
1	0	0	0	0	508	
2	0	0	0	0	507	
3	0	0	0	0	507	
4	0	0	0	0	506	
5	0	0	0	0	507	
6	0	0	0	0	507	
7	0	0	0	0	506	
8	0	0	0	0	507	
9	0	0	0	0	507	
10	0	0	0	0	507	
11	0	0	0	0	507	
12	0	0	0	0	507	
13	0	0	0	0	508	
14	0	0	0	0	508	
15	0	0	0	0	508	
0	0	0	0	0	509	
1	0	0	0	0	508	
2	0	0	0	0	508	
3	0	0	0	0	508	
4	0	0	0	0	508	
5	0	0	0	0	509	
6	0	0	0	0	509	
7	0	0	0	0	509	
8	0	0	0	0	509	
9	0	0	0	0	510	
10	0	0	0	0	510	
11	0	0	0	0	511	
12	0	0	0	0	512	
13	0	0	0	0	512	
14	0	0	0	0	511	
15	0	0	0	0	512	
0	0	0	0	0	513	
1	0	0	0	0	512	
2	0	0	0	0	512	
3	0	0	0	0	511	
4	0	0	0	0	510	
5	0	0	0	0	510	
6	0	0	0	0	510	
7	0	0	0	0	511	
8	0	0	0	0	511	
9	0	0	0	0	511	
10	0	0	0	0	512	
11	0	0	0	0	512	
12	0	0	0	0	512	
13	0	0	0	0	512	
14	0	0	0	0	512	
15	0	0	0	0	512	
0	0	0	0	0	512	
1	0	0	0	0	511	
2	0	0	0	0	510	
3	0	0	0	0	511	
4	0	0	0	0	511	
5	0	0	0	0	511	
6	0	0	0	0	510	
7	0	0	0	0	510	
8	0	0	0	0	509	
9	0	0	0	0	510	
10	0	0	0	0	510	
11	0	0	0	0	511	
12	0	0	0	0	511	
13	0	0	0	0	511	
14	0	0	0	0	511	
15	0	0	0	0	512	
0	0	0	0	0	511	
1	0	0	0	0	512	
2	0	0	0	0	512	
3	0	0	0	0	512	
4	0	0	0	0	512	
5	0	0	0	0	512	
6	0	0	0	0	512	
7	0	0	0	0	512	
8	0	0	0	0	512	
9	0	0	0	0	511	
10	0	0	0	0	511	
11	0	0	0	0	512	
12	0	0	0	0	511	
13	0	0	0	0	511	
14	0	0	0	0	511	
15	0	0	0	0	512	
0	0	0	0	0	513	
1	0	0	0	0	513	
2	0	0	0	0	513	
3	0	0	0	0	513	
4	0	0	0	0	513	
5	0	0	0	0	513	
6	0	0	0	0	513	
7	0	0	0	0	513	
8	0	0	0	0	512	
9	0	0	0	0	513	
10	0	0	0	0	513	
11	0	0	0	0	513	
12	0	0	0	0	514	
13	0	0	0	0	514	
14	0	0	0	0	513	
15	0	0	0	0	513	
0	0	0	0	0	513	
1	0	0	0	0	513	
2	0	0	0	0	512	
3	0	0	0	0	513	
4	0	0	0	0	512	
5	0	0	0	0	512	
6	0	0	0	0	512	
7	0	0	0	0	512	
8	0	0	0	0	513	
9	0	0	0	0	512	
10	0	0	0	0	512	
11	0	0	0	0	512	
12	0	0	0	0	512	
13	0	0	0	0	512	
14	0	0	0	0	512	
15	0	0	0	0	512	
0	0	0	0	0	513	
1	0	0	0	0	513	
2	0	0	0	0	512	
3	0	0	0	0	512	
4	0	0	0	0	512	
5	0	0	0	0	512	
6	0	0	0	0	512	
7	0	0	0	0	512	
8	0	0	0	0	512	
9	0	0	0	0	512	
10	0	0	0	0	513	
11	0	0	0	0	513	
12	0	0	0	0	513	
13	0	0	0	0	514	
14	0	0	0	0	515	
15	0	0	0	0	515	
0	0	0	0	0	516	
1	0	0	0	0	516	
2	0	0	0	0	516	
3	0	0	0	0	515	
4	0	0	0	0	514	
5	0	0	0	0	514	
6	0	0	0	0	513	
7	0	0	0	0	513	
8	0	0	0	0	513	
9	0	0	0	0	513	
10	0	0	0	0	513	
11	0	0	0	0	513	
12	0	0	0	0	514	
13	0	0	0	0	514	
14	0	0	0	0	515	
15	0	0	0	0	515	
0	0	0	0	0	515	
1	0	0	0	0	515	
2	0	0	0	0	515	
3	0	0	0	0	515	
4	0	0	0	0	515	
5	0	0	0	0	515	
6	0	0	0	0	515	
7	0	0	0	0	516	
8	0	0	0	0	516	
9	0	0	0	0	516	
10	0	0	0	0	515	
11	0	0	0	0	516	
12	0	0	0	0	517	
13	0	0	0	0	518	
14	0	0	0	0	519	
15	0	0	0	0	520	
0	0	0	0	0	521	
1	0	0	0	0	521	
2	0	0	0	0	523	
3	0	0	0	0	524	
4	0	0	0	0	525	
5	0	0	0	0	526	
6	0	0	0	0	526	
7	0	0	0	0	525	
8	0	0	0	0	525	
9	0	0	0	0	526	
10	0	0	0	0	526	
11	0	0	0	0	527	
12	0	0	0	0	528	
13	0	0	0	0	529	
14	0	0	0	0	530	
15	0	0	0	0	532	
0	0	0	0	0	534	
1	0	0	0	0	537	
2	0	0	0	0	540	
3	0	0	0	0	543	
4	0	0	0	0	546	
5	0	0	0	0	549	
6	0	0	0	0	550	
7	0	0	0	0	552	
8	0	0	0	0	551	
9	0	0	0	0	551	
10	0	0	0	0	549	
11	0	0	0	0	548	
12	0	0	0	0	545	
13	0	0	0	0	543	
14	0	0	0	0	542	
15	0	0	0	0	541	
0	0	0	0	0	540	
1	0	0	0	0	539	
2	0	0	0	0	538	
3	0	0	0	0	537	
4	0	0	0	0	536	
5	0	0	0	0	533	
6	0	0	0	0	531	
7	0	0	0	0	528	
8	0	0	0	0	527	
9	0	0	0	0	526	
10	0	0	0	0	524	
11	0	0	0	0	523	
12	0	0	0	0	521	
13	0	0	0	0	520	
14	0	0	0	0	519	
15	0	0	0	0	519	
0	0	0	0	0	519	
1	0	0	0	0	518	
2	0	0	0	0	519	
3	0	0	0	0	518	
4	0	0	0	0	518	
5	0	0	0	0	517	
6	0	0	0	0	516	
7	0	0	0	0	515	
8	0	0	0	0	513	
9	0	0	0	0	512	
10	0	0	0	0	511	
11	0	0	0	0	510	
12	0	0	0	0	510	
13	0	0	0	0	509	
14	0	0	0	0	508	
15	0	0	0	0	507	
0	0	0	0	0	506	
1	0	0	0	0	505	
2	0	0	0	0	504	
3	0	0	0	0	504	
4	0	0	0	0	505	
5	0	0	0	0	505	
6	0	0	0	0	505	
7	0	0	0	0	505	
8	0	0	0	0	504	
9	0	0	0	0	503	
10	0	0	0	0	503	
11	0	0	0	0	502	
12	0	0	0	0	501	
13	0	0	0	0	501	
14	0	0	0	0	500	
15	0	0	0	0	500	
0	0	0	0	0	500	
1	0	0	0	0	500	
2	0	0	0	0	501	
3	0	0	0	0	500	
4	0	0	0	0	501	
5	0	0	0	0	501	
6	0	0	0	0	501	
7	0	0	0	0	502	
8	0	0	0	0	502	
9	0	0	0	0	501	
10	0	0	0	0	501	
11	0	0	0	0	500	
12	0	0	0	0	499	
13	0	0	0	0	499	
14	0	0	0	0	500	
15	0	0	0	0	499	
0	0	0	0	0	499	
1	0	0	0	0	500	
2	0	0	0	0	499	
3	0	0	0	0	500	
4	0	0	0	0	501	
5	0	0	0	0	501	
6	0	0	0	0	502	
7	0	0	0	0	502	
8	0	0	0	0	502	
9	0	0	0	0	501	
10	0	0	0	0	500	
11	0	0	0	0	499	
12	0	0	0	0	498	
13	0	0	0	0	497	
14	0	0	0	0	495	
15	0	0	0	0	493	
0	0	0	0	0	490	
1	0	0	0	0	489	
2	0	0	0	0	487	
3	0	0	0	0	486	
4	0	0	0	0	484	
5	0	0	0	0	481	
6	0	0	0	0	478	
7	0	0	0	0	475	
8	0	0	0	0	473	
9	0	0	0	0	470	
10	0	0	0	0	469	
11	0	0	0	0	468	
12	0	0	0	0	467	
13	0	0	0	0	465	
14	0	0	0	0	463	
15	0	0	0	0	462	
0	0	0	0	0	461	
1	0	0	0	0	462	
2	0	0	0	0	463	
3	0	0	0	0	467	
4	0	0	0	0	473	
5	0	0	0	0	483	
6	0	0	0	0	499	
7	0	0	0	0	519	
8	0	0	0	0	544	
9	0	0	0	0	574	
10	0	0	0	0	607	
11	0	0	0	0	645	
12	0	0	0	0	686	
13	0	0	0	0	728	
14	0	0	0	0	771	
15	0	0	0	0	813	
0	0	0	0	0	853	
1	0	0	0	0	886	
2	0	0	0	0	908	
3	0	0	0	0	920	
4	0	0	0	0	920	
5	0	0	0	0	910	
6	0	0	0	0	892	
7	0	0	0	0	867	
8	0	0	0	0	840	
9	0	0	0	0	811	
10	0	0	0	0	783	
11	0	0	0	0	758	
12	0	0	0	0	734	
13	0	0	0	0	711	
14	0	0	0	0	689	
15	0	0	0	0	669	
0	0	0	0	0	647	
1	0	0	0	0	626	
2	0	0	0	0	607	
3	0	0	0	0	589	
4	0	0	0	0	572	
5	0	0	0	0	555	
6	0	0	0	0	542	
7	0	0	0	0	531	
8	0	0	0	0	524	
9	0	0	0	0	518	
10	0	0	0	0	512	
11	0	0	0	0	506	
12	0	0	0	0	501	
13	0	0	0	0	495	
14	0	0	0	0	488	
15	0	0	0	0	481	
0	0	0	0	0	474	
1	0	0	0	0	469	
2	0	0	0	0	464	
3	0	0	0	0	461	
4	0	0	0	0	457	
5	0	0	0	0	455	
6	0	0	0	0	454	
7	0	0	0	0	453	
8	0	0	0	0	452	
9	0	0	0	0	451	
10	0	0	0	0	449	
11	0	0	0	0	448	
12	0	0	0	0	447	
13	0	0	0	0	445	
14	0	0	0	0	444	
15	0	0	0	0	444	
0	0	0	0	0	443	
1	0	0	0	0	443	
2	0	0	0	0	443	
3	0	0	0	0	442	
4	0	0	0	0	442	
5	0	0	0	0	442	
6	0	0	0	0	442	
7	0	0	0	0	442	
8	0	0	0	0	443	
9	0	0	0	0	443	
10	0	0	0	0	444	
11	0	0	0	0	445	
12	0	0	0	0	446	
13	0	0	0	0	445	
14	0	0	0	0	446	
15	0	0	0	0	446	
0	0	0	0	0	447	
1	0	0	0	0	447	
2	0	0	0	0	447	
3	0	0	0	0	448	
4	0	0	0	0	449	
5	0	0	0	0	450	
6	0	0	0	0	451	
7	0	0	0	0	452	
8	0	0	0	0	453	
9	0	0	0	0	454	
10	0	0	0	0	455	
11	0	0	0	0	455	
12	0	0	0	0	456	
13	0	0	0	0	456	
14	0	0	0	0	457	
15	0	0	0	0	457	
0	0	0	0	0	457	
1	0	0	0	0	458	
2	0	0	0	0	458	
3	0	0	0	0	458	
4	0	0	0	0	459	
5	0	0	0	0	460	
6	0	0	0	0	460	
7	0	0	0	0	462	
8	0	0	0	0	463	
9	0	0	0	0	464	
10	0	0	0	0	465	
11	0	0	0	0	464	
12	0	0	0	0	465	
13	0	0	0	0	466	
14	0	0	0	0	466	
15	0	0	0	0	466	
0	0	0	0	0	467	
1	0	0	0	0	468	
2	0	0	0	0	469	
3	0	0	0	0	470	
4	0	0	0	0	471	
5	0	0	0	0	472	
6	0	0	0	0	472	
7	0	0	0	0	473	
8	0	0	0	0	475	
9	0	0	0	0	476	
10	0	0	0	0	476	
11	0	0	0	0	478	
12	0	0	0	0	480	
13	0	0	0	0	480	
14	0	0	0	0	481	
15	0	0	0	0	481	
0	0	0	0	0	481	
1	0	0	0	0	482	
2	0	0	0	0	483	
3	0	0	0	0	483	
4	0	0	0	0	484	
5	0	0	0	0	485	
6	0	0	0	0	486	
7	0	0	0	0	486	
8	0	0	0	0	487	
9	0	0	0	0	488	
10	0	0	0	0	488	
11	0	0	0	0	490	
12	0	0	0	0	490	
13	0	0	0	0	491	
14	0	0	0	0	492	
15	0	0	0	0	493	
0	0	0	0	0	494	
1	0	0	0	0	495	
2	0	0	0	0	495	
3	0	0	0	0	494	
4	0	0	0	0	494	
5	0	0	0	0	495	
6	0	0	0	0	496	
7	0	0	0	0	496	
8	0	0	0	0	498	
9	0	0	0	0	499	
10	0	0	0	0	499	
11	0	0	0	0	500	
12	0	0	0	0	501	
13	0	0	0	0	502	
14	0	0	0	0	502	
15	0	0	0	0	502	
0	0	0	0	0	502	
1	0	0	0	0	502	
2	0	0	0	0	502	
3	0	0	0	0	503	
4	0	0	0	0	503	
5	0	0	0	0	503	
6	0	0	0	0	503	
7	0	0	0	0	504	
8	0	0	0	0	505	
9	0	0	0	0	506	
10	0	0	0	0	507	
11	0	0	0	0	508	
12	0	0	0	0	508	
13	0	0	0	0	508	
14	0	0	0	0	509	
15	0	0	0	0	510	
0	0	0	0	0	510	
1	0	0	0	0	510	
2	0	0	0	0	511	
3	0	0	0	0	511	
4	0	0	0	0	510	
5	0	0	0	0	511	
6	0	0	0	0	511	
7	0	0	0	0	512	
8	0	0	0	0	513	
9	0	0	0	0	514	
10	0	0	0	0	515	
11	0	0	0	0	516	
12	0	0	0	0	517	
13	0	0	0	0	518	
14	0	0	0	0	519	
15	0	0	0	0	520	
0	0	0	0	0	521	
1	0	0	0	0	522	
2	0	0	0	0	523	
3	0	0	0	0	523	
4	0	0	0	0	523	
5	0	0	0	0	524	
6	0	0	0	0	525	
7	0	0	0	0	526	
8	0	0	0	0	526	
9	0	0	0	0	528	
10	0	0	0	0	529	
11	0	0	0	0	530	
12	0	0	0	0	530	
13	0	0	0	0	530	
14	0	0	0	0	531	
15	0	0	0	0	531	
0	0	0	0	0	532	
1	0	0	0	0	532	
2	0	0	0	0	533	
3	0	0	0	0	533	
4	0	0	0	0	533	
5	0	0	0	0	533	
6	0	0	0	0	534	
7	0	0	0	0	534	
8	0	0	0	0	534	
9	0	0	0	0	535	
10	0	0	0	0	535	
11	0	0	0	0	536	
12	0	0	0	0	536	
13	0	0	0	0	537	
14	0	0	0	0	537	
15	0	0	0	0	537	
0	0	0	0	0	538	
1	0	0	0	0	539	
2	0	0	0	0	539	
3	0	0	0	0	539	
4	0	0	0	0	539	
5	0	0	0	0	539	
6	0	0	0	0	539	
7	0	0	0	0	539	
8	0	0	0	0	539	
9	0	0	0	0	539	
10	0	0	0	0	539	
11	0	0	0	0	539	
12	0	0	0	0	540	
13	0	0	0	0	540	
14	0	0	0	0	540	
15	0	0	0	0	540	
0	0	0	0	0	540	
1	0	0	0	0	541	
2	0	0	0	0	541	
3	0	0	0	0	541	
4	0	0	0	0	541	
5	0	0	0	0	540	
6	0	0	0	0	540	
7	0	0	0	0	540	
8	0	0	0	0	540	
9	0	0	0	0	540	
10	0	0	0	0	540	
11	0	0	0	0	540	
12	0	0	0	0	539	
13	0	0	0	0	539	
14	0	0	0	0	538	
15	0	0	0	0	538	
0	0	0	0	0	537	
1	0	0	0	0	536	
2	0	0	0	0	536	
3	0	0	0	0	535	
4	0	0	0	0	534	
5	0	0	0	0	533	
6	0	0	0	0	532	
7	0	0	0	0	531	
8	0	0	0	0	530	
9	0	0	0	0	529	
10	0	0	0	0	528	
11	0	0	0	0	527	
12	0	0	0	0	525	
13	0	0	0	0	524	
14	0	0	0	0	523	
15	0	0	0	0	522	
0	0	0	0	0	521	
1	0	0	0	0	520	
2	0	0	0	0	519	
3	0	0	0	0	518	
4	0	0	0	0	515	
5	0	0	0	0	514	
6	0	0	0	0	511	
7	0	0	0	0	509	
8	0	0	0	0	507	
9	0	0	0	0	505	
10	0	0	0	0	503	
11	0	0	0	0	502	
12	0	0	0	0	500	
13	0	0	0	0	498	
14	0	0	0	0	496	
15	0	0	0	0	495	
0	0	0	0	0	494	
1	0	0	0	0	493	
2	0	0	0	0	491	
3	0	0	0	0	490	
4	0	0	0	0	489	
5	0	0	0	0	488	
6	0	0	0	0	487	
7	0	0	0	0	485	
8	0	0	0	0	483	
9	0	0	0	0	481	
10	0	0	0	0	480	
11	0	0	0	0	479	
12	0	0	0	0	478	
13	0	0	0	0	477	
14	0	0	0	0	476	
15	0	0	0	0	476	
0	0	0	0	0	475	
1	0	0	0	0	475	
2	0	0	0	0	475	
3	0	0	0	0	474	
4	0	0	0	0	474	
5	0	0	0	0	475	
6	0	0	0	0	474	
7	0	0	0	0	473	
8	0	0	0	0	472	
9	0	0	0	0	472	
10	0	0	0	0	471	
11	0	0	0	0	471	
12	0	0	0	0	470	
13	0	0	0	0	471	
14	0	0	0	0	471	
15	0	0	0	0	471	
0	0	0	0	0	471	
1	0	0	0	0	472	
2	0	0	0	0	472	
3	0	0	0	0	472	
4	0	0	0	0	472	
5	0	0	0	0	473	
6	0	0	0	0	472	
7	0	0	0	0	473	
8	0	0	0	0	473	
9	0	0	0	0	472	
10	0	0	0	0	473	
11	0	0	0	0	473	
12	0	0	0	0	473	
13	0	0	0	0	473	
14	0	0	0	0	473	
15	0	0	0	0	473	
0	0	0	0	0	474	
1	0	0	0	0	475	
2	0	0	0	0	476	
3	0	0	0	0	477	
4	0	0	0	0	478	
5	0	0	0	0	478	
6	0	0	0	0	478	
7	0	0	0	0	478	
8	0	0	0	0	479	
9	0	0	0	0	478	
10	0	0	0	0	478	
11	0	0	0	0	478	
12	0	0	0	0	479	
13	0	0	0	0	478	
14	0	0	0	0	478	
15	0	0	0	0	478	
0	0	0	0	0	479	
1	0	0	0	0	480	
2	0	0	0	0	482	
3	0	0	0	0	482	
4	0	0	0	0	483	
5	0	0	0	0	483	
6	0	0	0	0	483	
7	0	0	0	0	483	
8	0	0	0	0	484	
9	0	0	0	0	485	
10	0	0	0	0	486	
11	0	0	0	0	485	
12	0	0	0	0	486	
13	0	0	0	0	486	
14	0	0	0	0	487	
15	0	0	0	0	487	
0	0	0	0	0	488	
1	0	0	0	0	488	
2	0	0	0	0	488	
3	0	0	0	0	489	
4	0	0	0	0	489	
5	0	0	0	0	489	
6	0	0	0	0	490	
7	0	0	0	0	490	
8	0	0	0	0	490	
9	0	0	0	0	489	
10	0	0	0	0	489	
11	0	0	0	0	489	
12	0	0	0	0	489	
13	0	0	0	0	489	
14	0	0	0	0	489	
15	0	0	0	0	489	
0	0	0	0	0	490	
1	0	0	0	0	491	
2	0	0	0	0	491	
3	0	0	0	0	492	
4	0	0	0	0	493	
5	0	0	0	0	494	
6	0	0	0	0	494	
7	0	0	0	0	495	
8	0	0	0	0	496	
9	0	0	0	0	496	
10	0	0	0	0	496	
11	0	0	0	0	495	
12	0	0	0	0	495	
13	0	0	0	0	495	
14	0	0	0	0	495	
15	0	0	0	0	495	
0	0	0	0	0	495	
1	0	0	0	0	495	
2	0	0	0	0	495	
3	0	0	0	0	496	
4	0	0	0	0	497	
5	0	0	0	0	498	
6	0	0	0	0	498	
7	0	0	0	0	498	
8	0	0	0	0	498	
9	0	0	0	0	499	
10	0	0	0	0	499	
11	0	0	0	0	499	
12	0	0	0	0	499	
13	0	0	0	0	500	
14	0	0	0	0	499	
15	0	0	0	0	499	
0	0	0	0	0	497	
1	0	0	0	0	498	
2	0	0	0	0	499	
3	0	0	0	0	499	
4	0	0	0	0	499	
5	0	0	0	0	500	
6	0	0	0	0	501	
7	0	0	0	0	501	
8	0	0	0	0	502	
9	0	0	0	0	502	
10	0	0	0	0	502	
11	0	0	0	0	502	
12	0	0	0	0	502	
13	0	0	0	0	502	
14	0	0	0	0	502	
15	0	0	0	0	502	
0	0	0	0	0	502	
1	0	0	0	0	502	
2	0	0	0	0	502	
3	0	0	0	0	502	
4	0	0	0	0	502	
5	0	0	0	0	502	
6	0	0	0	0	503	
7	0	0	0	0	503	
8	0	0	0	0	504	
9	0	0	0	0	503	
10	0	0	0	0	504	
11	0	0	0	0	503	
12	0	0	0	0	504	
13	0	0	0	0	504	
14	0	0	0	0	504	
15	0	0	0	0	504	
0	0	0	0	0	505	
1	0	0	0	0	505	
2	0	0	0	0	505	
3	0	0	0	0	504	
4	0	0	0	0	504	
5	0	0	0	0	504	
6	0	0	0	0	504	
7	0	0	0	0	504	
8	0	0	0	0	504	
9	0	0	0	0	505	
10	0	0	0	0	506	
11	0	0	0	0	506	
12	0	0	0	0	506	
13	0	0	0	0	505	
14	0	0	0	0	506	
15	0	0	0	0	506	
0	0	0	0	0	506	
1	0	0	0	0	506	
2	0	0	0	0	505	
3	0	0	0	0	505	
4	0	0	0	0	505	
5	0	0	0	0	505	
6	0	0	0	0	506	
7	0	0	0	0	507	
8	0	0	0	0	506	
9	0	0	0	0	506	
10	0	0	0	0	506	
11	0	0	0	0	507	
12	0	0	0	0	507	
13	0	0	0	0	508	
14	0	0	0	0	507	
15	0	0	0	0	507	
0	0	0	0	0	506	
1	0	0	0	0	506	
2	0	0	0	0	506	
3	0	0	0	0	505	
4	0	0	0	0	505	
5	0	0	0	0	505	
6	0	0	0	0	505	
7	0	0	0	0	505	
8	0	0	0	0	505	
9	0	0	0	0	506	
10	0	0	0	0	507	
11	0	0	0	0	508	
12	0	0	0	0	508	
13	0	0	0	0	508	
14	0	0	0	0	508	
15	0	0	0	0	509	
0	0	0	0	0	510	
1	0	0	0	0	509	
2	0	0	0	0	508	
3	0	0	0	0	507	
4	0	0	0	0	507	
5	0	0	0	0	506	
6	0	0	0	0	505	
7	0	0	0	0	506	
8	0	0	0	0	507	
9	0	0	0	0	507	
10	0	0	0	0	507	
11	0	0	0	0	507	
12	0	0	0	0	508	
13	0	0	0	0	508	
14	0	0	0	0	508	
15	0	0	0	0	508	
0	0	0	0	0	508	
1	0	0	0	0	508	
2	0	0	0	0	507	
3	0	0	0	0	507	
4	0	0	0	0	507	
5	0	0	0	0	506	
6	0	0	0	0	506	
7	0	0	0	0	506	
8	0	0	0	0	507	
9	0	0	0	0	506	
10	0	0	0	0	507	
11	0	0	0	0	507	
12	0	0	0	0	507	
13	0	0	0	0	507	
14	0	0	0	0	507	
15	0	0	0	0	507	
0	0	0	0	0	507	
1	0	0	0	0	507	
2	0	0	0	0	506	
3	0	0	0	0	506	
4	0	0	0	0	505	
5	0	0	0	0	506	
6	0	0	0	0	506	
7	0	0	0	0	506	
8	0	0	0	0	507	
9	0	0	0	0	507	
10	0	0	0	0	508	
11	0	0	0	0	508	
12	0	0	0	0	508	
13	0	0	0	0	508	
14	0	0	0	0	508	
15	0	0	0	0	508	
0	0	0	0	0	508	
1	0	0	0	0	508	
2	0	0	0	0	508	
3	0	0	0	0	507	
4	0	0	0	0	507	
5	0	0	0	0	507	
6	0	0	0	0	507	
7	0	0	0	0	507	
8	0	0	0	0	507	
9	0	0	0	0	508	
10	0	0	0	0	508	
11	0	0	0	0	508	
12	0	0	0	0	509	
13	0	0	0	0	510	
14	0	0	0	0	510	
15	0	0	0	0	511	
0	0	0	0	0	510	
1	0	0	0	0	510	
2	0	0	0	0	509	
3	0	0	0	0	509	
4	0	0	0	0	508	
5	0	0	0	0	508	
6	0	0	0	0	508	
7	0	0	0	0	509	
8	0	0	0	0	510	
9	0	0	0	0	510	
10	0	0	0	0	510	
11	0	0	0	0	510	
12	0	0	0	0	511	
13	0	0	0	0	511	
14	0	0	0	0	511	
15	0	0	0	0	511	
0	0	0	0	0	511	
1	0	0	0	0	511	
2	0	0	0	0	511	
3	0	0	0	0	510	
4	0	0	0	0	511	
5	0	0	0	0	511	
6	0	0	0	0	510	
7	0	0	0	0	509	
8	0	0	0	0	508	
9	0	0	0	0	508	
10	0	0	0	0	508	
11	0	0	0	0	508	
12	0	0	0	0	508	
13	0	0	0	0	509	
14	0	0	0	0	510	
15	0	0	0	0	510	
0	0	0	0	0	511	
1	0	0	0	0	511	
2	0	0	0	0	511	
3	0	0	0	0	511	
4	0	0	0	0	511	
5	0	0	0	0	511	
6	0	0	0	0	510	
7	0	0	0	0	511	
8	0	0	0	0	511	
9	0	0	0	0	511	
10	0	0	0	0	511	
11	0	0	0	0	512	
12	0	0	0	0	512	
13	0	0	0	0	513	
14	0	0	0	0	513	
15	0	0	0	0	514	
0	0	0	0	0	514	
1	0	0	0	0	515	
2	0	0	0	0	515	
3	0	0	0	0	515	
4	0	0	0	0	515	
5	0	0	0	0	514	
6	0	0	0	0	514	
7	0	0	0	0	514	
8	0	0	0	0	515	
9	0	0	0	0	517	
10	0	0	0	0	518	
11	0	0	0	0	519	
12	0	0	0	0	520	
13	0	0	0	0	522	
14	0	0	0	0	523	
15	0	0	0	0	524	
0	0	0	0	0	525	
1	0	0	0	0	525	
2	0	0	0	0	526	
3	0	0	0	0	525	
4	0	0	0	0	526	
5	0	0	0	0	526	
6	0	0	0	0	525	
7	0	0	0	0	526	
8	0	0	0	0	527	
9	0	0	0	0	527	
10	0	0	0	0	529	
11	0	0	0	0	531	
12	0	0	0	0	532	
13	0	0	0	0	534	
14	0	0	0	0	536	
15	0	0	0	0	539	
0	0	0	0	0	541	
1	0	0	0	0	543	
2	0	0	0	0	546	
3	0	0	0	0	547	
4	0	0	0	0	548	
5	0	0	0	0	547	
6	0	0	0	0	547	
7	0	0	0	0	544	
8	0	0	0	0	543	
9	0	0	0	0	541	
10	0	0	0	0	539	
11	0	0	0	0	538	
12	0	0	0	0	537	
13	0	0	0	0	536	
14	0	0	0	0	535	
15	0	0	0	0	534	
0	0	0	0	0	532	
1	0	0	0	0	530	
2	0	0	0	0	527	
3	0	0	0	0	525	
4	0	0	0	0	524	
5	0	0	0	0	524	
6	0	0	0	0	523	
7	0	0	0	0	521	
8	0	0	0	0	520	
9	0	0	0	0	519	
10	0	0	0	0	518	
11	0	0	0	0	517	
12	0	0	0	0	516	
13	0	0	0	0	516	
14	0	0	0	0	515	
15	0	0	0	0	514	
0	0	0	0	0	514	
1	0	0	0	0	514	
2	0	0	0	0	514	
3	0	0	0	0	512	
4	0	0	0	0	512	
5	0	0	0	0	510	
6	0	0	0	0	508	
7	0	0	0	0	507	
8	0	0	0	0	506	
9	0	0	0	0	505	
10	0	0	0	0	504	
11	0	0	0	0	502	
12	0	0	0	0	501	
13	0	0	0	0	500	
14	0	0	0	0	499	
15	0	0	0	0	499	
0	0	0	0	0	499	
1	0	0	0	0	500	
2	0	0	0	0	500	
3	0	0	0	0	500	
4	0	0	0	0	500	
5	0	0	0	0	500	
6	0	0	0	0	499	
7	0	0	0	0	498	
8	0	0	0	0	497	
9	0	0	0	0	496	
10	0	0	0	0	495	
11	0	0	0	0	494	
12	0	0	0	0	494	
13	0	0	0	0	494	
14	0	0	0	0	494	
15	0	0	0	0	494	
0	0	0	0	0	494	
1	0	0	0	0	494	
2	0	0	0	0	494	
3	0	0	0	0	494	
4	0	0	0	0	495	
5	0	0	0	0	495	
6	0	0	0	0	495	
7	0	0	0	0	495	
8	0	0	0	0	494	
9	0	0	0	0	494	
10	0	0	0	0	494	
11	0	0	0	0	494	
12	0	0	0	0	495	
13	0	0	0	0	494	
14	0	0	0	0	494	
15	0	0	0	0	494	
0	0	0	0	0	494	
1	0	0	0	0	494	
2	0	0	0	0	494	
3	0	0	0	0	495	
4	0	0	0	0	495	
5	0	0	0	0	496	
6	0	0	0	0	496	
7	0	0	0	0	495	
8	0	0	0	0	494	
9	0	0	0	0	493	
10	0	0	0	0	492	
11	0	0	0	0	490	
12	0	0	0	0	487	
13	0	0	0	0	485	
14	0	0	0	0	484	
15	0	0	0	0	482	
0	0	0	0	0	480	
1	0	0	0	0	477	
2	0	0	0	0	472	
3	0	0	0	0	469	
4	0	0	0	0	467	
5	0	0	0	0	467	
6	0	0	0	0	465	
7	0	0	0	0	465	
8	0	0	0	0	463	
9	0	0	0	0	461	
10	0	0	0	0	460	
11	0	0	0	0	459	
12	0	0	0	0	457	
13	0	0	0	0	456	
14	0	0	0	0	456	
15	0	0	0	0	458	
0	0	0	0	0	462	
1	0	0	0	0	471	
2	0	0	0	0	484	
3	0	0	0	0	502	
4	0	0	0	0	526	
5	0	0	0	0	553	
6	0	0	0	0	585	
7	0	0	0	0	622	
8	0	0	0	0	664	
9	0	0	0	0	705	
10	0	0	0	0	748	
11	0	0	0	0	791	
12	0	0	0	0	834	
13	0	0	0	0	871	
14	0	0	0	0	899	
15	0	0	0	0	916	
0	0	0	0	0	923	
1	0	0	0	0	920	
2	0	0	0	0	905	
3	0	0	0	0	884	
4	0	0	0	0	858	
5	0	0	0	0	830	
6	0	0	0	0	802	
7	0	0	0	0	774	
8	0	0	0	0	746	
9	0	0	0	0	722	
10	0	0	0	0	699	
11	0	0	0	0	676	
12	0	0	0	0	654	
13	0	0	0	0	632	
14	0	0	0	0	611	
15	0	0	0	0	592	
0	0	0	0	0	575	
1	0	0	0	0	559	
2	0	0	0	0	547	
3	0	0	0	0	537	
4	0	0	0	0	530	
5	0	0	0	0	523	
6	0	0	0	0	516	
7	0	0	0	0	510	
8	0	0	0	0	505	
9	0	0	0	0	499	
10	0	0	0	0	492	
11	0	0	0	0	486	
12	0	0	0	0	480	
13	0	0	0	0	475	
14	0	0	0	0	470	
15	0	0	0	0	465	
0	0	0	0	0	460	
1	0	0	0	0	458	
2	0	0	0	0	455	
3	0	0	0	0	454	
4	0	0	0	0	452	
5	0	0	0	0	451	
6	0	0	0	0	450	
7	0	0	0	0	448	
8	0	0	0	0	448	
9	0	0	0	0	446	
10	0	0	0	0	445	
11	0	0	0	0	444	
12	0	0	0	0	444	
13	0	0	0	0	443	
14	0	0	0	0	442	
15	0	0	0	0	443	
0	0	0	0	0	442	
1	0	0	0	0	442	
2	0	0	0	0	441	
3	0	0	0	0	442	
4	0	0	0	0	442	
5	0	0	0	0	443	
6	0	0	0	0	444	
7	0	0	0	0	444	
8	0	0	0	0	444	
9	0	0	0	0	445	
10	0	0	0	0	446	
11	0	0	0	0	447	
12	0	0	0	0	447	
13	0	0	0	0	447	
14	0	0	0	0	448	
15	0	0	0	0	448	
0	0	0	0	0	448	
1	0	0	0	0	448	
2	0	0	0	0	449	
3	0	0	0	0	449	
4	0	0	0	0	449	
5	0	0	0	0	449	
6	0	0	0	0	450	
7	0	0	0	0	451	
8	0	0	0	0	452	
9	0	0	0	0	452	
10	0	0	0	0	454	
11	0	0	0	0	455	
12	0	0	0	0	456	
13	0	0	0	0	457	
14	0	0	0	0	457	
15	0	0	0	0	457	
0	0	0	0	0	458	
1	0	0	0	0	458	
2	0	0	0	0	458	
3	0	0	0	0	458	
4	0	0	0	0	459	
5	0	0	0	0	460	
6	0	0	0	0	462	
7	0	0	0	0	463	
8	0	0	0	0	463	
9	0	0	0	0	465	
10	0	0	0	0	466	
11	0	0	0	0	467	
12	0	0	0	0	467	
13	0	0	0	0	468	
14	0	0	0	0	469	
15	0	0	0	0	470	
0	0	0	0	0	471	
1	0	0	0	0	472	
2	0	0	0	0	472	
3	0	0	0	0	473	
4	0	0	0	0	474	
5	0	0	0	0	475	
6	0	0	0	0	475	
7	0	0	0	0	476	
8	0	0	0	0	478	
9	0	0	0	0	479	
10	0	0	0	0	480	
11	0	0	0	0	480	
12	0	0	0	0	481	
13	0	0	0	0	481	
14	0	0	0	0	481	
15	0	0	0	0	481	
0	0	0	0	0	482	
1	0	0	0	0	483	
2	0	0	0	0	483	
3	0	0	0	0	483	
4	0	0	0	0	485	
5	0	0	0	0	486	
6	0	0	0	0	487	
7	0	0	0	0	487	
8	0	0	0	0	489	
9	0	0	0	0	489	
10	0	0	0	0	490	
11	0	0	0	0	491	
12	0	0	0	0	492	
13	0	0	0	0	492	
14	0	0	0	0	492	
15	0	0	0	0	493	
0	0	0	0	0	494	
1	0	0	0	0	493	
2	0	0	0	0	494	
3	0	0	0	0	494	
4	0	0	0	0	495	
5	0	0	0	0	496	
6	0	0	0	0	496	
7	0	0	0	0	497	
8	0	0	0	0	498	
9	0	0	0	0	499	
10	0	0	0	0	500	
11	0	0	0	0	502	
12	0	0	0	0	503	
13	0	0	0	0	504	
14	0	0	0	0	504	
15	0	0	0	0	505	
0	0	0	0	0	506	
1	0	0	0	0	506	
2	0	0	0	0	506	
3	0	0	0	0	507	
4	0	0	0	0	506	
5	0	0	0	0	507	
6	0	0	0	0	508	
7	0	0	0	0	508	
8	0	0	0	0	510	
9	0	0	0	0	510	
10	0	0	0	0	511	
11	0	0	0	0	511	
12	0	0	0	0	512	
13	0	0	0	0	512	
14	0	0	0	0	512	
15	0	0	0	0	513	
0	0	0	0	0	514	
1	0	0	0	0	514	
2	0	0	0	0	515	
3	0	0	0	0	515	
4	0	0	0	0	515	
5	0	0	0	0	515	
6	0	0	0	0	516	
7	0	0	0	0	518	
8	0	0	0	0	519	
9	0	0	0	0	520	
10	0	0	0	0	521	
11	0	0	0	0	521	
12	0	0	0	0	523	
13	0	0	0	0	524	
14	0	0	0	0	525	
15	0	0	0	0	526	
0	0	0	0	0	526	
1	0	0	0	0	527	
2	0	0	0	0	526	
3	0	0	0	0	527	
4	0	0	0	0	527	
5	0	0	0	0	527	
6	0	0	0	0	528	
7	0	0	0	0	529	
8	0	0	0	0	529	
9	0	0	0	0	530	
10	0	0	0	0	531	
11	0	0	0	0	532	
12	0	0	0	0	533	
13	0	0	0	0	534	
14	0	0	0	0	535	
15	0	0	0	0	536	
0	0	0	0	0	536	
1	0	0	0	0	536	
2	0	0	0	0	537	
3	0	0	0	0	535	
4	0	0	0	0	535	
5	0	0	0	0	535	
6	0	0	0	0	535	
7	0	0	0	0	535	
8	0	0	0	0	535	
9	0	0	0	0	536	
10	0	0	0	0	536	
11	0	0	0	0	536	
12	0	0	0	0	537	
13	0	0	0	0	537	
14	0	0	0	0	538	
15	0	0	0	0	539	
0	0	0	0	0	540	
1	0	0	0	0	541	
2	0	0	0	0	540	
3	0	0	0	0	540	
4	0	0	0	0	539	
5	0	0	0	0	540	
6	0	0	0	0	539	
7	0	0	0	0	539	
8	0	0	0	0	539	
9	0	0	0	0	539	
10	0	0	0	0	540	
11	0	0	0	0	540	
12	0	0	0	0	541	
13	0	0	0	0	541	
14	0	0	0	0	542	
15	0	0	0	0	542	
0	0	0	0	0	542	
1	0	0	0	0	542	
2	0	0	0	0	542	
3	0	0	0	0	542	
4	0	0	0	0	541	
5	0	0	0	0	541	
6	0	0	0	0	540	
7	0	0	0	0	539	
8	0	0	0	0	538	
9	0	0	0	0	537	
10	0	0	0	0	537	
11	0	0	0	0	536	
12	0	0	0	0	536	
13	0	0	0	0	536	
14	0	0	0	0	535	
15	0	0	0	0	534	
0	0	0	0	0	534	
1	0	0	0	0	532	
2	0	0	0	0	532	
3	0	0	0	0	531	
4	0	0	0	0	531	
5	0	0	0	0	529	
6	0	0	0	0	528	
7	0	0	0	0	526	
8	0	0	0	0	524	
9	0	0	0	0	523	
10	0	0	0	0	522	
11	0	0	0	0	520	
12	0	0	0	0	519	
13	0	0	0	0	517	
14	0	0	0	0	516	
15	0	0	0	0	513	
0	0	0	0	0	512	
1	0	0	0	0	511	
2	0	0	0	0	510	
3	0	0	0	0	508	
4	0	0	0	0	506	
5	0	0	0	0	504	
6	0	0	0	0	502	
7	0	0	0	0	499	
8	0	0	0	0	497	
9	0	0	0	0	495	
10	0	0	0	0	494	
11	0	0	0	0	493	
12	0	0	0	0	492	
13	0	0	0	0	491	
14	0	0	0	0	489	
15	0	0	0	0	488	
0	0	0	0	0	487	
1	0	0	0	0	487	
2	0	0	0	0	485	
3	0	0	0	0	484	
4	0	0	0	0	483	
5	0	0	0	0	482	
6	0	0	0	0	480	
7	0	0	0	0	479	
8	0	0	0	0	477	
9	0	0	0	0	476	
10	0	0	0	0	476	
11	0	0	0	0	476	
12	0	0	0	0	475	
13	0	0	0	0	473	
14	0	0	0	0	473	
15	0	0	0	0	472	
0	0	0	0	0	472	
1	0	0	0	0	472	
2	0	0	0	0	471	
3	0	0	0	0	471	
4	0	0	0	0	470	
5	0	0	0	0	470	
6	0	0	0	0	469	
7	0	0	0	0	469	
8	0	0	0	0	467	
9	0	0	0	0	467	
10	0	0	0	0	466	
11	0	0	0	0	467	
12	0	0	0	0	467	
13	0	0	0	0	467	
14	0	0	0	0	468	
15	0	0	0	0	468	
0	0	0	0	0	468	
1	0	0	0	0	469	
2	0	0	0	0	470	
3	0	0	0	0	469	
4	0	0	0	0	469	
5	0	0	0	0	469	
6	0	0	0	0	469	
7	0	0	0	0	469	
8	0	0	0	0	469	
9	0	0	0	0	469	
10	0	0	0	0	469	
11	0	0	0	0	469	
12	0	0	0	0	469	
13	0	0	0	0	469	
14	0	0	0	0	470	
15	0	0	0	0	471	
0	0	0	0	0	472	
1	0	0	0	0	473	
2	0	0	0	0	474	
3	0	0	0	0	474	
4	0	0	0	0	475	
5	0	0	0	0	475	
6	0	0	0	0	476	
7	0	0	0	0	476	
8	0	0	0	0	476	
9	0	0	0	0	476	
10	0	0	0	0	476	
11	0	0	0	0	476	
12	0	0	0	0	477	
13	0	0	0	0	477	
14	0	0	0	0	477	
15	0	0	0	0	478	
0	0	0	0	0	479	
1	0	0	0	0	479	
2	0	0	0	0	480	
3	0	0	0	0	480	
4	0	0	0	0	481	
5	0	0	0	0	481	
6	0	0	0	0	482	
7	0	0	0	0	482	
8	0	0	0	0	482	
9	0	0	0	0	482	
10	0	0	0	0	482	
11	0	0	0	0	483	
12	0	0	0	0	483	
13	0	0	0	0	483	
14	0	0	0	0	483	
15	0	0	0	0	484	
0	0	0	0	0	484	
1	0	0	0	0	484	
2	0	0	0	0	486	
3	0	0	0	0	486	
4	0	0	0	0	486	
5	0	0	0	0	486	
6	0	0	0	0	487	
7	0	0	0	0	487	
8	0	0	0	0	487	
9	0	0	0	0	487	
10	0	0	0	0	486	
11	0	0	0	0	487	
12	0	0	0	0	487	
13	0	0	0	0	487	
14	0	0	0	0	487	
15	0	0	0	0	487	
0	0	0	0	0	488	
1	0	0	0	0	489	
2	0	0	0	0	489	
3	0	0	0	0	491	
4	0	0	0	0	492	
5	0	0	0	0	494	
6	0	0	0	0	495	
7	0	0	0	0	495	
8	0	0	0	0	495	
9	0	0	0	0	495	
10	0	0	0	0	495	
11	0	0	0	0	494	
12	0	0	0	0	494	
13	0	0	0	0	494	
14	0	0	0	0	494	
15	0	0	0	0	494	
0	0	0	0	0	494	
1	0	0	0	0	494	
2	0	0	0	0	495	
3	0	0	0	0	495	
4	0	0	0	0	495	
5	0	0	0	0	495	
6	0	0	0	0	496	
7	0	0	0	0	496	
8	0	0	0	0	496	
9	0	0	0	0	496	
10	0	0	0	0	496	
11	0	0	0	0	496	
12	0	0	0	0	496	
13	0	0	0	0	496	
14	0	0	0	0	495	
15	0	0	0	0	496	
0	0	0	0	0	496	
1	0	0	0	0	497	
2	0	0	0	0	498	
3	0	0	0	0	498	
4	0	0	0	0	499	
5	0	0	0	0	499	
6	0	0	0	0	500	
7	0	0	0	0	501	
8	0	0	0	0	501	
9	0	0	0	0	500	
10	0	0	0	0	500	
11	0	0	0	0	500	
12	0	0	0	0	500	
13	0	0	0	0	500	
14	0	0	0	0	500	
15	0	0	0	0	499	
0	0	0	0	0	499	
1	0	0	0	0	500	
2	0	0	0	0	501	
3	0	0	0	0	501	
4	0	0	0	0	502	
5	0	0	0	0	502	
6	0	0	0	0	502	
7	0	0	0	0	502	
8	0	0	0	0	503	
9	0	0	0	0	502	
10	0	0	0	0	502	
11	0	0	0	0	502	
12	0	0	0	0	502	
13	0	0	0	0	500	
14	0	0	0	0	500	
15	0	0	0	0	500	
0	0	0	0	0	500	
1	0	0	0	0	501	
2	0	0	0	0	501	
3	0	0	0	0	501	
4	0	0	0	0	501	
5	0	0	0	0	502	
6	0	0	0	0	503	
7	0	0	0	0	503	
8	0	0	0	0	503	
9	0	0	0	0	504	
10	0	0	0	0	504	
11	0	0	0	0	504	
12	0	0	0	0	504	
13	0	0	0	0	504	
14	0	0	0	0	504	
15	0	0	0	0	504	
0	0	0	0	0	503	
1	0	0	0	0	503	
2	0	0	0	0	502	
3	0	0	0	0	503	
4	0	0	0	0	503	
5	0	0	0	0	503	
6	0	0	0	0	503	
7	0	0	0	0	504	
8	0	0	0	0	505	
9	0	0	0	0	505	
10	0	0	0	0	505	
11	0	0	0	0	505	
12	0	0	0	0	504	
13	0	0	0	0	504	
14	0	0	0	0	504	
15	0	0	0	0	504	
0	0	0	0	0	504	
1	0	0	0	0	504	
2	0	0	0	0	504	
3	0	0	0	0	504	
4	0	0	0	0	504	
5	0	0	0	0	504	
6	0	0	0	0	504	
7	0	0	0	0	505	
8	0	0	0	0	505	
9	0	0	0	0	505	
10	0	0	0	0	506	
11	0	0	0	0	506	
12	0	0	0	0	507	
13	0	0	0	0	507	
14	0	0	0	0	507	
15	0	0	0	0	506	
0	0	0	0	0	506	
1	0	0	0	0	505	
2	0	0	0	0	505	
3	0	0	0	0	505	
4	0	0	0	0	505	
5	0	0	0	0	505	
6	0	0	0	0	506	
7	0	0	0	0	505	
8	0	0	0	0	506	
9	0	0	0	0	506	
10	0	0	0	0	507	
11	0	0	0	0	507	
12	0	0	0	0	507	
13	0	0	0	0	506	
14	0	0	0	0	505	
15	0	0	0	0	505	
0	0	0	0	0	505	
1	0	0	0	0	505	
2	0	0	0	0	505	
3	0	0	0	0	505	
4	0	0	0	0	505	
5	0	0	0	0	506	
6	0	0	0	0	506	
7	0	0	0	0	506	
8	0	0	0	0	506	
9	0	0	0	0	507	
10	0	0	0	0	508	
11	0	0	0	0	507	
12	0	0	0	0	507	
13	0	0	0	0	507	
14	0	0	0	0	507	
15	0	0	0	0	507	
0	0	0	0	0	507	
1	0	0	0	0	507	
2	0	0	0	0	506	
3	0	0	0	0	506	
4	0	0	0	0	507	
5	0	0	0	0	507	
6	0	0	0	0	508	
7	0	0	0	0	508	
8	0	0	0	0	508	
9	0	0	0	0	508	
10	0	0	0	0	508	
11	0	0	0	0	508	
12	0	0	0	0	509	
13	0	0	0	0	509	
14	0	0	0	0	510	
15	0	0	0	0	510	
0	0	0	0	0	510	
1	0	0	0	0	510	
2	0	0	0	0	509	
3	0	0	0	0	510	
4	0	0	0	0	510	
5	0	0	0	0	510	
6	0	0	0	0	510	
7	0	0	0	0	510	
8	0	0	0	0	510	
9	0	0	0	0	510	
10	0	0	0	0	510	
11	0	0	0	0	510	
12	0	0	0	0	510	
13	0	0	0	0	511	
14	0	0	0	0	511	
15	0	0	0	0	511	
0	0	0	0	0	512	
1	0	0	0	0	511	
2	0	0	0	0	512	
3	0	0	0	0	512	
4	0	0	0	0	512	
5	0	0	0	0	512	
6	0	0	0	0	511	
7	0	0	0	0	511	
8	0	0	0	0	511	
9	0	0	0	0	511	
10	0	0	0	0	512	
11	0	0	0	0	512	
12	0	0	0	0	513	
13	0	0	0	0	513	
14	0	0	0	0	513	
15	0	0	0	0	514	
0	0	0	0	0	514	
1	0	0	0	0	514	
2	0	0	0	0	512	
3	0	0	0	0	512	
4	0	0	0	0	512	
5	0	0	0	0	512	
6	0	0	0	0	512	
7	0	0	0	0	511	
8	0	0	0	0	511	
9	0	0	0	0	510	
10	0	0	0	0	511	
11	0	0	0	0	512	
12	0	0	0	0	512	
13	0	0	0	0	512	
14	0	0	0	0	512	
15	0	0	0	0	513	
0	0	0	0	0	513	
1	0	0	0	0	513	
2	0	0	0	0	513	
3	0	0	0	0	512	
4	0	0	0	0	512	
5	0	0	0	0	512	
6	0	0	0	0	511	
7	0	0	0	0	511	
8	0	0	0	0	511	
9	0	0	0	0	511	
10	0	0	0	0	512	
11	0	0	0	0	512	
12	0	0	0	0	512	
13	0	0	0	0	512	
14	0	0	0	0	513	
15	0	0	0	0	513	
0	0	0	0	0	513	
1	0	0	0	0	513	
2	0	0	0	0	514	
3	0	0	0	0	514	
4	0	0	0	0	515	
5	0	0	0	0	514	
6	0	0	0	0	513	
7	0	0	0	0	513	
8	0	0	0	0	513	
9	0	0	0	0	513	
10	0	0	0	0	514	
11	0	0	0	0	515	
12	0	0	0	0	515	
13	0	0	0	0	516	
14	0	0	0	0	517	
15	0	0	0	0	517	
0	0	0	0	0	517	
1	0	0	0	0	518	
2	0	0	0	0	519	
3	0	0	0	0	519	
4	0	0	0	0	519	
5	0	0	0	0	519	
6	0	0	0	0	520	
7	0	0	0	0	521	
8	0	0	0	0	522	
9	0	0	0	0	523	
10	0	0	0	0	524	
11	0	0	0	0	526	
12	0	0	0	0	526	
13	0	0	0	0	527	
14	0	0	0	0	527	
15	0	0	0	0	527	
0	0	0	0	0	527	
1	0	0	0	0	527	
2	0	0	0	0	527	
3	0	0	0	0	527	
4	0	0	0	0	528	
5	0	0	0	0	529	
6	0	0	0	0	531	
7	0	0	0	0	532	
8	0	0	0	0	532	
9	0	0	0	0	535	
10	0	0	0	0	536	
11	0	0	0	0	538	
12	0	0	0	0	541	
13	0	0	0	0	544	
14	0	0	0	0	547	
15	0	0	0	0	550	
0	0	0	0	0	552	
1	0	0	0	0	554	
2	0	0	0	0	554	
3	0	0	0	0	552	
4	0	0	0	0	551	
5	0	0	0	0	549	
6	0	0	0	0	547	
7	0	0	0	0	545	
8	0	0	0	0	543	
9	0	0	0	0	541	
10	0	0	0	0	540	
11	0	0	0	0	539	
12	0	0	0	0	538	
13	0	0	0	0	536	
14	0	0	0	0	534	
15	0	0	0	0	532	
0	0	0	0	0	530	
1	0	0	0	0	528	
2	0	0	0	0	527	
3	0	0	0	0	526	
4	0	0	0	0	525	
5	0	0	0	0	523	
6	0	0	0	0	521	
7	0	0	0	0	519	
8	0	0	0	0	519	
9	0	0	0	0	518	
10	0	0	0	0	517	
11	0	0	0	0	516	
12	0	0	0	0	516	
13	0	0	0	0	517	
14	0	0	0	0	518	
15	0	0	0	0	518	
0	0	0	0	0	516	
1	0	0	0	0	516	
2	0	0	0	0	515	
3	0	0	0	0	514	
4	0	0	0	0	512	
5	0	0	0	0	511	
6	0	0	0	0	510	
7	0	0	0	0	509	
8	0	0	0	0	508	
9	0	0	0	0	506	
10	0	0	0	0	504	
11	0	0	0	0	503	
12	0	0	0	0	502	
13	0	0	0	0	502	
14	0	0	0	0	502	
15	0	0	0	0	503	
0	0	0	0	0	502	
1	0	0	0	0	502	
2	0	0	0	0	502	
3	0	0	0	0	502	
4	0	0	0	0	501	
5	0	0	0	0	500	
6	0	0	0	0	499	
7	0	0	0	0	499	
8	0	0	0	0	497	
9	0	0	0	0	497	
10	0	0	0	0	497	
11	0	0	0	0	496	
12	0	0	0	0	496	
13	0	0	0	0	496	
14	0	0	0	0	496	
15	0	0	0	0	496	
0	0	0	0	0	496	
1	0	0	0	0	496	
2	0	0	0	0	496	
3	0	0	0	0	497	
4	0	0	0	0	497	
5	0	0	0	0	497	
6	0	0	0	0	497	
7	0	0	0	0	497	
8	0	0	0	0	497	
9	0	0	0	0	497	
10	0	0	0	0	497	
11	0	0	0	0	497	
12	0	0	0	0	497	
13	0	0	0	0	497	
14	0	0	0	0	497	
15	0	0	0	0	498	
0	0	0	0	0	499	
1	0	0	0	0	500	
2	0	0	0	0	501	
3	0	0	0	0	502	
4	0	0	0	0	502	
5	0	0	0	0	501	
6	0	0	0	0	499	
7	0	0	0	0	497	
8	0	0	0	0	495	
9	0	0	0	0	492	
10	0	0	0	0	491	
11	0	0	0	0	489	
12	0	0	0	0	487	
13	0	0	0	0	484	
14	0	0	0	0	481	
15	0	0	0	0	477	
0	0	0	0	0	474	
1	0	0	0	0	471	
2	0	0	0	0	468	
3	0	0	0	0	467	
4	0	0	0	0	467	
5	0	0	0	0	467	
6	0	0	0	0	464	
7	0	0	0	0	462	
8	0	0	0	0	460	
9	0	0	0	0	458	
10	0	0	0	0	455	
11	0	0	0	0	455	
12	0	0	0	0	456	
13	0	0	0	0	460	
14	0	0	0	0	468	
15	0	0	0	0	481	
0	0	0	0	0	498	
1	0	0	0	0	520	
2	0	0	0	0	549	
3	0	0	0	0	583	
4	0	0	0	0	624	
5	0	0	0	0	665	
6	0	0	0	0	709	
7	0	0	0	0	756	
8	0	0	0	0	804	
9	0	0	0	0	851	
10	0	0	0	0	894	
11	0	0	0	0	928	
12	0	0	0	0	952	
13	0	0	0	0	962	
14	0	0	0	0	958	
15	0	0	0	0	944	
0	0	0	0	0	922	
1	0	0	0	0	896	
2	0	0	0	0	865	
3	0	0	0	0	833	
4	0	0	0	0	800	
5	0	0	0	0	770	
6	0	0	0	0	743	
7	0	0	0	0	717	
8	0	0	0	0	691	
9	0	0	0	0	664	
10	0	0	0	0	639	
11	0	0	0	0	614	
12	0	0	0	0	591	
13	0	0	0	0	573	
14	0	0	0	0	557	
15	0	0	0	0	543	
0	0	0	0	0	532	
1	0	0	0	0	524	
2	0	0	0	0	518	
3	0	0	0	0	513	
4	0	0	0	0	509	
5	0	0	0	0	504	
6	0	0	0	0	500	
7	0	0	0	0	495	
8	0	0	0	0	489	
9	0	0	0	0	483	
10	0	0	0	0	477	
11	0	0	0	0	472	
12	0	0	0	0	467	
13	0	0	0	0	463	
14	0	0	0	0	460	
15	0	0	0	0	457	
0	0	0	0	0	454	
1	0	0	0	0	451	
2	0	0	0	0	449	
3	0	0	0	0	448	
4	0	0	0	0	447	
5	0	0	0	0	447	
6	0	0	0	0	447	
7	0	0	0	0	445	
8	0	0	0	0	445	
9	0	0	0	0	444	
10	0	0	0	0	444	
11	0	0	0	0	443	
12	0	0	0	0	443	
13	0	0	0	0	442	
14	0	0	0	0	442	
15	0	0	0	0	441	
0	0	0	0	0	441	
1	0	0	0	0	441	
2	0	0	0	0	441	
3	0	0	0	0	441	
4	0	0	0	0	442	
5	0	0	0	0	441	
6	0	0	0	0	442	
7	0	0	0	0	443	
8	0	0	0	0	444	
9	0	0	0	0	444	
10	0	0	0	0	445	
11	0	0	0	0	446	
12	0	0	0	0	446	
13	0	0	0	0	446	
14	0	0	0	0	446	
15	0	0	0	0	447	
0	0	0	0	0	447	
1	0	0	0	0	448	
2	0	0	0	0	449	
3	0	0	0	0	450	
4	0	0	0	0	451	
5	0	0	0	0	452	
6	0	0	0	0	453	
7	0	0	0	0	454	
8	0	0	0	0	455	
9	0	0	0	0	456	
10	0	0	0	0	456	
11	0	0	0	0	457	
12	0	0	0	0	457	
13	0	0	0	0	459	
14	0	0	0	0	459	
15	0	0	0	0	460	
0	0	0	0	0	460	
1	0	0	0	0	460	
2	0	0	0	0	461	
3	0	0	0	0	462	
4	0	0	0	0	463	
5	0	0	0	0	464	
6	0	0	0	0	465	
7	0	0	0	0	466	
8	0	0	0	0	467	
9	0	0	0	0	469	
10	0	0	0	0	471	
11	0	0	0	0	471	
12	0	0	0	0	472	
13	0	0	0	0	472	
14	0	0	0	0	472	
15	0	0	0	0	472	
0	0	0	0	0	472	
1	0	0	0	0	472	
2	0	0	0	0	473	
3	0	0	0	0	473	
4	0	0	0	0	474	
5	0	0	0	0	475	
6	0	0	0	0	475	
7	0	0	0	0	477	
8	0	0	0	0	477	
9	0	0	0	0	479	
10	0	0	0	0	479	
11	0	0	0	0	479	
12	0	0	0	0	480	
13	0	0	0	0	480	
14	0	0	0	0	480	
15	0	0	0	0	481	
0	0	0	0	0	481	
1	0	0	0	0	483	
2	0	0	0	0	484	
3	0	0	0	0	485	
4	0	0	0	0	486	
5	0	0	0	0	487	
6	0	0	0	0	487	
7	0	0	0	0	488	
8	0	0	0	0	489	
9	0	0	0	0	489	
10	0	0	0	0	490	
11	0	0	0	0	491	
12	0	0	0	0	492	
13	0	0	0	0	492	
14	0	0	0	0	492	
15	0	0	0	0	492	
0	0	0	0	0	493	
1	0	0	0	0	493	
2	0	0	0	0	494	
3	0	0	0	0	494	
4	0	0	0	0	495	
5	0	0	0	0	495	
6	0	0	0	0	496	
7	0	0	0	0	497	
8	0	0	0	0	498	
9	0	0	0	0	499	
10	0	0	0	0	500	
11	0	0	0	0	501	
12	0	0	0	0	501	
13	0	0	0	0	501	
14	0	0	0	0	502	
15	0	0	0	0	502	
0	0	0	0	0	503	
1	0	0	0	0	503	
2	0	0	0	0	503	
3	0	0	0	0	504	
4	0	0	0	0	504	
5	0	0	0	0	505	
6	0	0	0	0	506	
7	0	0	0	0	507	
8	0	0	0	0	508	
9	0	0	0	0	510	
10	0	0	0	0	511	
11	0	0	0	0	512	
12	0	0	0	0	513	
13	0	0	0	0	514	
14	0	0	0	0	514	
15	0	0	0	0	515	
0	0	0	0	0	516	
1	0	0	0	0	516	
2	0	0	0	0	517	
3	0	0	0	0	517	
4	0	0	0	0	516	
5	0	0	0	0	516	
6	0	0	0	0	516	
7	0	0	0	0	517	
8	0	0	0	0	518	
9	0	0	0	0	519	
10	0	0	0	0	521	
11	0	0	0	0	521	
12	0	0	0	0	521	
13	0	0	0	0	522	
14	0	0	0	0	523	
15	0	0	0	0	524	
0	0	0	0	0	525	
1	0	0	0	0	526	
2	0	0	0	0	526	
3	0	0	0	0	526	
4	0	0	0	0	527	
5	0	0	0	0	527	
6	0	0	0	0	528	
7	0	0	0	0	528	
8	0	0	0	0	528	
9	0	0	0	0	529	
10	0	0	0	0	531	
11	0	0	0	0	532	
12	0	0	0	0	533	
13	0	0	0	0	534	
14	0	0	0	0	535	
15	0	0	0	0	536	
0	0	0	0	0	535	
1	0	0	0	0	536	
2	0	0	0	0	536	
3	0	0	0	0	536	
4	0	0	0	0	537	
5	0	0	0	0	537	
6	0	0	0	0	537	
7	0	0	0	0	537	
8	0	0	0	0	537	
9	0	0	0	0	538	
10	0	0	0	0	539	
11	0	0	0	0	539	
12	0	0	0	0	539	
13	0	0	0	0	540	
14	0	0	0	0	540	
15	0	0	0	0	540	
0	0	0	0	0	540	
1	0	0	0	0	540	
2	0	0	0	0	540	
3	0	0	0	0	540	
4	0	0	0	0	540	
5	0	0	0	0	540	
6	0	0	0	0	540	
7	0	0	0	0	540	
8	0	0	0	0	540	
9	0	0	0	0	540	
10	0	0	0	0	540	
11	0	0	0	0	540	
12	0	0	0	0	540	
13	0	0	0	0	540	
14	0	0	0	0	540	
15	0	0	0	0	541	
0	0	0	0	0	541	
1	0	0	0	0	541	
2	0	0	0	0	540	
3	0	0	0	0	540	
4	0	0	0	0	539	
5	0	0	0	0	539	
6	0	0	0	0	539	
7	0	0	0	0	538	
8	0	0	0	0	537	
9	0	0	0	0	537	
10	0	0	0	0	537	
11	0	0	0	0	536	
12	0	0	0	0	536	
13	0	0	0	0	536	
14	0	0	0	0	536	
15	0	0	0	0	536	
0	0	0	0	0	535	
1	0	0	0	0	535	
2	0	0	0	0	533	
3	0	0	0	0	531	
4	0	0	0	0	529	
5	0	0	0	0	528	
6	0	0	0	0	526	
7	0	0	0	0	524	
8	0	0	0	0	523	
9	0	0	0	0	522	
10	0	0	0	0	520	
11	0	0	0	0	519	
12	0	0	0	0	517	
13	0	0	0	0	515	
14	0	0	0	0	514	
15	0	0	0	0	513	
0	0	0	0	0	511	
1	0	0	0	0	509	
2	0	0	0	0	507	
3	0	0	0	0	504	
4	0	0	0	0	502	
5	0	0	0	0	499	
6	0	0	0	0	497	
7	0	0	0	0	495	
8	0	0	0	0	493	
9	0	0	0	0	491	
10	0	0	0	0	489	
11	0	0	0	0	487	
12	0	0	0	0	486	
13	0	0	0	0	485	
14	0	0	0	0	483	
15	0	0	0	0	482	
0	0	0	0	0	482	
1	0	0	0	0	481	
2	0	0	0	0	480	
3	0	0	0	0	478	
4	0	0	0	0	477	
5	0	0	0	0	475	
6	0	0	0	0	473	
7	0	0	0	0	472	
8	0	0	0	0	471	
9	0	0	0	0	470	
10	0	0	0	0	470	
11	0	0	0	0	469	
12	0	0	0	0	469	
13	0	0	0	0	468	
14	0	0	0	0	467	
15	0	0	0	0	467	
0	0	0	0	0	467	
1	0	0	0	0	467	
2	0	0	0	0	466	
3	0	0	0	0	466	
4	0	0	0	0	466	
5	0	0	0	0	465	
6	0	0	0	0	466	
7	0	0	0	0	466	
8	0	0	0	0	465	
9	0	0	0	0	464	
10	0	0	0	0	464	
11	0	0	0	0	464	
12	0	0	0	0	465	
13	0	0	0	0	465	
14	0	0	0	0	465	
15	0	0	0	0	466	
0	0	0	0	0	466	
1	0	0	0	0	466	
2	0	0	0	0	466	
3	0	0	0	0	466	
4	0	0	0	0	467	
5	0	0	0	0	467	
6	0	0	0	0	466	
7	0	0	0	0	467	
8	0	0	0	0	467	
9	0	0	0	0	466	
10	0	0	0	0	466	
11	0	0	0	0	465	
12	0	0	0	0	466	
13	0	0	0	0	467	
14	0	0	0	0	467	
15	0	0	0	0	467	
0	0	0	0	0	468	
1	0	0	0	0	468	
2	0	0	0	0	469	
3	0	0	0	0	470	
4	0	0	0	0	472	
5	0	0	0	0	472	
6	0	0	0	0	472	
7	0	0	0	0	473	
8	0	0	0	0	474	
9	0	0	0	0	474	
10	0	0	0	0	475	
11	0	0	0	0	475	
12	0	0	0	0	476	
13	0	0	0	0	476	
14	0	0	0	0	476	
15	0	0	0	0	477	
0	0	0	0	0	478	
1	0	0	0	0	478	
2	0	0	0	0	478	
3	0	0	0	0	478	
4	0	0	0	0	479	
5	0	0	0	0	480	
6	0	0	0	0	480	
7	0	0	0	0	480	
8	0	0	0	0	480	
9	0	0	0	0	480	
10	0	0	0	0	480	
11	0	0	0	0	480	
12	0	0	0	0	480	
13	0	0	0	0	480	
14	0	0	0	0	480	
15	0	0	0	0	481	
0	0	0	0	0	482	
1	0	0	0	0	483	
2	0	0	0	0	484	
3	0	0	0	0	485	
4	0	0	0	0	485	
5	0	0	0	0	486	
6	0	0	0	0	486	
7	0	0	0	0	486	
8	0	0	0	0	486	
9	0	0	0	0	487	
10	0	0	0	0	487	
11	0	0	0	0	487	
12	0	0	0	0	487	
13	0	0	0	0	487	
14	0	0	0	0	488	
15	0	0	0	0	489	
0	0	0	0	0	489	
1	0	0	0	0	491	
2	0	0	0	0	491	
3	0	0	0	0	492	
4	0	0	0	0	492	
5	0	0	0	0	492	
6	0	0	0	0	492	
7	0	0	0	0	493	
8	0	0	0	0	492	
9	0	0	0	0	492	
10	0	0	0	0	492	
11	0	0	0	0	492	
12	0	0	0	0	492	
13	0	0	0	0	492	
14	0	0	0	0	492	
15	0	0	0	0	492	
0	0	0	0	0	493	
1	0	0	0	0	494	
2	0	0	0	0	494	
3	0	0	0	0	495	
4	0	0	0	0	495	
5	0	0	0	0	495	
6	0	0	0	0	495	
7	0	0	0	0	495	
8	0	0	0	0	496	
9	0	0	0	0	496	
10	0	0	0	0	496	
11	0	0	0	0	495	
12	0	0	0	0	494	
13	0	0	0	0	495	
14	0	0	0	0	495	
15	0	0	0	0	495	
0	0	0	0	0	495	
1	0	0	0	0	495	
2	0	0	0	0	496	
3	0	0	0	0	497	
4	0	0	0	0	497	
5	0	0	0	0	498	
6	0	0	0	0	498	
7	0	0	0	0	499	
8	0	0	0	0	499	
9	0	0	0	0	500	
10	0	0	0	0	499	
11	0	0	0	0	499	
12	0	0	0	0	499	
13	0	0	0	0	499	
14	0	0	0	0	499	
15	0	0	0	0	499	
0	0	0	0	0	499	
1	0	0	0	0	499	
2	0	0	0	0	500	
3	0	0	0	0	501	
4	0	0	0	0	501	
5	0	0	0	0	501	
6	0	0	0	0	501	
7	0	0	0	0	502	
8	0	0	0	0	501	
9	0	0	0	0	502	
10	0	0	0	0	502	
11	0	0	0	0	501	
12	0	0	0	0	502	
13	0	0	0	0	501	
14	0	0	0	0	501	
15	0	0	0	0	501	
0	0	0	0	0	502	
1	0	0	0	0	502	
2	0	0	0	0	502	
3	0	0	0	0	503	
4	0	0	0	0	504	
5	0	0	0	0	504	
6	0	0	0	0	505	
7	0	0	0	0	505	
8	0	0	0	0	505	
9	0	0	0	0	504	
10	0	0	0	0	505	
11	0	0	0	0	505	
12	0	0	0	0	505	
13	0	0	0	0	504	
14	0	0	0	0	504	
15	0	0	0	0	504	
0	0	0	0	0	504	
1	0	0	0	0	504	
2	0	0	0	0	504	
3	0	0	0	0	504	
4	0	0	0	0	505	
5	0	0	0	0	505	
6	0	0	0	0	505	
7	0	0	0	0	506	
8	0	0	0	0	505	
9	0	0	0	0	505	
10	0	0	0	0	505	
11	0	0	0	0	505	
12	0	0	0	0	504	
13	0	0	0	0	505	
14	0	0	0	0	504	
15	0	0	0	0	504	
0	0	0	0	0	504	
1	0	0	0	0	504	
2	0	0	0	0	504	
3	0	0	0	0	504	
4	0	0	0	0	504	
5	0	0	0	0	504	
6	0	0	0	0	504	
7	0	0	0	0	504	
8	0	0	0	0	505	
9	0	0	0	0	505	
10	0	0	0	0	504	
11	0	0	0	0	504	
12	0	0	0	0	504	
13	0	0	0	0	504	
14	0	0	0	0	504	
15	0	0	0	0	504	
0	0	0	0	0	504	
1	0	0	0	0	504	
2	0	0	0	0	504	
3	0	0	0	0	505	
4	0	0	0	0	504	
5	0	0	0	0	504	
6	0	0	0	0	504	
7	0	0	0	0	504	
8	0	0	0	0	504	
9	0	0	0	0	504	
10	0	0	0	0	504	
11	0	0	0	0	504	
12	0	0	0	0	504	
13	0	0	0	0	504	
14	0	0	0	0	504	
15	0	0	0	0	504	
0	0	0	0	0	504	
1	0	0	0	0	504	
2	0	0	0	0	504	
3	0	0	0	0	504	
4	0	0	0	0	504	
5	0	0	0	0	504	
6	0	0	0	0	505	
7	0	0	0	0	506	
8	0	0	0	0	506	
9	0	0	0	0	507	
10	0	0	0	0	507	
11	0	0	0	0	507	
12	0	0	0	0	507	
13	0	0	0	0	507	
14	0	0	0	0	508	
15	0	0	0	0	507	
0	0	0	0	0	507	
1	0	0	0	0	507	
2	0	0	0	0	507	
3	0	0	0	0	507	
4	0	0	0	0	507	
5	0	0	0	0	507	
6	0	0	0	0	507	
7	0	0	0	0	507	
8	0	0	0	0	507	
9	0	0	0	0	507	
10	0	0	0	0	508	
11	0	0	0	0	508	
12	0	0	0	0	509	
13	0	0	0	0	509	
14	0	0	0	0	508	
15	0	0	0	0	508	
0	0	0	0	0	508	
1	0	0	0	0	509	
2	0	0	0	0	509	
3	0	0	0	0	509	
4	0	0	0	0	509	
5	0	0	0	0	509	
6	0	0	0	0	509	
7	0	0	0	0	509	
8	0	0	0	0	509	
9	0	0	0	0	509	
10	0	0	0	0	510	
11	0	0	0	0	510	
12	0	0	0	0	510	
13	0	0	0	0	510	
14	0	0	0	0	509	
15	0	0	0	0	509	
0	0	0	0	0	510	
1	0	0	0	0	511	
2	0	0	0	0	511	
3	0	0	0	0	511	
4	0	0	0	0	511	
5	0	0	0	0	510	
6	0	0	0	0	510	
7	0	0	0	0	510	
8	0	0	0	0	510	
9	0	0	0	0	510	
10	0	0	0	0	511	
11	0	0	0	0	511	
12	0	0	0	0	511	
13	0	0	0	0	511	
14	0	0	0	0	511	
15	0	0	0	0	511	
0	0	0	0	0	510	
1	0	0	0	0	510	
2	0	0	0	0	510	
3	0	0	0	0	510	
4	0	0	0	0	511	
5	0	0	0	0	511	
6	0	0	0	0	511	
7	0	0	0	0	511	
8	0	0	0	0	511	
9	0	0	0	0	511	
10	0	0	0	0	511	
11	0	0	0	0	511	
12	0	0	0	0	511	
13	0	0	0	0	511	
14	0	0	0	0	511	
15	0	0	0	0	512	
0	0	0	0	0	511	
1	0	0	0	0	511	
2	0	0	0	0	511	
3	0	0	0	0	510	
4	0	0	0	0	510	
5	0	0	0	0	511	
6	0	0	0	0	511	
7	0	0	0	0	511	
8	0	0	0	0	511	
9	0	0	0	0	511	
10	0	0	0	0	512	
11	0	0	0	0	512	
12	0	0	0	0	513	
13	0	0	0	0	513	
14	0	0	0	0	513	
15	0	0	0	0	513	
0	0	0	0	0	512	
1	0	0	0	0	512	
2	0	0	0	0	512	
3	0	0	0	0	512	
4	0	0	0	0	511	
5	0	0	0	0	511	
6	0	0	0	0	511	
7	0	0	0	0	511	
8	0	0	0	0	512	
9	0	0	0	0	512	
10	0	0	0	0	512	
11	0	0	0	0	512	
12	0	0	0	0	512	
13	0	0	0	0	512	
14	0	0	0	0	513	
15	0	0	0	0	514	
0	0	0	0	0	514	
1	0	0	0	0	514	
2	0	0	0	0	514	
3	0	0	0	0	514	
4	0	0	0	0	515	
5	0	0	0	0	514	
6	0	0	0	0	514	
7	0	0	0	0	514	
8	0	0	0	0	514	
9	0	0	0	0	514	
10	0	0	0	0	514	
11	0	0	0	0	514	
12	0	0	0	0	514	
13	0	0	0	0	515	
14	0	0	0	0	514	
15	0	0	0	0	515	
0	0	0	0	0	514	
1	0	0	0	0	513	
2	0	0	0	0	513	
3	0	0	0	0	513	
4	0	0	0	0	513	
5	0	0	0	0	513	
6	0	0	0	0	513	
7	0	0	0	0	513	
8	0	0	0	0	513	
9	0	0	0	0	513	
10	0	0	0	0	513	
11	0	0	0	0	514	
12	0	0	0	0	515	
13	0	0	0	0	515	
14	0	0	0	0	516	
15	0	0	0	0	517	
0	0	0	0	0	516	
1	0	0	0	0	516	
2	0	0	0	0	517	
3	0	0	0	0	518	
4	0	0	0	0	519	
5	0	0	0	0	521	
6	0	0	0	0	521	
7	0	0	0	0	522	
8	0	0	0	0	523	
9	0	0	0	0	524	
10	0	0	0	0	525	
11	0	0	0	0	525	
12	0	0	0	0	525	
13	0	0	0	0	526	
14	0	0	0	0	526	
15	0	0	0	0	526	
0	0	0	0	0	527	
1	0	0	0	0	527	
2	0	0	0	0	528	
3	0	0	0	0	530	
4	0	0	0	0	531	
5	0	0	0	0	532	
6	0	0	0	0	533	
7	0	0	0	0	534	
8	0	0	0	0	536	
9	0	0	0	0	538	
10	0	0	0	0	542	
11	0	0	0	0	544	
12	0	0	0	0	547	
13	0	0	0	0	549	
14	0	0	0	0	551	
15	0	0	0	0	551	
0	0	0	0	0	551	
1	0	0	0	0	550	
2	0	0	0	0	548	
3	0	0	0	0	546	
4	0	0	0	0	544	
5	0	0	0	0	542	
6	0	0	0	0	540	
7	0	0	0	0	538	
8	0	0	0	0	537	
9	0	0	0	0	536	
10	0	0	0	0	534	
11	0	0	0	0	531	
12	0	0	0	0	529	
13	0	0	0	0	527	
14	0	0	0	0	526	
15	0	0	0	0	524	
0	0	0	0	0	523	
1	0	0	0	0	522	
2	0	0	0	0	521	
3	0	0	0	0	519	
4	0	0	0	0	519	
5	0	0	0	0	518	
6	0	0	0	0	517	
7	0	0	0	0	516	
8	0	0	0	0	515	
9	0	0	0	0	515	
10	0	0	0	0	515	
11	0	0	0	0	515	
12	0	0	0	0	515	
13	0	0	0	0	515	
14	0	0	0	0	515	
15	0	0	0	0	513	
0	0	0	0	0	511	
1	0	0	0	0	510	
2	0	0	0	0	509	
3	0	0	0	0	508	
4	0	0	0	0	508	
5	0	0	0	0	507	
6	0	0	0	0	505	
7	0	0	0	0	504	
8	0	0	0	0	503	
9	0	0	0	0	502	
10	0	0	0	0	502	
11	0	0	0	0	501	
12	0	0	0	0	502	
13	0	0	0	0	502	
14	0	0	0	0	502	
15	0	0	0	0	502	
0	0	0	0	0	501	
1	0	0	0	0	501	
2	0	0	0	0	500	
3	0	0	0	0	499	
4	0	0	0	0	499	
5	0	0	0	0	499	
6	0	0	0	0	498	
7	0	0	0	0	498	
8	0	0	0	0	497	
9	0	0	0	0	497	
10	0	0	0	0	497	
11	0	0	0	0	497	
12	0	0	0	0	496	
13	0	0	0	0	496	
14	0	0	0	0	497	
15	0	0	0	0	497	
0	0	0	0	0	497	
1	0	0	0	0	498	
2	0	0	0	0	499	
3	0	0	0	0	500	
4	0	0	0	0	500	
5	0	0	0	0	500	
6	0	0	0	0	500	
7	0	0	0	0	500	
8	0	0	0	0	499	
9	0	0	0	0	498	
10	0	0	0	0	498	
11	0	0	0	0	498	
12	0	0	0	0	497	
13	0	0	0	0	497	
14	0	0	0	0	497	
15	0	0	0	0	497	
0	0	0	0	0	497	
1	0	0	0	0	497	
2	0	0	0	0	496	
3	0	0	0	0	496	
4	0	0	0	0	494	
5	0	0	0	0	493	
6	0	0	0	0	491	
7	0	0	0	0	489	
8	0	0	0	0	487	
9	0	0	0	0	484	
10	0	0	0	0	482	
11	0	0	0	0	479	
12	0	0	0	0	475	
13	0	0	0	0	472	
14	0	0	0	0	469	
15	0	0	0	0	466	
0	0	0	0	0	464	
1	0	0	0	0	464	
2	0	0	0	0	462	
3	0	0	0	0	460	
4	0	0	0	0	457	
5	0	0	0	0	455	
6	0	0	0	0	452	
7	0	0	0	0	450	
8	0	0	0	0	450	
9	0	0	0	0	451	
10	0	0	0	0	455	
11	0	0	0	0	463	
12	0	0	0	0	476	
13	0	0	0	0	494	
14	0	0	0	0	518	
15	0	0	0	0	547	
0	0	0	0	0	582	
1	0	0	0	0	623	
2	0	0	0	0	667	
3	0	0	0	0	711	
4	0	0	0	0	759	
5	0	0	0	0	807	
6	0	0	0	0	854	
7	0	0	0	0	895	
8	0	0	0	0	927	
9	0	0	0	0	948	
10	0	0	0	0	954	
11	0	0	0	0	948	
12	0	0	0	0	934	
13	0	0	0	0	911	
14	0	0	0	0	885	
15	0	0	0	0	855	
0	0	0	0	0	824	
1	0	0	0	0	793	
2	0	0	0	0	767	
3	0	0	0	0	743	
4	0	0	0	0	718	
5	0	0	0	0	694	
6	0	0	0	0	669	
7	0	0	0	0	644	
8	0	0	0	0	620	
9	0	0	0	0	600	
10	0	0	0	0	582	
11	0	0	0	0	565	
12	0	0	0	0	551	
13	0	0	0	0	540	
14	0	0	0	0	531	
15	0	0	0	0	524	
0	0	0	0	0	519	
1	0	0	0	0	513	
2	0	0	0	0	509	
3	0	0	0	0	504	
4	0	0	0	0	499	
5	0	0	0	0	493	
6	0	0	0	0	487	
7	0	0	0	0	481	
8	0	0	0	0	476	
9	0	0	0	0	472	
10	0	0	0	0	467	
11	0	0	0	0	463	
12	0	0	0	0	461	
13	0	0	0	0	458	
14	0	0	0	0	456	
15	0	0	0	0	454	
0	0	0	0	0	452	
1	0	0	0	0	451	
2	0	0	0	0	450	
3	0	0	0	0	449	
4	0	0	0	0	449	
5	0	0	0	0	449	
6	0	0	0	0	448	
7	0	0	0	0	448	
8	0	0	0	0	448	
9	0	0	0	0	447	
10	0	0	0	0	446	
11	0	0	0	0	446	
12	0	0	0	0	445	
13	0	0	0	0	444	
14	0	0	0	0	444	
15	0	0	0	0	444	
0	0	0	0	0	446	
1	0	0	0	0	446	
2	0	0	0	0	446	
3	0	0	0	0	447	
4	0	0	0	0	447	
5	0	0	0	0	448	
6	0	0	0	0	448	
7	0	0	0	0	449	
8	0	0	0	0	449	
9	0	0	0	0	450	
10	0	0	0	0	450	
11	0	0	0	0	450	
12	0	0	0	0	451	
13	0	0	0	0	451	
14	0	0	0	0	451	
15	0	0	0	0	451	
0	0	0	0	0	452	
1	0	0	0	0	453	
2	0	0	0	0	454	
3	0	0	0	0	454	
4	0	0	0	0	455	
5	0	0	0	0	456	
6	0	0	0	0	458	
7	0	0	0	0	459	
8	0	0	0	0	460	
9	0	0	0	0	460	
10	0	0	0	0	461	
11	0	0	0	0	462	
12	0	0	0	0	462	
13	0	0	0	0	463	
14	0	0	0	0	463	
15	0	0	0	0	464	
0	0	0	0	0	465	
1	0	0	0	0	465	
2	0	0	0	0	465	
3	0	0	0	0	466	
4	0	0	0	0	467	
5	0	0	0	0	467	
6	0	0	0	0	468	
7	0	0	0	0	470	
8	0	0	0	0	470	
9	0	0	0	0	471	
10	0	0	0	0	471	
11	0	0	0	0	472	
12	0	0	0	0	473	
13	0	0	0	0	473	
14	0	0	0	0	473	
15	0	0	0	0	474	
0	0	0	0	0	473	
1	0	0	0	0	474	
2	0	0	0	0	475	
3	0	0	0	0	476	
4	0	0	0	0	477	
5	0	0	0	0	478	
6	0	0	0	0	480	
7	0	0	0	0	481	
8	0	0	0	0	481	
9	0	0	0	0	482	
10	0	0	0	0	484	
11	0	0	0	0	485	
12	0	0	0	0	486	
13	0	0	0	0	487	
14	0	0	0	0	487	
15	0	0	0	0	486	
0	0	0	0	0	487	
1	0	0	0	0	488	
2	0	0	0	0	489	
3	0	0	0	0	489	
4	0	0	0	0	490	
5	0	0	0	0	491	
6	0	0	0	0	492	
7	0	0	0	0	492	
8	0	0	0	0	493	
9	0	0	0	0	494	
10	0	0	0	0	495	
11	0	0	0	0	496	
12	0	0	0	0	496	
13	0	0	0	0	497	
14	0	0	0	0	497	
15	0	0	0	0	497	
0	0	0	0	0	497	
1	0	0	0	0	497	
2	0	0	0	0	498	
3	0	0	0	0	499	
4	0	0	0	0	499	
5	0	0	0	0	500	
6	0	0	0	0	501	
7	0	0	0	0	502	
8	0	0	0	0	503	
9	0	0	0	0	504	
10	0	0	0	0	504	
11	0	0	0	0	505	
12	0	0	0	0	506	
13	0	0	0	0	507	
14	0	0	0	0	507	
15	0	0	0	0	508	
0	0	0	0	0	507	
1	0	0	0	0	507	
2	0	0	0	0	507	
3	0	0	0	0	507	
4	0	0	0	0	508	
5	0	0	0	0	508	
6	0	0	0	0	509	
7	0	0	0	0	509	
8	0	0	0	0	510	
9	0	0	0	0	511	
10	0	0	0	0	512	
11	0	0	0	0	513	
12	0	0	0	0	514	
13	0	0	0	0	515	
14	0	0	0	0	516	
15	0	0	0	0	517	
0	0	0	0	0	517	
1	0	0	0	0	518	
2	0	0	0	0	518	
3	0	0	0	0	519	
4	0	0	0	0	519	
5	0	0	0	0	519	
6	0	0	0	0	519	
7	0	0	0	0	519	
8	0	0	0	0	521	
9	0	0	0	0	521	
10	0	0	0	0	522	
11	0	0	0	0	522	
12	0	0	0	0	524	
13	0	0	0	0	524	
14	0	0	0	0	525	
15	0	0	0	0	527	
0	0	0	0	0	527	
1	0	0	0	0	528	
2	0	0	0	0	528	
3	0	0	0	0	528	
4	0	0	0	0	527	
5	0	0	0	0	527	
6	0	0	0	0	528	
7	0	0	0	0	528	
8	0	0	0	0	529	
9	0	0	0	0	530	
10	0	0	0	0	532	
11	0	0	0	0	531	
12	0	0	0	0	532	
13	0	0	0	0	534	
14	0	0	0	0	535	
15	0	0	0	0	536	
0	0	0	0	0	536	
1	0	0	0	0	537	
2	0	0	0	0	537	
3	0	0	0	0	537	
4	0	0	0	0	537	
5	0	0	0	0	536	
6	0	0	0	0	538	
7	0	0	0	0	538	
8	0	0	0	0	539	
9	0	0	0	0	539	
10	0	0	0	0	540	
11	0	0	0	0	540	
12	0	0	0	0	540	
13	0	0	0	0	540	
14	0	0	0	0	541	
15	0	0	0	0	542	
0	0	0	0	0	542	
1	0	0	0	0	542	
2	0	0	0	0	542	
3	0	0	0	0	542	
4	0	0	0	0	542	
5	0	0	0	0	543	
6	0	0	0	0	542	
7	0	0	0	0	542	
8	0	0	0	0	542	
9	0	0	0	0	542	
10	0	0	0	0	543	
11	0	0	0	0	543	
12	0	0	0	0	543	
13	0	0	0	0	543	
14	0	0	0	0	543	
15	0	0	0	0	543	
0	0	0	0	0	543	
1	0	0	0	0	543	
2	0	0	0	0	543	
3	0	0	0	0	543	
4	0	0	0	0	543	
5	0	0	0	0	542	
6	0	0	0	0	541	
7	0	0	0	0	541	
8	0	0	0	0	540	
9	0	0	0	0	539	
10	0	0	0	0	539	
11	0	0	0	0	538	
12	0	0	0	0	537	
13	0	0	0	0	537	
14	0	0	0	0	536	
15	0	0	0	0	536	
0	0	0	0	0	536	
1	0	0	0	0	534	
2	0	0	0	0	534	
3	0	0	0	0	532	
4	0	0	0	0	529	
5	0	0	0	0	528	
6	0	0	0	0	526	
7	0	0	0	0	524	
8	0	0	0	0	523	
9	0	0	0	0	521	
10	0	0	0	0	519	
11	0	0	0	0	517	
12	0	0	0	0	515	
13	0	0	0	0	514	
14	0	0	0	0	512	
15	0	0	0	0	511	
0	0	0	0	0	509	
1	0	0	0	0	508	
2	0	0	0	0	506	
3	0	0	0	0	504	
4	0	0	0	0	502	
5	0	0	0	0	499	
6	0	0	0	0	496	
7	0	0	0	0	494	
8	0	0	0	0	492	
9	0	0	0	0	490	
10	0	0	0	0	489	
11	0	0	0	0	489	
12	0	0	0	0	487	
13	0	0	0	0	486	
14	0	0	0	0	486	
15	0	0	0	0	484	
0	0	0	0	0	483	
1	0	0	0	0	483	
2	0	0	0	0	482	
3	0	0	0	0	482	
4	0	0	0	0	481	
5	0	0	0	0	480	
6	0	0	0	0	478	
7	0	0	0	0	477	
8	0	0	0	0	475	
9	0	0	0	0	474	
10	0	0	0	0	473	
11	0	0	0	0	472	
12	0	0	0	0	471	
13	0	0	0	0	471	
14	0	0	0	0	471	
15	0	0	0	0	471	
0	0	0	0	0	471	
1	0	0	0	0	471	
2	0	0	0	0	470	
3	0	0	0	0	470	
4	0	0	0	0	470	
5	0	0	0	0	469	
6	0	0	0	0	469	
7	0	0	0	0	468	
8	0	0	0	0	469	
9	0	0	0	0	468	
10	0	0	0	0	468	
11	0	0	0	0	469	
12	0	0	0	0	469	
13	0	0	0	0	470	
14	0	0	0	0	470	
15	0	0	0	0	470	
0	0	0	0	0	470	
1	0	0	0	0	470	
2	0	0	0	0	470	
3	0	0	0	0	471	
4	0	0	0	0	471	
5	0	0	0	0	472	
6	0	0	0	0	472	
7	0	0	0	0	472	
8	0	0	0	0	472	
9	0	0	0	0	472	
10	0	0	0	0	471	
11	0	0	0	0	471	
12	0	0	0	0	471	
13	0	0	0	0	472	
14	0	0	0	0	473	
15	0	0	0	0	474	
0	0	0	0	0	475	
1	0	0	0	0	475	
2	0	0	0	0	475	
3	0	0	0	0	476	
4	0	0	0	0	476	
5	0	0	0	0	477	
6	0	0	0	0	477	
7	0	0	0	0	478	
8	0	0	0	0	477	
9	0	0	0	0	479	
10	0	0	0	0	480	
11	0	0	0	0	479	
12	0	0	0	0	480	
13	0	0	0	0	481	
14	0	0	0	0	481	
15	0	0	0	0	482	
0	0	0	0	0	482	
1	0	0	0	0	483	
2	0	0	0	0	483	
3	0	0	0	0	485	
4	0	0	0	0	485	
5	0	0	0	0	485	
6	0	0	0	0	485	
7	0	0	0	0	486	
8	0	0	0	0	486	
9	0	0	0	0	486	
10	0	0	0	0	486	
11	0	0	0	0	487	
12	0	0	0	0	487	
13	0	0	0	0	487	
14	0	0	0	0	487	
15	0	0	0	0	488	
0	0	0	0	0	489	
1	0	0	0	0	490	
2	0	0	0	0	490	
3	0	0	0	0	491	
4	0	0	0	0	492	
5	0	0	0	0	492	
6	0	0	0	0	492	
7	0	0	0	0	492	
8	0	0	0	0	492	
9	0	0	0	0	491	
10	0	0	0	0	491	
11	0	0	0	0	491	
12	0	0	0	0	490	
13	0	0	0	0	491	
14	0	0	0	0	491	
15	0	0	0	0	492	
0	0	0	0	0	493	
1	0	0	0	0	494	
2	0	0	0	0	494	
3	0	0	0	0	495	
4	0	0	0	0	495	
5	0	0	0	0	496	
6	0	0	0	0	497	
7	0	0	0	0	497	
8	0	0	0	0	498	
9	0	0	0	0	498	
10	0	0	0	0	498	
11	0	0	0	0	498	
12	0	0	0	0	498	
13	0	0	0	0	496	
14	0	0	0	0	496	
15	0	0	0	0	496	
0	0	0	0	0	496	
1	0	0	0	0	496	
2	0	0	0	0	496	
3	0	0	0	0	497	
4	0	0	0	0	497	
5	0	0	0	0	497	
6	0	0	0	0	498	
7	0	0	0	0	498	
8	0	0	0	0	499	
9	0	0	0	0	499	
10	0	0	0	0	498	
11	0	0	0	0	498	
12	0	0	0	0	497	
13	0	0	0	0	496	
14	0	0	0	0	496	
15	0	0	0	0	497	
0	0	0	0	0	497	
1	0	0	0	0	497	
2	0	0	0	0	498	
3	0	0	0	0	499	
4	0	0	0	0	499	
5	0	0	0	0	500	
6	0	0	0	0	500	
7	0	0	0	0	501	
8	0	0	0	0	501	
9	0	0	0	0	501	
10	0	0	0	0	500	
11	0	0	0	0	500	
12	0	0	0	0	500	
13	0	0	0	0	499	
14	0	0	0	0	499	
15	0	0	0	0	500	
0	0	0	0	0	500	
1	0	0	0	0	502	
2	0	0	0	0	502	
3	0	0	0	0	502	
4	0	0	0	0	502	
5	0	0	0	0	503	
6	0	0	0	0	503	
7	0	0	0	0	503	
8	0	0	0	0	503	
9	0	0	0	0	503	
10	0	0	0	0	503	
11	0	0	0	0	502	
12	0	0	0	0	502	
13	0	0	0	0	503	
14	0	0	0	0	504	
15	0	0	0	0	504	
0	0	0	0	0	504	
1	0	0	0	0	504	
2	0	0	0	0	504	
3	0	0	0	0	503	
4	0	0	0	0	504	
5	0	0	0	0	504	
6	0	0	0	0	504	
7	0	0	0	0	504	
8	0	0	0	0	504	
9	0	0	0	0	504	
10	0	0	0	0	504	
11	0	0	0	0	504	
12	0	0	0	0	504	
13	0	0	0	0	503	
14	0	0	0	0	503	
15	0	0	0	0	504	
0	0	0	0	0	505	
1	0	0	0	0	504	
2	0	0	0	0	505	
3	0	0	0	0	504	
4	0	0	0	0	504	
5	0	0	0	0	504	
6	0	0	0	0	505	
7	0	0	0	0	505	
8	0	0	0	0	505	
9	0	0	0	0	506	
10	0	0	0	0	506	
11	0	0	0	0	505	
12	0	0	0	0	505	
13	0	0	0	0	505	
14	0	0	0	0	505	
15	0	0	0	0	504	
0	0	0	0	0	503	
1	0	0	0	0	503	
2	0	0	0	0	503	
3	0	0	0	0	502	
4	0	0	0	0	503	
5	0	0	0	0	504	
6	0	0	0	0	504	
7	0	0	0	0	504	
8	0	0	0	0	505	
9	0	0	0	0	506	
10	0	0	0	0	506	
11	0	0	0	0	507	
12	0	0	0	0	506	
13	0	0	0	0	506	
14	0	0	0	0	505	
15	0	0	0	0	505	
0	0	0	0	0	505	
1	0	0	0	0	504	
2	0	0	0	0	504	
3	0	0	0	0	504	
4	0	0	0	0	504	
5	0	0	0	0	504	
6	0	0	0	0	505	
7	0	0	0	0	505	
8	0	0	0	0	505	
9	0	0	0	0	506	
10	0	0	0	0	506	
11	0	0	0	0	506	
12	0	0	0	0	506	
13	0	0	0	0	506	
14	0	0	0	0	506	
15	0	0	0	0	507	
0	0	0	0	0	507	
1	0	0	0	0	508	
2	0	0	0	0	507	
3	0	0	0	0	506	
4	0	0	0	0	505	
5	0	0	0	0	505	
6	0	0	0	0	505	
7	0	0	0	0	505	
8	0	0	0	0	505	
9	0	0	0	0	505	
10	0	0	0	0	506	
11	0	0	0	0	507	
12	0	0	0	0	506	
13	0	0	0	0	507	
14	0	0	0	0	508	
15	0	0	0	0	507	
0	0	0	0	0	508	
1	0	0	0	0	507	
2	0	0	0	0	507	
3	0	0	0	0	506	
4	0	0	0	0	505	
5	0	0	0	0	506	
6	0	0	0	0	507	
7	0	0	0	0	507	
8	0	0	0	0	508	
9	0	0	0	0	508	
10	0	0	0	0	508	
11	0	0	0	0	509	
12	0	0	0	0	510	
13	0	0	0	0	510	
14	0	0	0	0	510	
15	0	0	0	0	510	
0	0	0	0	0	509	
1	0	0	0	0	509	
2	0	0	0	0	508	
3	0	0	0	0	508	
4	0	0	0	0	508	
5	0	0	0	0	508	
6	0	0	0	0	509	
7	0	0	0	0	509	
8	0	0	0	0	509	
9	0	0	0	0	509	
10	0	0	0	0	510	
11	0	0	0	0	510	
12	0	0	0	0	510	
13	0	0	0	0	510	
14	0	0	0	0	511	
15	0	0	0	0	511	
0	0	0	0	0	512	
1	0	0	0	0	511	
2	0	0	0	0	512	
3	0	0	0	0	512	
4	0	0	0	0	511	
5	0	0	0	0	511	
6	0	0	0	0	512	
7	0	0	0	0	512	
8	0	0	0	0	513	
9	0	0	0	0	513	
10	0	0	0	0	513	
11	0	0	0	0	514	
12	0	0	0	0	515	
13	0	0	0	0	515	
14	0	0	0	0	515	
15	0	0	0	0	515	
0	0	0	0	0	514	
1	0	0	0	0	513	
2	0	0	0	0	513	
3	0	0	0	0	513	
4	0	0	0	0	512	
5	0	0	0	0	512	
6	0	0	0	0	512	
7	0	0	0	0	512	
8	0	0	0	0	512	
9	0	0	0	0	512	
10	0	0	0	0	513	
11	0	0	0	0	513	
12	0	0	0	0	514	
13	0	0	0	0	514	
14	0	0	0	0	514	
15	0	0	0	0	513	
0	0	0	0	0	512	
1	0	0	0	0	512	
2	0	0	0	0	513	
3	0	0	0	0	513	
4	0	0	0	0	513	
5	0	0	0	0	513	
6	0	0	0	0	512	
7	0	0	0	0	513	
8	0	0	0	0	513	
9	0	0	0	0	513	
10	0	0	0	0	513	
11	0	0	0	0	514	
12	0	0	0	0	514	
13	0	0	0	0	514	
14	0	0	0	0	514	
15	0	0	0	0	515	
0	0	0	0	0	515	
1	0	0	0	0	514	
2	0	0	0	0	513	
3	0	0	0	0	514	
4	0	0	0	0	513	
5	0	0	0	0	513	
6	0	0	0	0	513	
7	0	0	0	0	513	
8	0	0	0	0	514	
9	0	0	0	0	514	
10	0	0	0	0	514	
11	0	0	0	0	515	
12	0	0	0	0	515	
13	0	0	0	0	515	
14	0	0	0	0	515	
15	0	0	0	0	515	
0	0	0	0	0	516	
1	0	0	0	0	515	
2	0	0	0	0	515	
3	0	0	0	0	515	
4	0	0	0	0	515	
5	0	0	0	0	514	
6	0	0	0	0	514	
7	0	0	0	0	513	
8	0	0	0	0	513	
9	0	0	0	0	514	
10	0	0	0	0	514	
11	0	0	0	0	515	
12	0	0	0	0	516	
13	0	0	0	0	517	
14	0	0	0	0	518	
15	0	0	0	0	518	
0	0	0	0	0	519	
1	0	0	0	0	519	
2	0	0	0	0	518	
3	0	0	0	0	517	
4	0	0	0	0	516	
5	0	0	0	0	516	
6	0	0	0	0	516	
7	0	0	0	0	517	
8	0	0	0	0	517	
9	0	0	0	0	516	
10	0	0	0	0	516	
11	0	0	0	0	516	
12	0	0	0	0	517	
13	0	0	0	0	517	
14	0	0	0	0	517	
15	0	0	0	0	517	
0	0	0	0	0	517	
1	0	0	0	0	517	
2	0	0	0	0	518	
3	0	0	0	0	518	
4	0	0	0	0	517	
5	0	0	0	0	516	
6	0	0	0	0	516	
7	0	0	0	0	516	
8	0	0	0	0	517	
9	0	0	0	0	518	
10	0	0	0	0	519	
11	0	0	0	0	521	
12	0	0	0	0	522	
13	0	0	0	0	524	
14	0	0	0	0	526	
15	0	0	0	0	527	
0	0	0	0	0	528	
1	0	0	0	0	529	
2	0	0	0	0	529	
3	0	0	0	0	528	
4	0	0	0	0	528	
5	0	0	0	0	528	
6	0	0	0	0	528	
7	0	0	0	0	530	
8	0	0	0	0	530	
9	0	0	0	0	531	
10	0	0	0	0	532	
11	0	0	0	0	534	
12	0	0	0	0	535	
13	0	0	0	0	538	
14	0	0	0	0	540	
15	0	0	0	0	542	
0	0	0	0	0	544	
1	0	0	0	0	546	
2	0	0	0	0	549	
3	0	0	0	0	550	
4	0	0	0	0	551	
5	0	0	0	0	550	
6	0	0	0	0	549	
7	0	0	0	0	547	
8	0	0	0	0	545	
9	0	0	0	0	543	
10	0	0	0	0	541	
11	0	0	0	0	539	
12	0	0	0	0	537	
13	0	0	0	0	536	
14	0	0	0	0	536	
15	0	0	0	0	535	
0	0	0	0	0	533	
1	0	0	0	0	531	
2	0	0	0	0	530	
3	0	0	0	0	527	
4	0	0	0	0	524	
5	0	0	0	0	523	
6	0	0	0	0	522	
7	0	0	0	0	521	
8	0	0	0	0	521	
9	0	0	0	0	519	
10	0	0	0	0	518	
11	0	0	0	0	517	
12	0	0	0	0	517	
13	0	0	0	0	516	
14	0	0	0	0	516	
15	0	0	0	0	516	
0	0	0	0	0	516	
1	0	0	0	0	517	
2	0	0	0	0	516	
3	0	0	0	0	515	
4	0	0	0	0	513	
5	0	0	0	0	512	
6	0	0	0	0	511	
7	0	0	0	0	509	
8	0	0	0	0	508	
9	0	0	0	0	507	
10	0	0	0	0	506	
11	0	0	0	0	505	
12	0	0	0	0	504	
13	0	0	0	0	504	
14	0	0	0	0	504	
15	0	0	0	0	505	
0	0	0	0	0	505	
1	0	0	0	0	506	
2	0	0	0	0	507	
3	0	0	0	0	507	
4	0	0	0	0	505	
5	0	0	0	0	504	
6	0	0	0	0	504	
7	0	0	0	0	503	
8	0	0	0	0	502	
9	0	0	0	0	501	
10	0	0	0	0	500	
11	0	0	0	0	499	
12	0	0	0	0	499	
13	0	0	0	0	500	
14	0	0	0	0	499	
15	0	0	0	0	499	
0	0	0	0	0	499	
1	0	0	0	0	499	
2	0	0	0	0	499	
3	0	0	0	0	499	
4	0	0	0	0	499	
5	0	0	0	0	499	
6	0	0	0	0	500	
7	0	0	0	0	499	
8	0	0	0	0	499	
9	0	0	0	0	499	
10	0	0	0	0	500	
11	0	0	0	0	499	
12	0	0	0	0	499	
13	0	0	0	0	498	
14	0	0	0	0	499	
15	0	0	0	0	499	
0	0	0	0	0	500	
1	0	0	0	0	502	
2	0	0	0	0	501	
3	0	0	0	0	502	
4	0	0	0	0	503	
5	0	0	0	0	503	
6	0	0	0	0	502	
7	0	0	0	0	502	
8	0	0	0	0	502	
9	0	0	0	0	500	
10	0	0	0	0	499	
11	0	0	0	0	496	
12	0	0	0	0	494	
13	0	0	0	0	492	
14	0	0	0	0	491	
15	0	0	0	0	489	
0	0	0	0	0	487	
1	0	0	0	0	486	
2	0	0	0	0	483	
3	0	0	0	0	480	
4	0	0	0	0	477	
5	0	0	0	0	475	
6	0	0	0	0	473	
7	0	0	0	0	471	
8	0	0	0	0	468	
9	0	0	0	0	466	
10	0	0	0	0	463	
11	0	0	0	0	461	
12	0	0	0	0	459	
13	0	0	0	0	456	
14	0	0	0	0	455	
15	0	0	0	0	456	
0	0	0	0	0	458	
1	0	0	0	0	462	
2	0	0	0	0	471	
3	0	0	0	0	484	
4	0	0	0	0	504	
5	0	0	0	0	527	
6	0	0	0	0	556	
7	0	0	0	0	589	
8	0	0	0	0	627	
9	0	0	0	0	668	
10	0	0	0	0	711	
11	0	0	0	0	754	
12	0	0	0	0	797	
13	0	0	0	0	839	
14	0	0	0	0	873	
15	0	0	0	0	897	
0	0	0	0	0	910	
1	0	0	0	0	911	
2	0	0	0	0	904	
3	0	0	0	0	888	
4	0	0	0	0	866	
5	0	0	0	0	841	
6	0	0	0	0	815	
7	0	0	0	0	790	
8	0	0	0	0	767	
9	0	0	0	0	744	
10	0	0	0	0	722	
11	0	0	0	0	703	
12	0	0	0	0	683	
13	0	0	0	0	662	
14	0	0	0	0	643	
15	0	0	0	0	624	
0	0	0	0	0	607	
1	0	0	0	0	589	
2	0	0	0	0	572	
3	0	0	0	0	560	
4	0	0	0	0	550	
5	0	0	0	0	541	
6	0	0	0	0	532	
7	0	0	0	0	524	
8	0	0	0	0	516	
9	0	0	0	0	511	
10	0	0	0	0	504	
11	0	0	0	0	497	
12	0	0	0	0	489	
13	0	0	0	0	483	
14	0	0	0	0	476	
15	0	0	0	0	471	
0	0	0	0	0	466	
1	0	0	0	0	462	
2	0	0	0	0	460	
3	0	0	0	0	457	
4	0	0	0	0	455	
5	0	0	0	0	454	
6	0	0	0	0	452	
7	0	0	0	0	451	
8	0	0	0	0	450	
9	0	0	0	0	449	
10	0	0	0	0	448	
11	0	0	0	0	447	
12	0	0	0	0	446	
13	0	0	0	0	446	
14	0	0	0	0	445	
15	0	0	0	0	444	
0	0	0	0	0	443	
1	0	0	0	0	442	
2	0	0	0	0	441	
3	0	0	0	0	441	
4	0	0	0	0	440	
5	0	0	0	0	441	
6	0	0	0	0	441	
7	0	0	0	0	442	
8	0	0	0	0	443	
9	0	0	0	0	443	
10	0	0	0	0	443	
11	0	0	0	0	442	
12	0	0	0	0	443	
13	0	0	0	0	442	
14	0	0	0	0	442	
15	0	0	0	0	442	
0	0	0	0	0	442	
1	0	0	0	0	443	
2	0	0	0	0	444	
3	0	0	0	0	446	
4	0	0	0	0	447	
5	0	0	0	0	448	
6	0	0	0	0	449	
7	0	0	0	0	450	
8	0	0	0	0	451	
9	0	0	0	0	452	
10	0	0	0	0	452	
11	0	0	0	0	453	
12	0	0	0	0	453	
13	0	0	0	0	454	
14	0	0	0	0	454	
15	0	0	0	0	455	
0	0	0	0	0	455	
1	0	0	0	0	455	
2	0	0	0	0	456	
3	0	0	0	0	457	
4	0	0	0	0	458	
5	0	0	0	0	460	
6	0	0	0	0	460	
7	0	0	0	0	461	
8	0	0	0	0	462	
9	0	0	0	0	463	
10	0	0	0	0	465	
11	0	0	0	0	466	
12	0	0	0	0	467	
13	0	0	0	0	469	
14	0	0	0	0	470	
15	0	0	0	0	470	
0	0	0	0	0	471	
1	0	0	0	0	471	
2	0	0	0	0	470	
3	0	0	0	0	471	
4	0	0	0	0	472	
5	0	0	0	0	473	
6	0	0	0	0	474	
7	0	0	0	0	475	
8	0	0	0	0	476	
9	0	0	0	0	477	
10	0	0	0	0	478	
11	0	0	0	0	479	
12	0	0	0	0	480	
13	0	0	0	0	482	
14	0	0	0	0	483	
15	0	0	0	0	484	
0	0	0	0	0	484	
1	0	0	0	0	484	
2	0	0	0	0	484	
3	0	0	0	0	484	
4	0	0	0	0	484	
5	0	0	0	0	484	
6	0	0	0	0	485	
7	0	0	0	0	486	
8	0	0	0	0	487	
9	0	0	0	0	487	
10	0	0	0	0	487	
11	0	0	0	0	487	
12	0	0	0	0	488	
13	0	0	0	0	488	
14	0	0	0	0	489	
15	0	0	0	0	488	
0	0	0	0	0	488	
1	0	0	0	0	489	
2	0	0	0	0	489	
3	0	0	0	0	490	
4	0	0	0	0	491	
5	0	0	0	0	491	
6	0	0	0	0	492	
7	0	0	0	0	493	
8	0	0	0	0	494	
9	0	0	0	0	495	
10	0	0	0	0	496	
11	0	0	0	0	497	
12	0	0	0	0	498	
13	0	0	0	0	499	
14	0	0	0	0	500	
15	0	0	0	0	500	
0	0	0	0	0	502	
1	0	0	0	0	502	
2	0	0	0	0	503	
3	0	0	0	0	504	
4	0	0	0	0	505	
5	0	0	0	0	505	
6	0	0	0	0	505	
7	0	0	0	0	506	
8	0	0	0	0	507	
9	0	0	0	0	508	
10	0	0	0	0	509	
11	0	0	0	0	509	
12	0	0	0	0	510	
13	0	0	0	0	511	
14	0	0	0	0	511	
15	0	0	0	0	511	
0	0	0	0	0	510	
1	0	0	0	0	510	
2	0	0	0	0	510	
3	0	0	0	0	510	
4	0	0	0	0	510	
5	0	0	0	0	510	
6	0	0	0	0	510	
7	0	0	0	0	511	
8	0	0	0	0	511	
9	0	0	0	0	512	
10	0	0	0	0	513	
11	0	0	0	0	514	
12	0	0	0	0	515	
13	0	0	0	0	517	
14	0	0	0	0	518	
15	0	0	0	0	518	
0	0	0	0	0	519	
1	0	0	0	0	518	
2	0	0	0	0	519	
3	0	0	0	0	520	
4	0	0	0	0	521	
5	0	0	0	0	521	
6	0	0	0	0	521	
7	0	0	0	0	523	
8	0	0	0	0	523	
9	0	0	0	0	524	
10	0	0	0	0	524	
11	0	0	0	0	525	
12	0	0	0	0	526	
13	0	0	0	0	527	
14	0	0	0	0	528	
15	0	0	0	0	528	
0	0	0	0	0	528	
1	0	0	0	0	528	
2	0	0	0	0	529	
3	0	0	0	0	529	
4	0	0	0	0	531	
5	0	0	0	0	531	
6	0	0	0	0	531	
7	0	0	0	0	531	
8	0	0	0	0	532	
9	0	0	0	0	533	
10	0	0	0	0	534	
11	0	0	0	0	534	
12	0	0	0	0	534	
13	0	0	0	0	535	
14	0	0	0	0	535	
15	0	0	0	0	535	
0	0	0	0	0	536	
1	0	0	0	0	535	
2	0	0	0	0	535	
3	0	0	0	0	535	
4	0	0	0	0	536	
5	0	0	0	0	536	
6	0	0	0	0	536	
7	0	0	0	0	536	
8	0	0	0	0	536	
9	0	0	0	0	537	
10	0	0	0	0	537	
11	0	0	0	0	539	
12	0	0	0	0	539	
13	0	0	0	0	540	
14	0	0	0	0	540	
15	0	0	0	0	540	
0	0	0	0	0	540	
1	0	0	0	0	540	
2	0	0	0	0	540	
3	0	0	0	0	541	
4	0	0	0	0	541	
5	0	0	0	0	541	
6	0	0	0	0	541	
7	0	0	0	0	540	
8	0	0	0	0	540	
9	0	0	0	0	539	
10	0	0	0	0	539	
11	0	0	0	0	539	
12	0	0	0	0	539	
13	0	0	0	0	539	
14	0	0	0	0	539	
15	0	0	0	0	539	
0	0	0	0	0	539	
1	0	0	0	0	539	
2	0	0	0	0	538	
3	0	0	0	0	537	
4	0	0	0	0	536	
5	0	0	0	0	535	
6	0	0	0	0	534	
7	0	0	0	0	533	
8	0	0	0	0	531	
9	0	0	0	0	529	
10	0	0	0	0	528	
11	0	0	0	0	526	
12	0	0	0	0	524	
13	0	0	0	0	523	
14	0	0	0	0	522	
15	0	0	0	0	521	
0	0	0	0	0	519	
1	0	0	0	0	518	
2	0	0	0	0	516	
3	0	0	0	0	515	
4	0	0	0	0	513	
5	0	0	0	0	512	
6	0	0	0	0	510	
7	0	0	0	0	508	
8	0	0	0	0	507	
9	0	0	0	0	505	
10	0	0	0	0	504	
11	0	0	0	0	504	
12	0	0	0	0	503	
13	0	0	0	0	502	
14	0	0	0	0	501	
15	0	0	0	0	499	
0	0	0	0	0	498	
1	0	0	0	0	497	
2	0	0	0	0	496	
3	0	0	0	0	495	
4	0	0	0	0	494	
5	0	0	0	0	492	
6	0	0	0	0	490	
7	0	0	0	0	489	
8	0	0	0	0	487	
9	0	0	0	0	486	
10	0	0	0	0	485	
11	0	0	0	0	485	
12	0	0	0	0	484	
13	0	0	0	0	483	
14	0	0	0	0	482	
15	0	0	0	0	482	
0	0	0	0	0	481	
1	0	0	0	0	481	
2	0	0	0	0	480	
3	0	0	0	0	479	
4	0	0	0	0	479	
5	0	0	0	0	478	
6	0	0	0	0	477	
7	0	0	0	0	476	
8	0	0	0	0	475	
9	0	0	0	0	475	
10	0	0	0	0	474	
11	0	0	0	0	473	
12	0	0	0	0	473	
13	0	0	0	0	474	
14	0	0	0	0	475	
15	0	0	0	0	476	
0	0	0	0	0	476	
1	0	0	0	0	476	
2	0	0	0	0	475	
3	0	0	0	0	476	
4	0	0	0	0	476	
5	0	0	0	0	477	
6	0	0	0	0	478	
7	0	0	0	0	478	
8	0	0	0	0	478	
9	0	0	0	0	478	
10	0	0	0	0	479	
11	0	0	0	0	479	
12	0	0	0	0	479	
13	0	0	0	0	479	
14	0	0	0	0	480	
15	0	0	0	0	480	
0	0	0	0	0	480	
1	0	0	0	0	480	
2	0	0	0	0	481	
3	0	0	0	0	481	
4	0	0	0	0	481	
5	0	0	0	0	481	
6	0	0	0	0	482	
7	0	0	0	0	482	
8	0	0	0	0	482	
9	0	0	0	0	483	
10	0	0	0	0	483	
11	0	0	0	0	483	
12	0	0	0	0	483	
13	0	0	0	0	483	
14	0	0	0	0	483	
15	0	0	0	0	483	
0	0	0	0	0	483	
1	0	0	0	0	483	
2	0	0	0	0	485	
3	0	0	0	0	486	
4	0	0	0	0	487	
5	0	0	0	0	487	
6	0	0	0	0	487	
7	0	0	0	0	487	
8	0	0	0	0	487	
9	0	0	0	0	487	
10	0	0	0	0	488	
11	0	0	0	0	488	
12	0	0	0	0	488	
13	0	0	0	0	488	
14	0	0	0	0	488	
15	0	0	0	0	488	
0	0	0	0	0	489	
1	0	0	0	0	489	
2	0	0	0	0	490	
3	0	0	0	0	491	
4	0	0	0	0	491	
5	0	0	0	0	492	
6	0	0	0	0	492	
7	0	0	0	0	492	
8	0	0	0	0	492	
9	0	0	0	0	492	
10	0	0	0	0	492	
11	0	0	0	0	492	
12	0	0	0	0	492	
13	0	0	0	0	492	
14	0	0	0	0	492	
15	0	0	0	0	492	
0	0	0	0	0	493	
1	0	0	0	0	493	
2	0	0	0	0	493	
3	0	0	0	0	493	
4	0	0	0	0	494	
5	0	0	0	0	494	
6	0	0	0	0	495	
7	0	0	0	0	496	
8	0	0	0	0	496	
9	0	0	0	0	496	
10	0	0	0	0	496	
11	0	0	0	0	496	
12	0	0	0	0	496	
13	0	0	0	0	497	
14	0	0	0	0	497	
15	0	0	0	0	497	
0	0	0	0	0	498	
1	0	0	0	0	499	
2	0	0	0	0	499	
3	0	0	0	0	500	
4	0	0	0	0	501	
5	0	0	0	0	501	
6	0	0	0	0	502	
7	0	0	0	0	502	
8	0	0	0	0	501	
9	0	0	0	0	501	
10	0	0	0	0	501	
11	0	0	0	0	500	
12	0	0	0	0	500	
13	0	0	0	0	500	
14	0	0	0	0	500	
15	0	0	0	0	499	
0	0	0	0	0	499	
1	0	0	0	0	499	
2	0	0	0	0	500	
3	0	0	0	0	500	
4	0	0	0	0	500	
5	0	0	0	0	501	
6	0	0	0	0	502	
7	0	0	0	0	502	
8	0	0	0	0	503	
9	0	0	0	0	503	
10	0	0	0	0	504	
11	0	0	0	0	503	
12	0	0	0	0	503	
13	0	0	0	0	503	
14	0	0	0	0	503	
15	0	0	0	0	503	
0	0	0	0	0	502	
1	0	0	0	0	503	
2	0	0	0	0	503	
3	0	0	0	0	503	
4	0	0	0	0	504	
5	0	0	0	0	505	
6	0	0	0	0	505	
7	0	0	0	0	506	
8	0	0	0	0	506	
9	0	0	0	0	506	
10	0	0	0	0	505	
11	0	0	0	0	505	
12	0	0	0	0	505	
13	0	0	0	0	506	
14	0	0	0	0	506	
15	0	0	0	0	505	
0	0	0	0	0	504	
1	0	0	0	0	504	
2	0	0	0	0	504	
3	0	0	0	0	505	
4	0	0	0	0	506	
5	0	0	0	0	507	
6	0	0	0	0	507	
7	0	0	0	0	508	
8	0	0	0	0	508	
9	0	0	0	0	508	
10	0	0	0	0	509	
11	0	0	0	0	508	
12	0	0	0	0	508	
13	0	0	0	0	507	
14	0	0	0	0	506	
15	0	0	0	0	506	
0	0	0	0	0	505	
1	0	0	0	0	505	
2	0	0	0	0	505	
3	0	0	0	0	505	
4	0	0	0	0	505	
5	0	0	0	0	506	
6	0	0	0	0	506	
7	0	0	0	0	507	
8	0	0	0	0	507	
9	0	0	0	0	507	
10	0	0	0	0	507	
11	0	0	0	0	508	
12	0	0	0	0	508	
13	0	0	0	0	508	
14	0	0	0	0	508	
15	0	0	0	0	508	
0	0	0	0	0	507	
1	0	0	0	0	507	
2	0	0	0	0	507	
3	0	0	0	0	507	
4	0	0	0	0	507	
5	0	0	0	0	507	
6	0	0	0	0	507	
7	0	0	0	0	507	
8	0	0	0	0	508	
9	0	0	0	0	508	
10	0	0	0	0	507	
11	0	0	0	0	507	
12	0	0	0	0	507	
13	0	0	0	0	507	
14	0	0	0	0	506	
15	0	0	0	0	506	
0	0	0	0	0	506	
1	0	0	0	0	505	
2	0	0	0	0	505	
3	0	0	0	0	504	
4	0	0	0	0	505	
5	0	0	0	0	505	
6	0	0	0	0	506	
7	0	0	0	0	507	
8	0	0	0	0	507	
9	0	0	0	0	508	
10	0	0	0	0	509	
11	0	0	0	0	510	
12	0	0	0	0	509	
13	0	0	0	0	509	
14	0	0	0	0	508	
15	0	0	0	0	508	
0	0	0	0	0	508	
1	0	0	0	0	508	
2	0	0	0	0	508	
3	0	0	0	0	508	
4	0	0	0	0	508	
5	0	0	0	0	507	
6	0	0	0	0	508	
7	0	0	0	0	508	
8	0	0	0	0	508	
9	0	0	0	0	508	
10	0	0	0	0	507	
11	0	0	0	0	507	
12	0	0	0	0	507	
13	0	0	0	0	507	
14	0	0	0	0	507	
15	0	0	0	0	508	
0	0	0	0	0	508	
1	0	0	0	0	508	
2	0	0	0	0	508	
3	0	0	0	0	508	
4	0	0	0	0	507	
5	0	0	0	0	507	
6	0	0	0	0	507	
7	0	0	0	0	507	
8	0	0	0	0	507	
9	0	0	0	0	507	
10	0	0	0	0	507	
11	0	0	0	0	507	
12	0	0	0	0	508	
13	0	0	0	0	508	
14	0	0	0	0	509	
15	0	0	0	0	510	
0	0	0	0	0	510	
1	0	0	0	0	510	
2	0	0	0	0	509	
3	0	0	0	0	509	
4	0	0	0	0	509	
5	0	0	0	0	509	
6	0	0	0	0	509	
7	0	0	0	0	509	
8	0	0	0	0	509	
9	0	0	0	0	510	
10	0	0	0	0	510	
11	0	0	0	0	510	
12	0	0	0	0	509	
13	0	0	0	0	509	
14	0	0	0	0	509	
15	0	0	0	0	508	
0	0	0	0	0	508	
1	0	0	0	0	508	
2	0	0	0	0	508	
3	0	0	0	0	508	
4	0	0	0	0	508	
5	0	0	0	0	508	
6	0	0	0	0	507	
7	0	0	0	0	507	
8	0	0	0	0	507	
9	0	0	0	0	508	
10	0	0	0	0	508	
11	0	0	0	0	509	
12	0	0	0	0	510	
13	0	0	0	0	510	
14	0	0	0	0	510	
15	0	0	0	0	510	
0	0	0	0	0	509	
1	0	0	0	0	508	
2	0	0	0	0	508	
3	0	0	0	0	508	
4	0	0	0	0	507	
5	0	0	0	0	508	
6	0	0	0	0	507	
7	0	0	0	0	508	
8	0	0	0	0	509	
9	0	0	0	0	510	
10	0	0	0	0	511	
11	0	0	0	0	511	
12	0	0	0	0	511	
13	0	0	0	0	510	
14	0	0	0	0	510	
15	0	0	0	0	511	
0	0	0	0	0	511	
1	0	0	0	0	511	
2	0	0	0	0	511	
3	0	0	0	0	511	
4	0	0	0	0	511	
5	0	0	0	0	510	
6	0	0	0	0	510	
7	0	0	0	0	510	
8	0	0	0	0	510	
9	0	0	0	0	511	
10	0	0	0	0	511	
11	0	0	0	0	511	
12	0	0	0	0	511	
13	0	0	0	0	511	
14	0	0	0	0	511	
15	0	0	0	0	511	
0	0	0	0	0	511	
1	0	0	0	0	511	
2	0	0	0	0	511	
3	0	0	0	0	510	
4	0	0	0	0	509	
5	0	0	0	0	509	
6	0	0	0	0	509	
7	0	0	0	0	508	
8	0	0	0	0	508	
9	0	0	0	0	508	
10	0	0	0	0	509	
11	0	0	0	0	510	
12	0	0	0	0	510	
13	0	0	0	0	511	
14	0	0	0	0	512	
15	0	0	0	0	511	
0	0	0	0	0	511	
1	0	0	0	0	512	
2	0	0	0	0	512	
3	0	0	0	0	512	
4	0	0	0	0	512	
5	0	0	0	0	511	
6	0	0	0	0	512	
7	0	0	0	0	512	
8	0	0	0	0	513	
9	0	0	0	0	514	
10	0	0	0	0	515	
11	0	0	0	0	517	
12	0	0	0	0	519	
13	0	0	0	0	519	
14	0	0	0	0	519	
15	0	0	0	0	521	
0	0	0	0	0	521	
1	0	0	0	0	521	
2	0	0	0	0	521	
3	0	0	0	0	521	
4	0	0	0	0	521	
5	0	0	0	0	522	
6	0	0	0	0	522	
7	0	0	0	0	523	
8	0	0	0	0	524	
9	0	0	0	0	527	
10	0	0	0	0	529	
11	0	0	0	0	530	
12	0	0	0	0	533	
13	0	0	0	0	536	
14	0	0	0	0	538	
15	0	0	0	0	542	
0	0	0	0	0	544	
1	0	0	0	0	546	
2	0	0	0	0	548	
3	0	0	0	0	548	
4	0	0	0	0	548	
5	0	0	0	0	547	
6	0	0	0	0	545	
7	0	0	0	0	543	
8	0	0	0	0	540	
9	0	0	0	0	538	
10	0	0	0	0	536	
11	0	0	0	0	535	
12	0	0	0	0	534	
13	0	0	0	0	533	
14	0	0	0	0	532	
15	0	0	0	0	531	
0	0	0	0	0	529	
1	0	0	0	0	527	
2	0	0	0	0	525	
3	0	0	0	0	523	
4	0	0	0	0	521	
5	0	0	0	0	520	
6	0	0	0	0	519	
7	0	0	0	0	519	
8	0	0	0	0	518	
9	0	0	0	0	516	
10	0	0	0	0	516	
11	0	0	0	0	516	
12	0	0	0	0	515	
13	0	0	0	0	516	
14	0	0	0	0	516	
15	0	0	0	0	516	
0	0	0	0	0	515	
1	0	0	0	0	513	
2	0	0	0	0	512	
3	0	0	0	0	510	
4	0	0	0	0	508	
5	0	0	0	0	507	
6	0	0	0	0	505	
7	0	0	0	0	503	
8	0	0	0	0	502	
9	0	0	0	0	501	
10	0	0	0	0	500	
11	0	0	0	0	499	
12	0	0	0	0	499	
13	0	0	0	0	499	
14	0	0	0	0	499	
15	0	0	0	0	499	
0	0	0	0	0	499	
1	0	0	0	0	499	
2	0	0	0	0	500	
3	0	0	0	0	499	
4	0	0	0	0	499	
5	0	0	0	0	499	
6	0	0	0	0	498	
7	0	0	0	0	497	
8	0	0	0	0	496	
9	0	0	0	0	495	
10	0	0	0	0	494	
11	0	0	0	0	493	
12	0	0	0	0	492	
13	0	0	0	0	492	
14	0	0	0	0	492	
15	0	0	0	0	492	
0	0	0	0	0	493	
1	0	0	0	0	493	
2	0	0	0	0	494	
3	0	0	0	0	494	
4	0	0	0	0	494	
5	0	0	0	0	493	
6	0	0	0	0	493	
7	0	0	0	0	492	
8	0	0	0	0	493	
9	0	0	0	0	493	
10	0	0	0	0	493	
11	0	0	0	0	493	
12	0	0	0	0	493	
13	0	0	0	0	493	
14	0	0	0	0	493	
15	0	0	0	0	493	
0	0	0	0	0	494	
1	0	0	0	0	494	
2	0	0	0	0	494	
3	0	0	0	0	494	
4	0	0	0	0	494	
5	0	0	0	0	495	
6	0	0	0	0	494	
7	0	0	0	0	493	
8	0	0	0	0	492	
9	0	0	0	0	491	
10	0	0	0	0	489	
11	0	0	0	0	487	
12	0	0	0	0	485	
13	0	0	0	0	483	
14	0	0	0	0	481	
15	0	0	0	0	479	
0	0	0	0	0	477	
1	0	0	0	0	474	
2	0	0	0	0	471	
3	0	0	0	0	467	
4	0	0	0	0	466	
5	0	0	0	0	463	
6	0	0	0	0	462	
7	0	0	0	0	461	
8	0	0	0	0	459	
9	0	0	0	0	456	
10	0	0	0	0	455	
11	0	0	0	0	452	
12	0	0	0	0	451	
13	0	0	0	0	449	
14	0	0	0	0	449	
15	0	0	0	0	450	
0	0	0	0	0	455	
1	0	0	0	0	462	
2	0	0	0	0	475	
3	0	0	0	0	494	
4	0	0	0	0	518	
5	0	0	0	0	545	
6	0	0	0	0	577	
7	0	0	0	0	615	
8	0	0	0	0	656	
9	0	0	0	0	699	
10	0	0	0	0	741	
11	0	0	0	0	784	
12	0	0	0	0	827	
13	0	0	0	0	866	
14	0	0	0	0	895	
15	0	0	0	0	911	
0	0	0	0	0	918	
1	0	0	0	0	913	
2	0	0	0	0	897	
3	0	0	0	0	876	
4	0	0	0	0	850	
5	0	0	0	0	823	
6	0	0	0	0	795	
7	0	0	0	0	768	
8	0	0	0	0	741	
9	0	0	0	0	718	
10	0	0	0	0	696	
11	0	0	0	0	672	
12	0	0	0	0	650	
13	0	0	0	0	629	
14	0	0	0	0	608	
15	0	0	0	0	589	
0	0	0	0	0	572	
1	0	0	0	0	559	
2	0	0	0	0	547	
3	0	0	0	0	537	
4	0	0	0	0	529	
5	0	0	0	0	522	
6	0	0	0	0	515	
7	0	0	0	0	509	
8	0	0	0	0	503	
9	0	0	0	0	497	
10	0	0	0	0	490	
11	0	0	0	0	484	
12	0	0	0	0	478	
13	0	0	0	0	472	
14	0	0	0	0	466	
15	0	0	0	0	462	
0	0	0	0	0	458	
1	0	0	0	0	455	
2	0	0	0	0	453	
3	0	0	0	0	451	
4	0	0	0	0	450	
5	0	0	0	0	449	
6	0	0	0	0	448	
7	0	0	0	0	447	
8	0	0	0	0	446	
9	0	0	0	0	446	
10	0	0	0	0	444	
11	0	0	0	0	443	
12	0	0	0	0	443	
13	0	0	0	0	441	
14	0	0	0	0	441	
15	0	0	0	0	441	
0	0	0	0	0	441	
1	0	0	0	0	441	
2	0	0	0	0	440	
3	0	0	0	0	441	
4	0	0	0	0	441	
5	0	0	0	0	441	
6	0	0	0	0	442	
7	0	0	0	0	443	
8	0	0	0	0	443	
9	0	0	0	0	444	
10	0	0	0	0	444	
11	0	0	0	0	444	
12	0	0	0	0	444	
13	0	0	0	0	445	
14	0	0	0	0	446	
15	0	0	0	0	446	
0	0	0	0	0	447	
1	0	0	0	0	448	
2	0	0	0	0	448	
3	0	0	0	0	449	
4	0	0	0	0	449	
5	0	0	0	0	450	
6	0	0	0	0	451	
7	0	0	0	0	452	
8	0	0	0	0	453	
9	0	0	0	0	453	
10	0	0	0	0	454	
11	0	0	0	0	454	
12	0	0	0	0	455	
13	0	0	0	0	455	
14	0	0	0	0	456	
15	0	0	0	0	456	
0	0	0	0	0	457	
1	0	0	0	0	458	
2	0	0	0	0	459	
3	0	0	0	0	460	
4	0	0	0	0	460	
5	0	0	0	0	461	
6	0	0	0	0	462	
7	0	0	0	0	463	
8	0	0	0	0	464	
9	0	0	0	0	465	
10	0	0	0	0	467	
11	0	0	0	0	467	
12	0	0	0	0	468	
13	0	0	0	0	468	
14	0	0	0	0	469	
15	0	0	0	0	470	
0	0	0	0	0	470	
1	0	0	0	0	470	
2	0	0	0	0	471	
3	0	0	0	0	472	
4	0	0	0	0	472	
5	0	0	0	0	472	
6	0	0	0	0	473	
7	0	0	0	0	475	
8	0	0	0	0	476	
9	0	0	0	0	477	
10	0	0	0	0	478	
11	0	0	0	0	478	
12	0	0	0	0	479	
13	0	0	0	0	480	
14	0	0	0	0	481	
15	0	0	0	0	482	
0	0	0	0	0	482	
1	0	0	0	0	483	
2	0	0	0	0	483	
3	0	0	0	0	483	
4	0	0	0	0	484	
5	0	0	0	0	485	
6	0	0	0	0	485	
7	0	0	0	0	487	
8	0	0	0	0	487	
9	0	0	0	0	488	
10	0	0	0	0	488	
11	0	0	0	0	489	
12	0	0	0	0	489	
13	0	0	0	0	490	
14	0	0	0	0	490	
15	0	0	0	0	491	
0	0	0	0	0	491	
1	0	0	0	0	492	
2	0	0	0	0	492	
3	0	0	0	0	492	
4	0	0	0	0	493	
5	0	0	0	0	494	
6	0	0	0	0	495	
7	0	0	0	0	496	
8	0	0	0	0	496	
9	0	0	0	0	497	
10	0	0	0	0	498	
11	0	0	0	0	499	
12	0	0	0	0	500	
13	0	0	0	0	501	
14	0	0	0	0	502	
15	0	0	0	0	502	
0	0	0	0	0	502	
1	0	0	0	0	502	
2	0	0	0	0	502	
3	0	0	0	0	502	
4	0	0	0	0	504	
5	0	0	0	0	505	
6	0	0	0	0	506	
7	0	0	0	0	507	
8	0	0	0	0	507	
9	0	0	0	0	508	
10	0	0	0	0	508	
11	0	0	0	0	508	
12	0	0	0	0	508	
13	0	0	0	0	509	
14	0	0	0	0	510	
15	0	0	0	0	511	
0	0	0	0	0	511	
1	0	0	0	0	511	
2	0	0	0	0	511	
3	0	0	0	0	511	
4	0	0	0	0	511	
5	0	0	0	0	511	
6	0	0	0	0	512	
7	0	0	0	0	513	
8	0	0	0	0	514	
9	0	0	0	0	515	
10	0	0	0	0	516	
11	0	0	0	0	517	
12	0	0	0	0	519	
13	0	0	0	0	519	
14	0	0	0	0	519	
15	0	0	0	0	520	
0	0	0	0	0	520	
1	0	0	0	0	520	
2	0	0	0	0	521	
3	0	0	0	0	521	
4	0	0	0	0	522	
5	0	0	0	0	522	
6	0	0	0	0	523	
7	0	0	0	0	524	
8	0	0	0	0	525	
9	0	0	0	0	526	
10	0	0	0	0	526	
11	0	0	0	0	527	
12	0	0	0	0	527	
13	0	0	0	0	527	
14	0	0	0	0	528	
15	0	0	0	0	529	
0	0	0	0	0	530	
1	0	0	0	0	530	
2	0	0	0	0	530	
3	0	0	0	0	531	
4	0	0	0	0	531	
5	0	0	0	0	531	
6	0	0	0	0	531	
7	0	0	0	0	532	
8	0	0	0	0	533	
9	0	0	0	0	534	
10	0	0	0	0	535	
11	0	0	0	0	535	
12	0	0	0	0	536	
13	0	0	0	0	536	
14	0	0	0	0	537	
15	0	0	0	0	537	
0	0	0	0	0	537	
1	0	0	0	0	538	
2	0	0	0	0	538	
3	0	0	0	0	538	
4	0	0	0	0	538	
5	0	0	0	0	538	
6	0	0	0	0	538	
7	0	0	0	0	538	
8	0	0	0	0	539	
9	0	0	0	0	538	
10	0	0	0	0	539	
11	0	0	0	0	539	
12	0	0	0	0	540	
13	0	0	0	0	540	
14	0	0	0	0	540	
15	0	0	0	0	540	
0	0	0	0	0	540	
1	0	0	0	0	540	
2	0	0	0	0	540	
3	0	0	0	0	540	
4	0	0	0	0	540	
5	0	0	0	0	540	
6	0	0	0	0	540	
7	0	0	0	0	540	
8	0	0	0	0	539	
9	0	0	0	0	539	
10	0	0	0	0	539	
11	0	0	0	0	539	
12	0	0	0	0	538	
13	0	0	0	0	537	
14	0	0	0	0	536	
15	0	0	0	0	535	
0	0	0	0	0	534	
1	0	0	0	0	534	
2	0	0	0	0	533	
3	0	0	0	0	532	
4	0	0	0	0	531	
5	0	0	0	0	529	
6	0	0	0	0	527	
7	0	0	0	0	526	
8	0	0	0	0	524	
9	0	0	0	0	522	
10	0	0	0	0	521	
11	0	0	0	0	520	
12	0	0	0	0	519	
13	0	0	0	0	518	
14	0	0	0	0	517	
15	0	0	0	0	515	
0	0	0	0	0	514	
1	0	0	0	0	513	
2	0	0	0	0	512	
3	0	0	0	0	510	
4	0	0	0	0	507	
5	0	0	0	0	505	
6	0	0	0	0	503	
7	0	0	0	0	501	
8	0	0	0	0	499	
9	0	0	0	0	498	
10	0	0	0	0	496	
11	0	0	0	0	495	
12	0	0	0	0	494	
13	0	0	0	0	492	
14	0	0	0	0	491	
15	0	0	0	0	490	
0	0	0	0	0	489	
1	0	0	0	0	488	
2	0	0	0	0	487	
3	0	0	0	0	486	
4	0	0	0	0	484	
5	0	0	0	0	482	
6	0	0	0	0	481	
7	0	0	0	0	479	
8	0	0	0	0	477	
9	0	0	0	0	476	
10	0	0	0	0	475	
11	0	0	0	0	474	
12	0	0	0	0	473	
13	0	0	0	0	473	
14	0	0	0	0	473	
15	0	0	0	0	472	
0	0	0	0	0	472	
1	0	0	0	0	472	
2	0	0	0	0	472	
3	0	0	0	0	471	
4	0	0	0	0	470	
5	0	0	0	0	470	
6	0	0	0	0	469	
7	0	0	0	0	468	
8	0	0	0	0	468	
9	0	0	0	0	467	
10	0	0	0	0	467	
11	0	0	0	0	467	
12	0	0	0	0	468	
13	0	0	0	0	468	
14	0	0	0	0	468	
15	0	0	0	0	467	
0	0	0	0	0	467	
1	0	0	0	0	467	
2	0	0	0	0	468	
3	0	0	0	0	468	
4	0	0	0	0	469	
5	0	0	0	0	469	
6	0	0	0	0	469	
7	0	0	0	0	468	
8	0	0	0	0	469	
9	0	0	0	0	469	
10	0	0	0	0	468	
11	0	0	0	0	468	
12	0	0	0	0	469	
13	0	0	0	0	470	
14	0	0	0	0	470	
15	0	0	0	0	470	
0	0	0	0	0	471	
1	0	0	0	0	471	
2	0	0	0	0	471	
3	0	0	0	0	472	
4	0	0	0	0	474	
5	0	0	0	0	475	
6	0	0	0	0	475	
7	0	0	0	0	474	
8	0	0	0	0	474	
9	0	0	0	0	475	
10	0	0	0	0	475	
11	0	0	0	0	475	
12	0	0	0	0	476	
13	0	0	0	0	476	
14	0	0	0	0	476	
15	0	0	0	0	477	
0	0	0	0	0	478	
1	0	0	0	0	479	
2	0	0	0	0	480	
3	0	0	0	0	480	
4	0	0	0	0	481	
5	0	0	0	0	481	
6	0	0	0	0	482	
7	0	0	0	0	482	
8	0	0	0	0	482	
9	0	0	0	0	482	
10	0	0	0	0	482	
11	0	0	0	0	483	
12	0	0	0	0	483	
13	0	0	0	0	484	
14	0	0	0	0	484	
15	0	0	0	0	485	
0	0	0	0	0	486	
1	0	0	0	0	486	
2	0	0	0	0	486	
3	0	0	0	0	487	
4	0	0	0	0	487	
5	0	0	0	0	487	
6	0	0	0	0	487	
7	0	0	0	0	487	
8	0	0	0	0	487	
9	0	0	0	0	487	
10	0	0	0	0	487	
11	0	0	0	0	488	
12	0	0	0	0	488	
13	0	0	0	0	488	
14	0	0	0	0	488	
15	0	0	0	0	489	
0	0	0	0	0	490	
1	0	0	0	0	491	
2	0	0	0	0	491	
3	0	0	0	0	492	
4	0	0	0	0	492	
5	0	0	0	0	492	
6	0	0	0	0	493	
7	0	0	0	0	493	
8	0	0	0	0	494	
9	0	0	0	0	494	
10	0	0	0	0	494	
11	0	0	0	0	494	
12	0	0	0	0	494	
13	0	0	0	0	493	
14	0	0	0	0	493	
15	0	0	0	0	493	
0	0	0	0	0	494	
1	0	0	0	0	495	
2	0	0	0	0	495	
3	0	0	0	0	496	
4	0	0	0	0	496	
5	0	0	0	0	497	
6	0	0	0	0	498	
7	0	0	0	0	499	
8	0	0	0	0	498	
9	0	0	0	0	498	
10	0	0	0	0	498	
11	0	0	0	0	497	
12	0	0	0	0	497	
13	0	0	0	0	497	
14	0	0	0	0	496	
15	0	0	0	0	496	
0	0	0	0	0	496	
1	0	0	0	0	496	
2	0	0	0	0	497	
3	0	0	0	0	498	
4	0	0	0	0	499	
5	0	0	0	0	500	
6	0	0	0	0	500	
7	0	0	0	0	500	
8	0	0	0	0	500	
9	0	0	0	0	500	
10	0	0	0	0	500	
11	0	0	0	0	500	
12	0	0	0	0	500	
13	0	0	0	0	499	
14	0	0	0	0	499	
15	0	0	0	0	499	
0	0	0	0	0	498	
1	0	0	0	0	499	
2	0	0	0	0	499	
3	0	0	0	0	500	
4	0	0	0	0	501	
5	0	0	0	0	501	
6	0	0	0	0	502	
7	0	0	0	0	502	
8	0	0	0	0	503	
9	0	0	0	0	503	
10	0	0	0	0	503	
11	0	0	0	0	503	
12	0	0	0	0	503	
13	0	0	0	0	503	
14	0	0	0	0	503	
15	0	0	0	0	502	
0	0	0	0	0	502	
1	0	0	0	0	502	
2	0	0	0	0	502	
3	0	0	0	0	503	
4	0	0	0	0	503	
5	0	0	0	0	504	
6	0	0	0	0	504	
7	0	0	0	0	504	
8	0	0	0	0	504	
9	0	0	0	0	504	
10	0	0	0	0	503	
11	0	0	0	0	503	
12	0	0	0	0	502	
13	0	0	0	0	502	
14	0	0	0	0	502	
15	0	0	0	0	503	
0	0	0	0	0	502	
1	0	0	0	0	502	
2	0	0	0	0	503	
3	0	0	0	0	504	
4	0	0	0	0	504	
5	0	0	0	0	504	
6	0	0	0	0	504	
7	0	0	0	0	504	
8	0	0	0	0	505	
9	0	0	0	0	505	
10	0	0	0	0	505	
11	0	0	0	0	505	
12	0	0	0	0	504	
13	0	0	0	0	504	
14	0	0	0	0	504	
15	0	0	0	0	504	
0	0	0	0	0	504	
1	0	0	0	0	504	
2	0	0	0	0	504	
3	0	0	0	0	504	
4	0	0	0	0	504	
5	0	0	0	0	504	
6	0	0	0	0	504	
7	0	0	0	0	504	
8	0	0	0	0	504	
9	0	0	0	0	505	
10	0	0	0	0	505	
11	0	0	0	0	504	
12	0	0	0	0	505	
13	0	0	0	0	505	
14	0	0	0	0	505	
15	0	0	0	0	505	
0	0	0	0	0	504	
1	0	0	0	0	504	
2	0	0	0	0	505	
3	0	0	0	0	505	
4	0	0	0	0	505	
5	0	0	0	0	505	
6	0	0	0	0	505	
7	0	0	0	0	506	
8	0	0	0	0	506	
9	0	0	0	0	507	
10	0	0	0	0	507	
11	0	0	0	0	507	
12	0	0	0	0	507	
13	0	0	0	0	506	
14	0	0	0	0	507	
15	0	0	0	0	507	
0	0	0	0	0	507	
1	0	0	0	0	506	
2	0	0	0	0	507	
3	0	0	0	0	507	
4	0	0	0	0	508	
5	0	0	0	0	508	
6	0	0	0	0	508	
7	0	0	0	0	507	
8	0	0	0	0	508	
9	0	0	0	0	508	
10	0	0	0	0	508	
11	0	0	0	0	508	
12	0	0	0	0	508	
13	0	0	0	0	508	
14	0	0	0	0	507	
15	0	0	0	0	507	
0	0	0	0	0	507	
1	0	0	0	0	507	
2	0	0	0	0	507	
3	0	0	0	0	507	
4	0	0	0	0	508	
5	0	0	0	0	508	
6	0	0	0	0	508	
7	0	0	0	0	508	
8	0	0	0	0	508	
9	0	0	0	0	508	
10	0	0	0	0	509	
11	0	0	0	0	508	
12	0	0	0	0	508	
13	0	0	0	0	508	
14	0	0	0	0	508	
15	0	0	0	0	508	
0	0	0	0	0	508	
1	0	0	0	0	508	
2	0	0	0	0	508	
3	0	0	0	0	508	
4	0	0	0	0	508	
5	0	0	0	0	508	
6	0	0	0	0	508	
7	0	0	0	0	508	
8	0	0	0	0	509	
9	0	0	0	0	510	
10	0	0	0	0	510	
11	0	0	0	0	510	
12	0	0	0	0	510	
13	0	0	0	0	510	
14	0	0	0	0	510	
15	0	0	0	0	510	
0	0	0	0	0	510	
1	0	0	0	0	510	
2	0	0	0	0	510	
3	0	0	0	0	509	
4	0	0	0	0	509	
5	0	0	0	0	509	
6	0	0	0	0	508	
7	0	0	0	0	509	
8	0	0	0	0	509	
9	0	0	0	0	510	
10	0	0	0	0	509	
11	0	0	0	0	510	
12	0	0	0	0	510	
13	0	0	0	0	510	
14	0	0	0	0	510	
15	0	0	0	0	510	
0	0	0	0	0	510	
1	0	0	0	0	510	
2	0	0	0	0	510	
3	0	0	0	0	510	
4	0	0	0	0	510	
5	0	0	0	0	510	
6	0	0	0	0	511	
7	0	0	0	0	511	
8	0	0	0	0	512	
9	0	0	0	0	512	
10	0	0	0	0	512	
11	0	0	0	0	512	
12	0	0	0	0	512	
13	0	0	0	0	512	
14	0	0	0	0	512	
15	0	0	0	0	511	
0	0	0	0	0	511	
1	0	0	0	0	511	
2	0	0	0	0	511	
3	0	0	0	0	511	
4	0	0	0	0	511	
5	0	0	0	0	511	
6	0	0	0	0	511	
7	0	0	0	0	511	
8	0	0	0	0	512	
9	0	0	0	0	511	
10	0	0	0	0	512	
11	0	0	0	0	512	
12	0	0	0	0	513	
13	0	0	0	0	513	
14	0	0	0	0	513	
15	0	0	0	0	513	
0	0	0	0	0	513	
1	0	0	0	0	513	
2	0	0	0	0	513	
3	0	0	0	0	513	
4	0	0	0	0	513	
5	0	0	0	0	514	
6	0	0	0	0	513	
7	0	0	0	0	513	
8	0	0	0	0	512	
9	0	0	0	0	512	
10	0	0	0	0	513	
11	0	0	0	0	513	
12	0	0	0	0	514	
13	0	0	0	0	515	
14	0	0	0	0	515	
15	0	0	0	0	515	
0	0	0	0	0	515	
1	0	0	0	0	515	
2	0	0	0	0	514	
3	0	0	0	0	514	
4	0	0	0	0	513	
5	0	0	0	0	513	
6	0	0	0	0	512	
7	0	0	0	0	512	
8	0	0	0	0	513	
9	0	0	0	0	513	
10	0	0	0	0	513	
11	0	0	0	0	514	
12	0	0	0	0	515	
13	0	0	0	0	515	
14	0	0	0	0	515	
15	0	0	0	0	516	
0	0	0	0	0	516	
1	0	0	0	0	517	
2	0	0	0	0	517	
3	0	0	0	0	516	
4	0	0	0	0	516	
5	0	0	0	0	517	
6	0	0	0	0	517	
7	0	0	0	0	518	
8	0	0	0	0	518	
9	0	0	0	0	518	
10	0	0	0	0	518	
11	0	0	0	0	518	
12	0	0	0	0	518	
13	0	0	0	0	519	
14	0	0	0	0	521	
15	0	0	0	0	523	
0	0	0	0	0	524	
1	0	0	0	0	526	
2	0	0	0	0	527	
3	0	0	0	0	528	
4	0	0	0	0	529	
5	0	0	0	0	529	
6	0	0	0	0	529	
7	0	0	0	0	528	
8	0	0	0	0	527	
9	0	0	0	0	528	
10	0	0	0	0	528	
11	0	0	0	0	528	
12	0	0	0	0	530	
13	0	0	0	0	532	
14	0	0	0	0	534	
15	0	0	0	0	535	
0	0	0	0	0	536	
1	0	0	0	0	537	
2	0	0	0	0	540	
3	0	0	0	0	542	
4	0	0	0	0	544	
5	0	0	0	0	547	
6	0	0	0	0	549	
7	0	0	0	0	551	
8	0	0	0	0	552	
9	0	0	0	0	553	
10	0	0	0	0	552	
11	0	0	0	0	551	
12	0	0	0	0	550	
13	0	0	0	0	548	
14	0	0	0	0	547	
15	0	0	0	0	545	
0	0	0	0	0	544	
1	0	0	0	0	543	
2	0	0	0	0	542	
3	0	0	0	0	541	
4	0	0	0	0	540	
5	0	0	0	0	537	
6	0	0	0	0	534	
7	0	0	0	0	531	
8	0	0	0	0	528	
9	0	0	0	0	525	
10	0	0	0	0	523	
11	0	0	0	0	521	
12	0	0	0	0	520	
13	0	0	0	0	519	
14	0	0	0	0	519	
15	0	0	0	0	519	
0	0	0	0	0	518	
1	0	0	0	0	517	
2	0	0	0	0	517	
3	0	0	0	0	517	
4	0	0	0	0	516	
5	0	0	0	0	516	
6	0	0	0	0	515	
7	0	0	0	0	515	
8	0	0	0	0	514	
9	0	0	0	0	512	
10	0	0	0	0	512	
11	0	0	0	0	511	
12	0	0	0	0	509	
13	0	0	0	0	509	
14	0	0	0	0	508	
15	0	0	0	0	507	
0	0	0	0	0	506	
1	0	0	0	0	505	
2	0	0	0	0	504	
3	0	0	0	0	504	
4	0	0	0	0	503	
5	0	0	0	0	504	
6	0	0	0	0	504	
7	0	0	0	0	503	
8	0	0	0	0	502	
9	0	0	0	0	501	
10	0	0	0	0	500	
11	0	0	0	0	499	
12	0	0	0	0	499	
13	0	0	0	0	499	
14	0	0	0	0	499	
15	0	0	0	0	499	
0	0	0	0	0	499	
1	0	0	0	0	499	
2	0	0	0	0	499	
3	0	0	0	0	499	
4	0	0	0	0	499	
5	0	0	0	0	499	
6	0	0	0	0	498	
7	0	0	0	0	498	
8	0	0	0	0	497	
9	0	0	0	0	497	
10	0	0	0	0	497	
11	0	0	0	0	497	
12	0	0	0	0	497	
13	0	0	0	0	498	
14	0	0	0	0	498	
15	0	0	0	0	499	
0	0	0	0	0	500	
1	0	0	0	0	500	
2	0	0	0	0	499	
3	0	0	0	0	499	
4	0	0	0	0	499	
5	0	0	0	0	499	
6	0	0	0	0	499	
7	0	0	0	0	499	
8	0	0	0	0	499	
9	0	0	0	0	499	
10	0	0	0	0	499	
11	0	0	0	0	499	
12	0	0	0	0	498	
13	0	0	0	0	497	
14	0	0	0	0	496	
15	0	0	0	0	493	
0	0	0	0	0	491	
1	0	0	0	0	489	
2	0	0	0	0	488	
3	0	0	0	0	486	
4	0	0	0	0	485	
5	0	0	0	0	482	
6	0	0	0	0	479	
7	0	0	0	0	474	
8	0	0	0	0	471	
9	0	0	0	0	468	
10	0	0	0	0	465	
11	0	0	0	0	463	
12	0	0	0	0	463	
13	0	0	0	0	460	
14	0	0	0	0	457	
15	0	0	0	0	454	
0	0	0	0	0	452	
1	0	0	0	0	448	
2	0	0	0	0	446	
3	0	0	0	0	446	
4	0	0	0	0	447	
5	0	0	0	0	452	
6	0	0	0	0	461	
7	0	0	0	0	475	
8	0	0	0	0	493	
9	0	0	0	0	517	
10	0	0	0	0	546	
11	0	0	0	0	583	
12	0	0	0	0	623	
13	0	0	0	0	664	
14	0	0	0	0	709	
15	0	0	0	0	757	
0	0	0	0	0	805	
1	0	0	0	0	851	
2	0	0	0	0	892	
3	0	0	0	0	923	
4	0	0	0	0	941	
5	0	0	0	0	948	
6	0	0	0	0	941	
7	0	0	0	0	924	
8	0	0	0	0	901	
9	0	0	0	0	873	
10	0	0	0	0	841	
11	0	0	0	0	808	
12	0	0	0	0	778	
13	0	0	0	0	752	
14	0	0	0	0	726	
15	0	0	0	0	701	
0	0	0	0	0	676	
1	0	0	0	0	652	
2	0	0	0	0	628	
3	0	0	0	0	607	
4	0	0	0	0	588	
5	0	0	0	0	572	
6	0	0	0	0	558	
7	0	0	0	0	546	
8	0	0	0	0	536	
9	0	0	0	0	529	
10	0	0	0	0	523	
11	0	0	0	0	518	
12	0	0	0	0	512	
13	0	0	0	0	508	
14	0	0	0	0	504	
15	0	0	0	0	498	
0	0	0	0	0	492	
1	0	0	0	0	486	
2	0	0	0	0	480	
3	0	0	0	0	474	
4	0	0	0	0	469	
5	0	0	0	0	465	
6	0	0	0	0	462	
7	0	0	0	0	459	
8	0	0	0	0	457	
9	0	0	0	0	455	
10	0	0	0	0	454	
11	0	0	0	0	452	
12	0	0	0	0	451	
13	0	0	0	0	449	
14	0	0	0	0	448	
15	0	0	0	0	447	
0	0	0	0	0	446	
1	0	0	0	0	446	
2	0	0	0	0	445	
3	0	0	0	0	445	
4	0	0	0	0	445	
5	0	0	0	0	445	
6	0	0	0	0	446	
7	0	0	0	0	446	
8	0	0	0	0	446	
9	0	0	0	0	446	
10	0	0	0	0	446	
11	0	0	0	0	447	
12	0	0	0	0	446	
13	0	0	0	0	446	
14	0	0	0	0	446	
15	0	0	0	0	446	
0	0	0	0	0	447	
1	0	0	0	0	448	
2	0	0	0	0	448	
3	0	0	0	0	449	
4	0	0	0	0	449	
5	0	0	0	0	449	
6	0	0	0	0	451	
7	0	0	0	0	451	
8	0	0	0	0	452	
9	0	0	0	0	454	
10	0	0	0	0	455	
11	0	0	0	0	455	
12	0	0	0	0	455	
13	0	0	0	0	456	
14	0	0	0	0	457	
15	0	0	0	0	457	
0	0	0	0	0	458	
1	0	0	0	0	458	
2	0	0	0	0	459	
3	0	0	0	0	459	
4	0	0	0	0	460	
5	0	0	0	0	461	
6	0	0	0	0	462	
7	0	0	0	0	463	
8	0	0	0	0	463	
9	0	0	0	0	464	
10	0	0	0	0	465	
11	0	0	0	0	466	
12	0	0	0	0	467	
13	0	0	0	0	467	
14	0	0	0	0	468	
15	0	0	0	0	469	
0	0	0	0	0	469	
1	0	0	0	0	469	
2	0	0	0	0	470	
3	0	0	0	0	471	
4	0	0	0	0	472	
5	0	0	0	0	473	
6	0	0	0	0	474	
7	0	0	0	0	475	
8	0	0	0	0	475	
9	0	0	0	0	476	
10	0	0	0	0	477	
11	0	0	0	0	477	
12	0	0	0	0	478	
13	0	0	0	0	478	
14	0	0	0	0	479	
15	0	0	0	0	480	
0	0	0	0	0	480	
1	0	0	0	0	481	
2	0	0	0	0	481	
3	0	0	0	0	481	
4	0	0	0	0	482	
5	0	0	0	0	483	
6	0	0	0	0	483	
7	0	0	0	0	484	
8	0	0	0	0	486	
9	0	0	0	0	487	
10	0	0	0	0	488	
11	0	0	0	0	489	
12	0	0	0	0	489	
13	0	0	0	0	489	
14	0	0	0	0	490	
15	0	0	0	0	490	
0	0	0	0	0	490	
1	0	0	0	0	491	
2	0	0	0	0	492	
3	0	0	0	0	492	
4	0	0	0	0	493	
5	0	0	0	0	494	
6	0	0	0	0	495	
7	0	0	0	0	496	
8	0	0	0	0	496	
9	0	0	0	0	497	
10	0	0	0	0	497	
11	0	0	0	0	498	
12	0	0	0	0	499	
13	0	0	0	0	499	
14	0	0	0	0	501	
15	0	0	0	0	502	
0	0	0	0	0	502	
1	0	0	0	0	503	
2	0	0	0	0	502	
3	0	0	0	0	503	
4	0	0	0	0	504	
5	0	0	0	0	504	
6	0	0	0	0	505	
7	0	0	0	0	506	
8	0	0	0	0	506	
9	0	0	0	0	507	
10	0	0	0	0	508	
11	0	0	0	0	509	
12	0	0	0	0	510	
13	0	0	0	0	511	
14	0	0	0	0	511	
15	0	0	0	0	512	
0	0	0	0	0	513	
1	0	0	0	0	512	
2	0	0	0	0	513	
3	0	0	0	0	513	
4	0	0	0	0	513	
5	0	0	0	0	514	
6	0	0	0	0	515	
7	0	0	0	0	515	
8	0	0	0	0	515	
9	0	0	0	0	516	
10	0	0	0	0	517	
11	0	0	0	0	518	
12	0	0	0	0	519	
13	0	0	0	0	520	
14	0	0	0	0	521	
15	0	0	0	0	523	
0	0	0	0	0	523	
1	0	0	0	0	523	
2	0	0	0	0	524	
3	0	0	0	0	524	
4	0	0	0	0	524	
5	0	0	0	0	524	
6	0	0	0	0	524	
7	0	0	0	0	525	
8	0	0	0	0	525	
9	0	0	0	0	527	
10	0	0	0	0	528	
11	0	0	0	0	528	
12	0	0	0	0	529	
13	0	0	0	0	530	
14	0	0	0	0	531	
15	0	0	0	0	532	
0	0	0	0	0	532	
1	0	0	0	0	533	
2	0	0	0	0	533	
3	0	0	0	0	533	
4	0	0	0	0	532	
5	0	0	0	0	533	
6	0	0	0	0	534	
7	0	0	0	0	535	
8	0	0	0	0	535	
9	0	0	0	0	535	
10	0	0	0	0	536	
11	0	0	0	0	536	
12	0	0	0	0	537	
13	0	0	0	0	538	
14	0	0	0	0	539	
15	0	0	0	0	539	
0	0	0	0	0	540	
1	0	0	0	0	540	
2	0	0	0	0	539	
3	0	0	0	0	539	
4	0	0	0	0	538	
5	0	0	0	0	539	
6	0	0	0	0	539	
7	0	0	0	0	540	
8	0	0	0	0	540	
9	0	0	0	0	541	
10	0	0	0	0	542	
11	0	0	0	0	542	
12	0	0	0	0	542	
13	0	0	0	0	542	
14	0	0	0	0	543	
15	0	0	0	0	543	
0	0	0	0	0	543	
1	0	0	0	0	543	
2	0	0	0	0	543	
3	0	0	0	0	543	
4	0	0	0	0	543	
5	0	0	0	0	543	
6	0	0	0	0	543	
7	0	0	0	0	543	
8	0	0	0	0	543	
9	0	0	0	0	543	
10	0	0	0	0	543	
11	0	0	0	0	543	
12	0	0	0	0	543	
13	0	0	0	0	543	
14	0	0	0	0	543	
15	0	0	0	0	543	
0	0	0	0	0	543	
1	0	0	0	0	542	
2	0	0	0	0	543	
3	0	0	0	0	541	
4	0	0	0	0	540	
5	0	0	0	0	539	
6	0	0	0	0	538	
7	0	0	0	0	536	
8	0	0	0	0	536	
9	0	0	0	0	534	
10	0	0	0	0	533	
11	0	0	0	0	532	
12	0	0	0	0	531	
13	0	0	0	0	531	
14	0	0	0	0	530	
15	0	0	0	0	529	
0	0	0	0	0	528	
1	0	0	0	0	526	
2	0	0	0	0	525	
3	0	0	0	0	523	
4	0	0	0	0	521	
5	0	0	0	0	519	
6	0	0	0	0	516	
7	0	0	0	0	514	
8	0	0	0	0	512	
9	0	0	0	0	511	
10	0	0	0	0	509	
11	0	0	0	0	507	
12	0	0	0	0	506	
13	0	0	0	0	504	
14	0	0	0	0	503	
15	0	0	0	0	502	
0	0	0	0	0	500	
1	0	0	0	0	498	
2	0	0	0	0	496	
3	0	0	0	0	495	
4	0	0	0	0	492	
5	0	0	0	0	491	
6	0	0	0	0	489	
7	0	0	0	0	487	
8	0	0	0	0	486	
9	0	0	0	0	484	
10	0	0	0	0	483	
11	0	0	0	0	482	
12	0	0	0	0	480	
13	0	0	0	0	479	
14	0	0	0	0	479	
15	0	0	0	0	478	
0	0	0	0	0	476	
1	0	0	0	0	476	
2	0	0	0	0	475	
3	0	0	0	0	473	
4	0	0	0	0	473	
5	0	0	0	0	472	
6	0	0	0	0	471	
7	0	0	0	0	470	
8	0	0	0	0	468	
9	0	0	0	0	468	
10	0	0	0	0	467	
11	0	0	0	0	466	
12	0	0	0	0	466	
13	0	0	0	0	465	
14	0	0	0	0	466	
15	0	0	0	0	466	
0	0	0	0	0	466	
1	0	0	0	0	467	
2	0	0	0	0	467	
3	0	0	0	0	467	
4	0	0	0	0	467	
5	0	0	0	0	467	
6	0	0	0	0	467	
7	0	0	0	0	467	
8	0	0	0	0	467	
9	0	0	0	0	467	
10	0	0	0	0	467	
11	0	0	0	0	467	
12	0	0	0	0	467	
13	0	0	0	0	467	
14	0	0	0	0	468	
15	0	0	0	0	468	
0	0	0	0	0	468	
1	0	0	0	0	469	
2	0	0	0	0	470	
3	0	0	0	0	470	
4	0	0	0	0	470	
5	0	0	0	0	471	
6	0	0	0	0	470	
7	0	0	0	0	470	
8	0	0	0	0	470	
9	0	0	0	0	469	
10	0	0	0	0	469	
11	0	0	0	0	470	
12	0	0	0	0	472	
13	0	0	0	0	472	
14	0	0	0	0	474	
15	0	0	0	0	475	
0	0	0	0	0	474	
1	0	0	0	0	474	
2	0	0	0	0	475	
3	0	0	0	0	476	
4	0	0	0	0	476	
5	0	0	0	0	477	
6	0	0	0	0	477	
7	0	0	0	0	477	
8	0	0	0	0	478	
9	0	0	0	0	478	
10	0	0	0	0	478	
11	0	0	0	0	478	
12	0	0	0	0	478	
13	0	0	0	0	479	
14	0	0	0	0	480	
15	0	0	0	0	481	
0	0	0	0	0	482	
1	0	0	0	0	482	
2	0	0	0	0	483	
3	0	0	0	0	483	
4	0	0	0	0	484	
5	0	0	0	0	485	
6	0	0	0	0	485	
7	0	0	0	0	485	
8	0	0	0	0	486	
9	0	0	0	0	486	
10	0	0	0	0	487	
11	0	0	0	0	487	
12	0	0	0	0	487	
13	0	0	0	0	487	
14	0	0	0	0	487	
15	0	0	0	0	487	
0	0	0	0	0	487	
1	0	0	0	0	487	
2	0	0	0	0	488	
3	0	0	0	0	489	
4	0	0	0	0	489	
5	0	0	0	0	489	
6	0	0	0	0	489	
7	0	0	0	0	490	
8	0	0	0	0	491	
9	0	0	0	0	491	
10	0	0	0	0	491	
11	0	0	0	0	491	
12	0	0	0	0	491	
13	0	0	0	0	491	
14	0	0	0	0	491	
15	0	0	0	0	491	
0	0	0	0	0	491	
1	0	0	0	0	492	
2	0	0	0	0	492	
3	0	0	0	0	493	
4	0	0	0	0	494	
5	0	0	0	0	495	
6	0	0	0	0	495	
7	0	0	0	0	495	
8	0	0	0	0	496	
9	0	0	0	0	496	
10	0	0	0	0	496	
11	0	0	0	0	496	
12	0	0	0	0	496	
13	0	0	0	0	496	
14	0	0	0	0	496	
15	0	0	0	0	496	
0	0	0	0	0	496	
1	0	0	0	0	496	
2	0	0	0	0	496	
3	0	0	0	0	497	
4	0	0	0	0	498	
5	0	0	0	0	499	
6	0	0	0	0	499	
7	0	0	0	0	499	
8	0	0	0	0	500	
9	0	0	0	0	500	
10	0	0	0	0	500	
11	0	0	0	0	500	
12	0	0	0	0	499	
13	0	0	0	0	499	
14	0	0	0	0	499	
15	0	0	0	0	499	
0	0	0	0	0	499	
1	0	0	0	0	500	
2	0	0	0	0	500	
3	0	0	0	0	501	
4	0	0	0	0	502	
5	0	0	0	0	503	
6	0	0	0	0	504	
7	0	0	0	0	504	
8	0	0	0	0	505	
9	0	0	0	0	505	
10	0	0	0	0	504	
11	0	0	0	0	504	
12	0	0	0	0	503	
13	0	0	0	0	503	
14	0	0	0	0	503	
15	0	0	0	0	503	
0	0	0	0	0	502	
1	0	0	0	0	501	
2	0	0	0	0	501	
3	0	0	0	0	501	
4	0	0	0	0	501	
5	0	0	0	0	500	
6	0	0	0	0	501	
7	0	0	0	0	502	
8	0	0	0	0	502	
9	0	0	0	0	503	
10	0	0	0	0	503	
11	0	0	0	0	503	
12	0	0	0	0	503	
13	0	0	0	0	503	
14	0	0	0	0	503	
15	0	0	0	0	503	
0	0	0	0	0	503	
1	0	0	0	0	503	
2	0	0	0	0	503	
3	0	0	0	0	503	
4	0	0	0	0	504	
5	0	0	0	0	504	
6	0	0	0	0	503	
7	0	0	0	0	503	
8	0	0	0	0	504	
9	0	0	0	0	504	
10	0	0	0	0	504	
11	0	0	0	0	504	
12	0	0	0	0	504	
13	0	0	0	0	503	
14	0	0	0	0	503	
15	0	0	0	0	503	
0	0	0	0	0	502	
1	0	0	0	0	502	
2	0	0	0	0	501	
3	0	0	0	0	502	
4	0	0	0	0	503	
5	0	0	0	0	503	
6	0	0	0	0	503	
7	0	0	0	0	503	
8	0	0	0	0	503	
9	0	0	0	0	503	
10	0	0	0	0	503	
11	0	0	0	0	504	
12	0	0	0	0	504	
13	0	0	0	0	504	
14	0	0	0	0	504	
15	0	0	0	0	504	
0	0	0	0	0	504	
1	0	0	0	0	504	
2	0	0	0	0	504	
3	0	0	0	0	504	
4	0	0	0	0	504	
5	0	0	0	0	504	
6	0	0	0	0	503	
7	0	0	0	0	504	
8	0	0	0	0	504	
9	0	0	0	0	504	
10	0	0	0	0	504	
11	0	0	0	0	504	
12	0	0	0	0	504	
13	0	0	0	0	504	
14	0	0	0	0	504	
15	0	0	0	0	504	
0	0	0	0	0	504	
1	0	0	0	0	504	
2	0	0	0	0	503	
3	0	0	0	0	503	
4	0	0	0	0	503	
5	0	0	0	0	504	
6	0	0	0	0	504	
7	0	0	0	0	504	
8	0	0	0	0	505	
9	0	0	0	0	505	
10	0	0	0	0	505	
11	0	0	0	0	506	
12	0	0	0	0	506	
13	0	0	0	0	507	
14	0	0	0	0	506	
15	0	0	0	0	506	
0	0	0	0	0	506	
1	0	0	0	0	507	
2	0	0	0	0	507	
3	0	0	0	0	507	
4	0	0	0	0	507	
5	0	0	0	0	507	
6	0	0	0	0	507	
7	0	0	0	0	507	
8	0	0	0	0	508	
9	0	0	0	0	508	
10	0	0	0	0	508	
11	0	0	0	0	508	
12	0	0	0	0	508	
13	0	0	0	0	508	
14	0	0	0	0	508	
15	0	0	0	0	507	
0	0	0	0	0	508	
1	0	0	0	0	507	
2	0	0	0	0	507	
3	0	0	0	0	507	
4	0	0	0	0	507	
5	0	0	0	0	507	
6	0	0	0	0	508	
7	0	0	0	0	508	
8	0	0	0	0	508	
9	0	0	0	0	508	
10	0	0	0	0	508	
11	0	0	0	0	509	
12	0	0	0	0	510	
13	0	0	0	0	509	
14	0	0	0	0	510	
15	0	0	0	0	509	
0	0	0	0	0	508	
1	0	0	0	0	508	
2	0	0	0	0	509	
3	0	0	0	0	508	
4	0	0	0	0	507	
5	0	0	0	0	508	
6	0	0	0	0	508	
7	0	0	0	0	509	
8	0	0	0	0	510	
9	0	0	0	0	510	
10	0	0	0	0	511	
11	0	0	0	0	511	
12	0	0	0	0	511	
13	0	0	0	0	511	
14	0	0	0	0	512	
15	0	0	0	0	511	
0	0	0	0	0	511	
1	0	0	0	0	510	
2	0	0	0	0	510	
3	0	0	0	0	509	
4	0	0	0	0	509	
5	0	0	0	0	510	
6	0	0	0	0	510	
7	0	0	0	0	511	
8	0	0	0	0	511	
9	0	0	0	0	511	
10	0	0	0	0	512	
11	0	0	0	0	512	
12	0	0	0	0	512	
13	0	0	0	0	512	
14	0	0	0	0	511	
15	0	0	0	0	511	
0	0	0	0	0	511	
1	0	0	0	0	511	
2	0	0	0	0	510	
3	0	0	0	0	510	
4	0	0	0	0	511	
5	0	0	0	0	510	
6	0	0	0	0	511	
7	0	0	0	0	511	
8	0	0	0	0	511	
9	0	0	0	0	512	
10	0	0	0	0	512	
11	0	0	0	0	512	
12	0	0	0	0	512	
13	0	0	0	0	512	
14	0	0	0	0	513	
15	0	0	0	0	513	
0	0	0	0	0	512	
1	0	0	0	0	512	
2	0	0	0	0	512	
3	0	0	0	0	512	
4	0	0	0	0	511	
5	0	0	0	0	511	
6	0	0	0	0	511	
7	0	0	0	0	511	
8	0	0	0	0	511	
9	0	0	0	0	511	
10	0	0	0	0	511	
11	0	0	0	0	512	
12	0	0	0	0	512	
13	0	0	0	0	513	
14	0	0	0	0	513	
15	0	0	0	0	514	
0	0	0	0	0	514	
1	0	0	0	0	514	
2	0	0	0	0	514	
3	0	0	0	0	514	
4	0	0	0	0	514	
5	0	0	0	0	515	
6	0	0	0	0	515	
7	0	0	0	0	515	
8	0	0	0	0	515	
9	0	0	0	0	517	
10	0	0	0	0	518	
11	0	0	0	0	519	
12	0	0	0	0	519	
13	0	0	0	0	520	
14	0	0	0	0	521	
15	0	0	0	0	523	
0	0	0	0	0	524	
1	0	0	0	0	526	
2	0	0	0	0	527	
3	0	0	0	0	527	
4	0	0	0	0	527	
5	0	0	0	0	527	
6	0	0	0	0	527	
7	0	0	0	0	526	
8	0	0	0	0	527	
9	0	0	0	0	527	
10	0	0	0	0	528	
11	0	0	0	0	529	
12	0	0	0	0	530	
13	0	0	0	0	532	
14	0	0	0	0	535	
15	0	0	0	0	536	
0	0	0	0	0	537	
1	0	0	0	0	539	
2	0	0	0	0	541	
3	0	0	0	0	544	
4	0	0	0	0	546	
5	0	0	0	0	549	
6	0	0	0	0	551	
7	0	0	0	0	551	
8	0	0	0	0	552	
9	0	0	0	0	551	
10	0	0	0	0	551	
11	0	0	0	0	551	
12	0	0	0	0	549	
13	0	0	0	0	547	
14	0	0	0	0	546	
15	0	0	0	0	544	
0	0	0	0	0	543	
1	0	0	0	0	542	
2	0	0	0	0	541	
3	0	0	0	0	539	
4	0	0	0	0	537	
5	0	0	0	0	534	
6	0	0	0	0	531	
7	0	0	0	0	528	
8	0	0	0	0	526	
9	0	0	0	0	524	
10	0	0	0	0	523	
11	0	0	0	0	522	
12	0	0	0	0	521	
13	0	0	0	0	521	
14	0	0	0	0	520	
15	0	0	0	0	519	
0	0	0	0	0	518	
1	0	0	0	0	518	
2	0	0	0	0	518	
3	0	0	0	0	517	
4	0	0	0	0	517	
5	0	0	0	0	516	
6	0	0	0	0	515	
7	0	0	0	0	513	
8	0	0	0	0	512	
9	0	0	0	0	511	
10	0	0	0	0	510	
11	0	0	0	0	509	
12	0	0	0	0	508	
13	0	0	0	0	508	
14	0	0	0	0	508	
15	0	0	0	0	507	
0	0	0	0	0	505	
1	0	0	0	0	504	
2	0	0	0	0	504	
3	0	0	0	0	504	
4	0	0	0	0	505	
5	0	0	0	0	504	
6	0	0	0	0	504	
7	0	0	0	0	504	
8	0	0	0	0	504	
9	0	0	0	0	503	
10	0	0	0	0	502	
11	0	0	0	0	501	
12	0	0	0	0	501	
13	0	0	0	0	501	
14	0	0	0	0	501	
15	0	0	0	0	501	
0	0	0	0	0	501	
1	0	0	0	0	501	
2	0	0	0	0	501	
3	0	0	0	0	500	
4	0	0	0	0	501	
5	0	0	0	0	501	
6	0	0	0	0	500	
7	0	0	0	0	500	
8	0	0	0	0	499	
9	0	0	0	0	499	
10	0	0	0	0	498	
11	0	0	0	0	498	
12	0	0	0	0	498	
13	0	0	0	0	498	
14	0	0	0	0	499	
15	0	0	0	0	499	
0	0	0	0	0	500	
1	0	0	0	0	500	
2	0	0	0	0	499	
3	0	0	0	0	499	
4	0	0	0	0	500	
5	0	0	0	0	500	
6	0	0	0	0	500	
7	0	0	0	0	500	
8	0	0	0	0	500	
9	0	0	0	0	500	
10	0	0	0	0	500	
11	0	0	0	0	499	
12	0	0	0	0	498	
13	0	0	0	0	497	
14	0	0	0	0	496	
15	0	0	0	0	494	
0	0	0	0	0	492	
1	0	0	0	0	491	
2	0	0	0	0	489	
3	0	0	0	0	487	
4	0	0	0	0	486	
5	0	0	0	0	483	
6	0	0	0	0	479	
7	0	0	0	0	475	
8	0	0	0	0	471	
9	0	0	0	0	467	
10	0	0	0	0	464	
11	0	0	0	0	463	
12	0	0	0	0	461	
13	0	0	0	0	458	
14	0	0	0	0	455	
15	0	0	0	0	452	
0	0	0	0	0	448	
1	0	0	0	0	446	
2	0	0	0	0	444	
3	0	0	0	0	444	
4	0	0	0	0	445	
5	0	0	0	0	451	
6	0	0	0	0	460	
7	0	0	0	0	476	
8	0	0	0	0	496	
9	0	0	0	0	522	
10	0	0	0	0	554	
11	0	0	0	0	591	
12	0	0	0	0	634	
13	0	0	0	0	678	
14	0	0	0	0	723	
15	0	0	0	0	770	
0	0	0	0	0	816	
1	0	0	0	0	861	
2	0	0	0	0	897	
3	0	0	0	0	923	
4	0	0	0	0	936	
5	0	0	0	0	936	
6	0	0	0	0	927	
7	0	0	0	0	908	
8	0	0	0	0	885	
9	0	0	0	0	859	
10	0	0	0	0	830	
11	0	0	0	0	800	
12	0	0	0	0	774	
13	0	0	0	0	750	
14	0	0	0	0	727	
15	0	0	0	0	702	
0	0	0	0	0	678	
1	0	0	0	0	654	
2	0	0	0	0	631	
3	0	0	0	0	611	
4	0	0	0	0	592	
5	0	0	0	0	576	
6	0	0	0	0	563	
7	0	0	0	0	551	
8	0	0	0	0	542	
9	0	0	0	0	534	
10	0	0	0	0	527	
11	0	0	0	0	520	
12	0	0	0	0	514	
13	0	0	0	0	510	
14	0	0	0	0	504	
15	0	0	0	0	499	
0	0	0	0	0	492	
1	0	0	0	0	485	
2	0	0	0	0	480	
3	0	0	0	0	475	
4	0	0	0	0	470	
5	0	0	0	0	465	
6	0	0	0	0	462	
7	0	0	0	0	460	
8	0	0	0	0	457	
9	0	0	0	0	455	
10	0	0	0	0	453	
11	0	0	0	0	451	
12	0	0	0	0	449	
13	0	0	0	0	448	
14	0	0	0	0	447	
15	0	0	0	0	446	
0	0	0	0	0	446	
1	0	0	0	0	445	
2	0	0	0	0	445	
3	0	0	0	0	445	
4	0	0	0	0	445	
5	0	0	0	0	444	
6	0	0	0	0	445	
7	0	0	0	0	446	
8	0	0	0	0	446	
9	0	0	0	0	446	
10	0	0	0	0	446	
11	0	0	0	0	446	
12	0	0	0	0	445	
13	0	0	0	0	445	
14	0	0	0	0	445	
15	0	0	0	0	445	
0	0	0	0	0	445	
1	0	0	0	0	446	
2	0	0	0	0	446	
3	0	0	0	0	447	
4	0	0	0	0	448	
5	0	0	0	0	449	
6	0	0	0	0	450	
7	0	0	0	0	451	
8	0	0	0	0	452	
9	0	0	0	0	452	
10	0	0	0	0	453	
11	0	0	0	0	453	
12	0	0	0	0	454	
13	0	0	0	0	455	
14	0	0	0	0	455	
15	0	0	0	0	456	
0	0	0	0	0	456	
1	0	0	0	0	456	
2	0	0	0	0	457	
3	0	0	0	0	458	
4	0	0	0	0	459	
5	0	0	0	0	460	
6	0	0	0	0	462	
7	0	0	0	0	463	
8	0	0	0	0	463	
9	0	0	0	0	464	
10	0	0	0	0	465	
11	0	0	0	0	466	
12	0	0	0	0	467	
13	0	0	0	0	467	
14	0	0	0	0	468	
15	0	0	0	0	468	
0	0	0	0	0	468	
1	0	0	0	0	470	
2	0	0	0	0	471	
3	0	0	0	0	471	
4	0	0	0	0	472	
5	0	0	0	0	473	
6	0	0	0	0	474	
7	0	0	0	0	475	
8	0	0	0	0	476	
9	0	0	0	0	477	
10	0	0	0	0	478	
11	0	0	0	0	479	
12	0	0	0	0	479	
13	0	0	0	0	480	
14	0	0	0	0	480	
15	0	0	0	0	480	
0	0	0	0	0	480	
1	0	0	0	0	480	
2	0	0	0	0	481	
3	0	0	0	0	481	
4	0	0	0	0	482	
5	0	0	0	0	483	
6	0	0	0	0	483	
7	0	0	0	0	484	
8	0	0	0	0	486	
9	0	0	0	0	487	
10	0	0	0	0	489	
11	0	0	0	0	490	
12	0	0	0	0	491	
13	0	0	0	0	491	
14	0	0	0	0	491	
15	0	0	0	0	492	
0	0	0	0	0	492	
1	0	0	0	0	491	
2	0	0	0	0	491	
3	0	0	0	0	491	
4	0	0	0	0	492	
5	0	0	0	0	493	
6	0	0	0	0	494	
7	0	0	0	0	495	
8	0	0	0	0	495	
9	0	0	0	0	496	
10	0	0	0	0	498	
11	0	0	0	0	498	
12	0	0	0	0	499	
13	0	0	0	0	499	
14	0	0	0	0	499	
15	0	0	0	0	499	
0	0	0	0	0	500	
1	0	0	0	0	501	
2	0	0	0	0	502	
3	0	0	0	0	502	
4	0	0	0	0	503	
5	0	0	0	0	504	
6	0	0	0	0	505	
7	0	0	0	0	506	
8	0	0	0	0	507	
9	0	0	0	0	508	
10	0	0	0	0	509	
11	0	0	0	0	510	
12	0	0	0	0	510	
13	0	0	0	0	511	
14	0	0	0	0	511	
15	0	0	0	0	511	
0	0	0	0	0	511	
1	0	0	0	0	512	
2	0	0	0	0	512	
3	0	0	0	0	512	
4	0	0	0	0	513	
5	0	0	0	0	513	
6	0	0	0	0	514	
7	0	0	0	0	515	
8	0	0	0	0	515	
9	0	0	0	0	517	
10	0	0	0	0	518	
11	0	0	0	0	519	
12	0	0	0	0	520	
13	0	0	0	0	521	
14	0	0	0	0	521	
15	0	0	0	0	522	
0	0	0	0	0	522	
1	0	0	0	0	523	
2	0	0	0	0	523	
3	0	0	0	0	524	
4	0	0	0	0	525	
5	0	0	0	0	526	
6	0	0	0	0	526	
7	0	0	0	0	527	
8	0	0	0	0	527	
9	0	0	0	0	529	
10	0	0	0	0	529	
11	0	0	0	0	530	
12	0	0	0	0	531	
13	0	0	0	0	532	
14	0	0	0	0	532	
15	0	0	0	0	532	
0	0	0	0	0	532	
1	0	0	0	0	533	
2	0	0	0	0	533	
3	0	0	0	0	533	
4	0	0	0	0	533	
5	0	0	0	0	533	
6	0	0	0	0	534	
7	0	0	0	0	534	
8	0	0	0	0	534	
9	0	0	0	0	535	
10	0	0	0	0	536	
11	0	0	0	0	538	
12	0	0	0	0	538	
13	0	0	0	0	539	
14	0	0	0	0	540	
15	0	0	0	0	540	
0	0	0	0	0	540	
1	0	0	0	0	540	
2	0	0	0	0	540	
3	0	0	0	0	540	
4	0	0	0	0	540	
5	0	0	0	0	539	
6	0	0	0	0	540	
7	0	0	0	0	540	
8	0	0	0	0	540	
9	0	0	0	0	540	
10	0	0	0	0	540	
11	0	0	0	0	541	
12	0	0	0	0	542	
13	0	0	0	0	542	
14	0	0	0	0	543	
15	0	0	0	0	543	
0	0	0	0	0	543	
1	0	0	0	0	543	
2	0	0	0	0	542	
3	0	0	0	0	543	
4	0	0	0	0	543	
5	0	0	0	0	543	
6	0	0	0	0	543	
7	0	0	0	0	543	
8	0	0	0	0	543	
9	0	0	0	0	543	
10	0	0	0	0	543	
11	0	0	0	0	543	
12	0	0	0	0	543	
13	0	0	0	0	543	
14	0	0	0	0	543	
15	0	0	0	0	543	
0	0	0	0	0	543	
1	0	0	0	0	542	
2	0	0	0	0	540	
3	0	0	0	0	540	
4	0	0	0	0	540	
5	0	0	0	0	539	
6	0	0	0	0	538	
7	0	0	0	0	537	
8	0	0	0	0	536	
9	0	0	0	0	535	
10	0	0	0	0	533	
11	0	0	0	0	532	
12	0	0	0	0	532	
13	0	0	0	0	531	
14	0	0	0	0	530	
15	0	0	0	0	529	
0	0	0	0	0	527	
1	0	0	0	0	525	
2	0	0	0	0	523	
3	0	0	0	0	521	
4	0	0	0	0	519	
5	0	0	0	0	515	
6	0	0	0	0	513	
7	0	0	0	0	512	
8	0	0	0	0	510	
9	0	0	0	0	508	
10	0	0	0	0	506	
11	0	0	0	0	504	
12	0	0	0	0	503	
13	0	0	0	0	502	
14	0	0	0	0	501	
15	0	0	0	0	499	
0	0	0	0	0	498	
1	0	0	0	0	496	
2	0	0	0	0	494	
3	0	0	0	0	493	
4	0	0	0	0	491	
5	0	0	0	0	489	
6	0	0	0	0	487	
7	0	0	0	0	485	
8	0	0	0	0	484	
9	0	0	0	0	482	
10	0	0	0	0	481	
11	0	0	0	0	480	
12	0	0	0	0	480	
13	0	0	0	0	479	
14	0	0	0	0	478	
15	0	0	0	0	478	
0	0	0	0	0	477	
1	0	0	0	0	476	
2	0	0	0	0	476	
3	0	0	0	0	474	
4	0	0	0	0	474	
5	0	0	0	0	472	
6	0	0	0	0	472	
7	0	0	0	0	472	
8	0	0	0	0	471	
9	0	0	0	0	471	
10	0	0	0	0	471	
11	0	0	0	0	471	
12	0	0	0	0	471	
13	0	0	0	0	470	
14	0	0	0	0	471	
15	0	0	0	0	471	
0	0	0	0	0	471	
1	0	0	0	0	472	
2	0	0	0	0	472	
3	0	0	0	0	472	
4	0	0	0	0	472	
5	0	0	0	0	472	
6	0	0	0	0	472	
7	0	0	0	0	471	
8	0	0	0	0	471	
9	0	0	0	0	470	
10	0	0	0	0	471	
11	0	0	0	0	471	
12	0	0	0	0	471	
13	0	0	0	0	471	
14	0	0	0	0	472	
15	0	0	0	0	472	
0	0	0	0	0	472	
1	0	0	0	0	472	
2	0	0	0	0	473	
3	0	0	0	0	473	
4	0	0	0	0	473	
5	0	0	0	0	473	
6	0	0	0	0	473	
7	0	0	0	0	473	
8	0	0	0	0	472	
9	0	0	0	0	472	
10	0	0	0	0	472	
11	0	0	0	0	472	
12	0	0	0	0	473	
13	0	0	0	0	474	
14	0	0	0	0	475	
15	0	0	0	0	475	
0	0	0	0	0	476	
1	0	0	0	0	477	
2	0	0	0	0	478	
3	0	0	0	0	479	
4	0	0	0	0	480	
5	0	0	0	0	480	
6	0	0	0	0	480	
7	0	0	0	0	480	
8	0	0	0	0	481	
9	0	0	0	0	481	
10	0	0	0	0	481	
11	0	0	0	0	481	
12	0	0	0	0	481	
13	0	0	0	0	481	
14	0	0	0	0	482	
15	0	0	0	0	483	
0	0	0	0	0	484	
1	0	0	0	0	484	
2	0	0	0	0	485	
3	0	0	0	0	485	
4	0	0	0	0	484	
5	0	0	0	0	484	
6	0	0	0	0	484	
7	0	0	0	0	484	
8	0	0	0	0	484	
9	0	0	0	0	484	
10	0	0	0	0	484	
11	0	0	0	0	486	
12	0	0	0	0	486	
13	0	0	0	0	486	
14	0	0	0	0	487	
15	0	0	0	0	488	
0	0	0	0	0	489	
1	0	0	0	0	490	
2	0	0	0	0	489	
3	0	0	0	0	489	
4	0	0	0	0	489	
5	0	0	0	0	490	
6	0	0	0	0	490	
7	0	0	0	0	490	
8	0	0	0	0	491	
9	0	0	0	0	491	
10	0	0	0	0	491	
11	0	0	0	0	491	
12	0	0	0	0	492	
13	0	0	0	0	492	
14	0	0	0	0	492	
15	0	0	0	0	492	
0	0	0	0	0	492	
1	0	0	0	0	492	
2	0	0	0	0	493	
3	0	0	0	0	493	
4	0	0	0	0	494	
5	0	0	0	0	494	
6	0	0	0	0	494	
7	0	0	0	0	493	
8	0	0	0	0	494	
9	0	0	0	0	494	
10	0	0	0	0	494	
11	0	0	0	0	494	
12	0	0	0	0	494	
13	0	0	0	0	495	
14	0	0	0	0	495	
15	0	0	0	0	495	
0	0	0	0	0	495	
1	0	0	0	0	495	
2	0	0	0	0	495	
3	0	0	0	0	496	
4	0	0	0	0	497	
5	0	0	0	0	498	
6	0	0	0	0	497	
7	0	0	0	0	498	
8	0	0	0	0	498	
9	0	0	0	0	499	
10	0	0	0	0	499	
11	0	0	0	0	498	
12	0	0	0	0	498	
13	0	0	0	0	497	
14	0	0	0	0	497	
15	0	0	0	0	498	
0	0	0	0	0	498	
1	0	0	0	0	499	
2	0	0	0	0	500	
3	0	0	0	0	500	
4	0	0	0	0	500	
5	0	0	0	0	501	
6	0	0	0	0	501	
7	0	0	0	0	502	
8	0	0	0	0	501	
9	0	0	0	0	501	
10	0	0	0	0	502	
11	0	0	0	0	502	
12	0	0	0	0	501	
13	0	0	0	0	501	
14	0	0	0	0	501	
15	0	0	0	0	501	
0	0	0	0	0	501	
1	0	0	0	0	501	
2	0	0	0	0	502	
3	0	0	0	0	502	
4	0	0	0	0	502	
5	0	0	0	0	503	
6	0	0	0	0	504	
7	0	0	0	0	504	
8	0	0	0	0	504	
9	0	0	0	0	504	
10	0	0	0	0	504	
11	0	0	0	0	503	
12	0	0	0	0	503	
13	0	0	0	0	503	
14	0	0	0	0	502	
15	0	0	0	0	502	
0	0	0	0	0	502	
1	0	0	0	0	502	
2	0	0	0	0	502	
3	0	0	0	0	502	
4	0	0	0	0	503	
5	0	0	0	0	503	
6	0	0	0	0	504	
7	0	0	0	0	504	
8	0	0	0	0	504	
9	0	0	0	0	504	
10	0	0	0	0	503	
11	0	0	0	0	503	
12	0	0	0	0	503	
13	0	0	0	0	503	
14	0	0	0	0	503	
15	0	0	0	0	503	
0	0	0	0	0	503	
1	0	0	0	0	503	
2	0	0	0	0	503	
3	0	0	0	0	504	
4	0	0	0	0	504	
5	0	0	0	0	505	
6	0	0	0	0	505	
7	0	0	0	0	505	
8	0	0	0	0	505	
9	0	0	0	0	507	
10	0	0	0	0	507	
11	0	0	0	0	507	
12	0	0	0	0	507	
13	0	0	0	0	507	
14	0	0	0	0	507	
15	0	0	0	0	507	
0	0	0	0	0	506	
1	0	0	0	0	505	
2	0	0	0	0	506	
3	0	0	0	0	506	
4	0	0	0	0	506	
5	0	0	0	0	505	
6	0	0	0	0	506	
7	0	0	0	0	506	
8	0	0	0	0	507	
9	0	0	0	0	507	
10	0	0	0	0	508	
11	0	0	0	0	508	
12	0	0	0	0	508	
13	0	0	0	0	507	
14	0	0	0	0	507	
15	0	0	0	0	505	
0	0	0	0	0	505	
1	0	0	0	0	505	
2	0	0	0	0	505	
3	0	0	0	0	505	
4	0	0	0	0	505	
5	0	0	0	0	505	
6	0	0	0	0	505	
7	0	0	0	0	505	
8	0	0	0	0	506	
9	0	0	0	0	507	
10	0	0	0	0	507	
11	0	0	0	0	507	
12	0	0	0	0	507	
13	0	0	0	0	506	
14	0	0	0	0	506	
15	0	0	0	0	506	
0	0	0	0	0	506	
1	0	0	0	0	506	
2	0	0	0	0	506	
3	0	0	0	0	506	
4	0	0	0	0	506	
5	0	0	0	0	507	
6	0	0	0	0	508	
7	0	0	0	0	508	
8	0	0	0	0	508	
9	0	0	0	0	509	
10	0	0	0	0	509	
11	0	0	0	0	510	
12	0	0	0	0	510	
13	0	0	0	0	509	
14	0	0	0	0	508	
15	0	0	0	0	508	
0	0	0	0	0	508	
1	0	0	0	0	507	
2	0	0	0	0	507	
3	0	0	0	0	507	
4	0	0	0	0	507	
5	0	0	0	0	507	
6	0	0	0	0	508	
7	0	0	0	0	508	
8	0	0	0	0	508	
9	0	0	0	0	509	
10	0	0	0	0	509	
11	0	0	0	0	509	
12	0	0	0	0	510	
13	0	0	0	0	509	
14	0	0	0	0	509	
15	0	0	0	0	509	
0	0	0	0	0	508	
1	0	0	0	0	508	
2	0	0	0	0	508	
3	0	0	0	0	508	
4	0	0	0	0	508	
5	0	0	0	0	508	
6	0	0	0	0	508	
7	0	0	0	0	508	
8	0	0	0	0	508	
9	0	0	0	0	508	
10	0	0	0	0	508	
11	0	0	0	0	509	
12	0	0	0	0	509	
13	0	0	0	0	509	
14	0	0	0	0	508	
15	0	0	0	0	508	
0	0	0	0	0	507	
1	0	0	0	0	507	
2	0	0	0	0	507	
3	0	0	0	0	506	
4	0	0	0	0	506	
5	0	0	0	0	506	
6	0	0	0	0	507	
7	0	0	0	0	508	
8	0	0	0	0	509	
9	0	0	0	0	509	
10	0	0	0	0	509	
11	0	0	0	0	510	
12	0	0	0	0	510	
13	0	0	0	0	510	
14	0	0	0	0	510	
15	0	0	0	0	509	
0	0	0	0	0	509	
1	0	0	0	0	509	
2	0	0	0	0	509	
3	0	0	0	0	508	
4	0	0	0	0	508	
5	0	0	0	0	508	
6	0	0	0	0	510	
7	0	0	0	0	511	
8	0	0	0	0	511	
9	0	0	0	0	511	
10	0	0	0	0	512	
11	0	0	0	0	512	
12	0	0	0	0	513	
13	0	0	0	0	512	
14	0	0	0	0	513	
15	0	0	0	0	513	
0	0	0	0	0	513	
1	0	0	0	0	514	
2	0	0	0	0	514	
3	0	0	0	0	514	
4	0	0	0	0	513	
5	0	0	0	0	514	
6	0	0	0	0	515	
7	0	0	0	0	516	
8	0	0	0	0	518	
9	0	0	0	0	519	
10	0	0	0	0	520	
11	0	0	0	0	521	
12	0	0	0	0	523	
13	0	0	0	0	524	
14	0	0	0	0	524	
15	0	0	0	0	524	
0	0	0	0	0	524	
1	0	0	0	0	524	
2	0	0	0	0	524	
3	0	0	0	0	524	
4	0	0	0	0	525	
5	0	0	0	0	526	
6	0	0	0	0	527	
7	0	0	0	0	529	
8	0	0	0	0	531	
9	0	0	0	0	533	
10	0	0	0	0	535	
11	0	0	0	0	537	
12	0	0	0	0	539	
13	0	0	0	0	542	
14	0	0	0	0	545	
15	0	0	0	0	547	
0	0	0	0	0	550	
1	0	0	0	0	551	
2	0	0	0	0	551	
3	0	0	0	0	550	
4	0	0	0	0	548	
5	0	0	0	0	547	
6	0	0	0	0	545	
7	0	0	0	0	543	
8	0	0	0	0	541	
9	0	0	0	0	539	
10	0	0	0	0	537	
11	0	0	0	0	536	
12	0	0	0	0	534	
13	0	0	0	0	533	
14	0	0	0	0	531	
15	0	0	0	0	530	
0	0	0	0	0	528	
1	0	0	0	0	526	
2	0	0	0	0	524	
3	0	0	0	0	523	
4	0	0	0	0	522	
5	0	0	0	0	520	
6	0	0	0	0	519	
7	0	0	0	0	518	
8	0	0	0	0	518	
9	0	0	0	0	516	
10	0	0	0	0	517	
11	0	0	0	0	517	
12	0	0	0	0	517	
13	0	0	0	0	517	
14	0	0	0	0	516	
15	0	0	0	0	516	
0	0	0	0	0	515	
1	0	0	0	0	514	
2	0	0	0	0	513	
3	0	0	0	0	512	
4	0	0	0	0	511	
5	0	0	0	0	508	
6	0	0	0	0	507	
7	0	0	0	0	505	
8	0	0	0	0	504	
9	0	0	0	0	502	
10	0	0	0	0	500	
11	0	0	0	0	501	
12	0	0	0	0	501	
13	0	0	0	0	502	
14	0	0	0	0	502	
15	0	0	0	0	501	
0	0	0	0	0	501	
1	0	0	0	0	500	
2	0	0	0	0	498	
3	0	0	0	0	497	
4	0	0	0	0	496	
5	0	0	0	0	496	
6	0	0	0	0	496	
7	0	0	0	0	495	
8	0	0	0	0	494	
9	0	0	0	0	494	
10	0	0	0	0	493	
11	0	0	0	0	492	
12	0	0	0	0	492	
13	0	0	0	0	492	
14	0	0	0	0	492	
15	0	0	0	0	493	
0	0	0	0	0	493	
1	0	0	0	0	494	
2	0	0	0	0	494	
3	0	0	0	0	494	
4	0	0	0	0	494	
5	0	0	0	0	494	
6	0	0	0	0	494	
7	0	0	0	0	494	
8	0	0	0	0	494	
9	0	0	0	0	494	
10	0	0	0	0	494	
11	0	0	0	0	494	
12	0	0	0	0	495	
13	0	0	0	0	496	
14	0	0	0	0	496	
15	0	0	0	0	496	
0	0	0	0	0	496	
1	0	0	0	0	496	
2	0	0	0	0	496	
3	0	0	0	0	497	
4	0	0	0	0	497	
5	0	0	0	0	496	
6	0	0	0	0	495	
7	0	0	0	0	492	
8	0	0	0	0	491	
9	0	0	0	0	488	
10	0	0	0	0	487	
11	0	0	0	0	484	
12	0	0	0	0	482	
13	0	0	0	0	481	
14	0	0	0	0	480	
15	0	0	0	0	478	
0	0	0	0	0	474	
1	0	0	0	0	470	
2	0	0	0	0	466	
3	0	0	0	0	463	
4	0	0	0	0	461	
5	0	0	0	0	459	
6	0	0	0	0	456	
7	0	0	0	0	452	
8	0	0	0	0	449	
9	0	0	0	0	446	
10	0	0	0	0	440	
11	0	0	0	0	437	
12	0	0	0	0	435	
13	0	0	0	0	434	
14	0	0	0	0	435	
15	0	0	0	0	440	
0	0	0	0	0	450	
1	0	0	0	0	466	
2	0	0	0	0	486	
3	0	0	0	0	512	
4	0	0	0	0	542	
5	0	0	0	0	579	
6	0	0	0	0	621	
7	0	0	0	0	664	
8	0	0	0	0	708	
9	0	0	0	0	755	
10	0	0	0	0	801	
11	0	0	0	0	846	
12	0	0	0	0	884	
13	0	0	0	0	911	
14	0	0	0	0	928	
15	0	0	0	0	932	
0	0	0	0	0	925	
1	0	0	0	0	909	
2	0	0	0	0	888	
3	0	0	0	0	863	
4	0	0	0	0	836	
5	0	0	0	0	808	
6	0	0	0	0	780	
7	0	0	0	0	758	
8	0	0	0	0	734	
9	0	0	0	0	709	
10	0	0	0	0	684	
11	0	0	0	0	660	
12	0	0	0	0	637	
13	0	0	0	0	616	
14	0	0	0	0	597	
15	0	0	0	0	581	
0	0	0	0	0	567	
1	0	0	0	0	556	
2	0	0	0	0	546	
3	0	0	0	0	537	
4	0	0	0	0	531	
5	0	0	0	0	524	
6	0	0	0	0	518	
7	0	0	0	0	512	
8	0	0	0	0	507	
9	0	0	0	0	502	
10	0	0	0	0	495	
11	0	0	0	0	488	
12	0	0	0	0	481	
13	0	0	0	0	476	
14	0	0	0	0	471	
15	0	0	0	0	467	
0	0	0	0	0	465	
1	0	0	0	0	463	
2	0	0	0	0	460	
3	0	0	0	0	458	
4	0	0	0	0	456	
5	0	0	0	0	455	
6	0	0	0	0	454	
7	0	0	0	0	452	
8	0	0	0	0	451	
9	0	0	0	0	449	
10	0	0	0	0	448	
11	0	0	0	0	447	
12	0	0	0	0	446	
13	0	0	0	0	446	
14	0	0	0	0	446	
15	0	0	0	0	446	
0	0	0	0	0	446	
1	0	0	0	0	446	
2	0	0	0	0	447	
3	0	0	0	0	447	
4	0	0	0	0	447	
5	0	0	0	0	448	
6	0	0	0	0	448	
7	0	0	0	0	448	
8	0	0	0	0	448	
9	0	0	0	0	447	
10	0	0	0	0	446	
11	0	0	0	0	446	
12	0	0	0	0	447	
13	0	0	0	0	447	
14	0	0	0	0	447	
15	0	0	0	0	448	
0	0	0	0	0	448	
1	0	0	0	0	449	
2	0	0	0	0	450	
3	0	0	0	0	451	
4	0	0	0	0	452	
5	0	0	0	0	454	
6	0	0	0	0	455	
7	0	0	0	0	455	
8	0	0	0	0	456	
9	0	0	0	0	457	
10	0	0	0	0	457	
11	0	0	0	0	457	
12	0	0	0	0	457	
13	0	0	0	0	458	
14	0	0	0	0	458	
15	0	0	0	0	459	
0	0	0	0	0	460	
1	0	0	0	0	460	
2	0	0	0	0	462	
3	0	0	0	0	463	
4	0	0	0	0	464	
5	0	0	0	0	465	
6	0	0	0	0	467	
7	0	0	0	0	468	
8	0	0	0	0	468	
9	0	0	0	0	469	
10	0	0	0	0	469	
11	0	0	0	0	469	
12	0	0	0	0	470	
13	0	0	0	0	470	
14	0	0	0	0	471	
15	0	0	0	0	472	
0	0	0	0	0	473	
1	0	0	0	0	473	
2	0	0	0	0	474	
3	0	0	0	0	476	
4	0	0	0	0	477	
5	0	0	0	0	478	
6	0	0	0	0	479	
7	0	0	0	0	479	
8	0	0	0	0	480	
9	0	0	0	0	480	
10	0	0	0	0	480	
11	0	0	0	0	480	
12	0	0	0	0	481	
13	0	0	0	0	481	
14	0	0	0	0	481	
15	0	0	0	0	482	
0	0	0	0	0	483	
1	0	0	0	0	484	
2	0	0	0	0	485	
3	0	0	0	0	486	
4	0	0	0	0	487	
5	0	0	0	0	488	
6	0	0	0	0	489	
7	0	0	0	0	491	
8	0	0	0	0	492	
9	0	0	0	0	492	
10	0	0	0	0	493	
11	0	0	0	0	493	
12	0	0	0	0	493	
13	0	0	0	0	493	
14	0	0	0	0	493	
15	0	0	0	0	493	
0	0	0	0	0	493	
1	0	0	0	0	494	
2	0	0	0	0	494	
3	0	0	0	0	495	
4	0	0	0	0	495	
5	0	0	0	0	496	
6	0	0	0	0	497	
7	0	0	0	0	498	
8	0	0	0	0	499	
9	0	0	0	0	499	
10	0	0	0	0	500	
11	0	0	0	0	500	
12	0	0	0	0	501	
13	0	0	0	0	502	
14	0	0	0	0	502	
15	0	0	0	0	503	
0	0	0	0	0	503	
1	0	0	0	0	504	
2	0	0	0	0	504	
3	0	0	0	0	505	
4	0	0	0	0	507	
5	0	0	0	0	509	
6	0	0	0	0	510	
7	0	0	0	0	512	
8	0	0	0	0	513	
9	0	0	0	0	513	
10	0	0	0	0	513	
11	0	0	0	0	513	
12	0	0	0	0	515	
13	0	0	0	0	515	
14	0	0	0	0	515	
15	0	0	0	0	515	
0	0	0	0	0	516	
1	0	0	0	0	516	
2	0	0	0	0	517	
3	0	0	0	0	517	
4	0	0	0	0	518	
5	0	0	0	0	519	
6	0	0	0	0	519	
7	0	0	0	0	520	
8	0	0	0	0	521	
9	0	0	0	0	522	
10	0	0	0	0	523	
11	0	0	0	0	524	
12	0	0	0	0	524	
13	0	0	0	0	525	
14	0	0	0	0	524	
15	0	0	0	0	524	
0	0	0	0	0	524	
1	0	0	0	0	525	
2	0	0	0	0	525	
3	0	0	0	0	527	
4	0	0	0	0	528	
5	0	0	0	0	528	
6	0	0	0	0	529	
7	0	0	0	0	531	
8	0	0	0	0	532	
9	0	0	0	0	534	
10	0	0	0	0	534	
11	0	0	0	0	535	
12	0	0	0	0	536	
13	0	0	0	0	536	
14	0	0	0	0	536	
15	0	0	0	0	536	
0	0	0	0	0	537	
1	0	0	0	0	537	
2	0	0	0	0	537	
3	0	0	0	0	538	
4	0	0	0	0	539	
5	0	0	0	0	540	
6	0	0	0	0	540	
7	0	0	0	0	542	
8	0	0	0	0	543	
9	0	0	0	0	544	
10	0	0	0	0	545	
11	0	0	0	0	545	
12	0	0	0	0	545	
13	0	0	0	0	545	
14	0	0	0	0	545	
15	0	0	0	0	545	
0	0	0	0	0	544	
1	0	0	0	0	544	
2	0	0	0	0	544	
3	0	0	0	0	543	
4	0	0	0	0	543	
5	0	0	0	0	543	
6	0	0	0	0	544	
7	0	0	0	0	545	
8	0	0	0	0	545	
9	0	0	0	0	546	
10	0	0	0	0	545	
11	0	0	0	0	545	
12	0	0	0	0	545	
13	0	0	0	0	545	
14	0	0	0	0	545	
15	0	0	0	0	546	
0	0	0	0	0	546	
1	0	0	0	0	546	
2	0	0	0	0	545	
3	0	0	0	0	545	
4	0	0	0	0	546	
5	0	0	0	0	546	
6	0	0	0	0	546	
7	0	0	0	0	547	
8	0	0	0	0	547	
9	0	0	0	0	546	
10	0	0	0	0	546	
11	0	0	0	0	546	
12	0	0	0	0	544	
13	0	0	0	0	544	
14	0	0	0	0	543	
15	0	0	0	0	543	
0	0	0	0	0	542	
1	0	0	0	0	541	
2	0	0	0	0	540	
3	0	0	0	0	539	
4	0	0	0	0	537	
5	0	0	0	0	536	
6	0	0	0	0	534	
7	0	0	0	0	533	
8	0	0	0	0	532	
9	0	0	0	0	531	
10	0	0	0	0	529	
11	0	0	0	0	527	
12	0	0	0	0	526	
13	0	0	0	0	524	
14	0	0	0	0	522	
15	0	0	0	0	520	
0	0	0	0	0	518	
1	0	0	0	0	516	
2	0	0	0	0	515	
3	0	0	0	0	513	
4	0	0	0	0	511	
5	0	0	0	0	509	
6	0	0	0	0	507	
7	0	0	0	0	504	
8	0	0	0	0	503	
9	0	0	0	0	501	
10	0	0	0	0	499	
11	0	0	0	0	497	
12	0	0	0	0	495	
13	0	0	0	0	493	
14	0	0	0	0	492	
15	0	0	0	0	490	
0	0	0	0	0	489	
1	0	0	0	0	488	
2	0	0	0	0	487	
3	0	0	0	0	486	
4	0	0	0	0	484	
5	0	0	0	0	481	
6	0	0	0	0	480	
7	0	0	0	0	480	
8	0	0	0	0	479	
9	0	0	0	0	479	
10	0	0	0	0	479	
11	0	0	0	0	479	
12	0	0	0	0	478	
13	0	0	0	0	478	
14	0	0	0	0	477	
15	0	0	0	0	476	
0	0	0	0	0	476	
1	0	0	0	0	476	
2	0	0	0	0	475	
3	0	0	0	0	474	
4	0	0	0	0	473	
5	0	0	0	0	472	
6	0	0	0	0	471	
7	0	0	0	0	471	
8	0	0	0	0	471	
9	0	0	0	0	472	
10	0	0	0	0	472	
11	0	0	0	0	472	
12	0	0	0	0	473	
13	0	0	0	0	473	
14	0	0	0	0	474	
15	0	0	0	0	473	
0	0	0	0	0	473	
1	0	0	0	0	474	
2	0	0	0	0	474	
3	0	0	0	0	474	
4	0	0	0	0	473	
5	0	0	0	0	472	
6	0	0	0	0	472	
7	0	0	0	0	473	
8	0	0	0	0	473	
9	0	0	0	0	475	
10	0	0	0	0	474	
11	0	0	0	0	475	
12	0	0	0	0	476	
13	0	0	0	0	476	
14	0	0	0	0	478	
15	0	0	0	0	478	
0	0	0	0	0	479	
1	0	0	0	0	478	
2	0	0	0	0	478	
3	0	0	0	0	478	
4	0	0	0	0	478	
5	0	0	0	0	478	
6	0	0	0	0	478	
7	0	0	0	0	478	
8	0	0	0	0	478	
9	0	0	0	0	478	
10	0	0	0	0	479	
11	0	0	0	0	479	
12	0	0	0	0	480	
13	0	0	0	0	481	
14	0	0	0	0	482	
15	0	0	0	0	482	
0	0	0	0	0	482	
1	0	0	0	0	483	
2	0	0	0	0	484	
3	0	0	0	0	484	
4	0	0	0	0	484	
5	0	0	0	0	484	
6	0	0	0	0	484	
7	0	0	0	0	483	
8	0	0	0	0	483	
9	0	0	0	0	484	
10	0	0	0	0	485	
11	0	0	0	0	486	
12	0	0	0	0	487	
13	0	0	0	0	487	
14	0	0	0	0	487	
15	0	0	0	0	487	
0	0	0	0	0	487	
1	0	0	0	0	487	
2	0	0	0	0	487	
3	0	0	0	0	488	
4	0	0	0	0	488	
5	0	0	0	0	488	
6	0	0	0	0	488	
7	0	0	0	0	488	
8	0	0	0	0	488	
9	0	0	0	0	487	
10	0	0	0	0	488	
11	0	0	0	0	487	
12	0	0	0	0	488	
13	0	0	0	0	489	
14	0	0	0	0	490	
15	0	0	0	0	490	
0	0	0	0	0	492	
1	0	0	0	0	493	
2	0	0	0	0	494	
3	0	0	0	0	495	
4	0	0	0	0	495	
5	0	0	0	0	495	
6	0	0	0	0	495	
7	0	0	0	0	495	
8	0	0	0	0	494	
9	0	0	0	0	493	
10	0	0	0	0	493	
11	0	0	0	0	494	
12	0	0	0	0	494	
13	0	0	0	0	495	
14	0	0	0	0	496	
15	0	0	0	0	496	
0	0	0	0	0	496	
1	0	0	0	0	496	
2	0	0	0	0	496	
3	0	0	0	0	496	
4	0	0	0	0	497	
5	0	0	0	0	496	
6	0	0	0	0	496	
7	0	0	0	0	496	
8	0	0	0	0	496	
9	0	0	0	0	497	
10	0	0	0	0	497	
11	0	0	0	0	497	
12	0	0	0	0	497	
13	0	0	0	0	497	
14	0	0	0	0	497	
15	0	0	0	0	497	
0	0	0	0	0	497	
1	0	0	0	0	497	
2	0	0	0	0	497	
3	0	0	0	0	498	
4	0	0	0	0	499	
5	0	0	0	0	500	
6	0	0	0	0	500	
7	0	0	0	0	500	
8	0	0	0	0	500	
9	0	0	0	0	500	
10	0	0	0	0	499	
11	0	0	0	0	499	
12	0	0	0	0	499	
13	0	0	0	0	498	
14	0	0	0	0	499	
15	0	0	0	0	500	
0	0	0	0	0	500	
1	0	0	0	0	501	
2	0	0	0	0	501	
3	0	0	0	0	500	
4	0	0	0	0	500	
5	0	0	0	0	501	
6	0	0	0	0	501	
7	0	0	0	0	500	
8	0	0	0	0	500	
9	0	0	0	0	500	
10	0	0	0	0	500	
11	0	0	0	0	500	
12	0	0	0	0	500	
13	0	0	0	0	499	
14	0	0	0	0	499	
15	0	0	0	0	499	
0	0	0	0	0	499	
1	0	0	0	0	499	
2	0	0	0	0	500	
3	0	0	0	0	501	
4	0	0	0	0	501	
5	0	0	0	0	502	
6	0	0	0	0	502	
7	0	0	0	0	501	
8	0	0	0	0	501	
9	0	0	0	0	501	
10	0	0	0	0	501	
11	0	0	0	0	501	
12	0	0	0	0	500	
13	0	0	0	0	500	
14	0	0	0	0	500	
15	0	0	0	0	501	
0	0	0	0	0	501	
1	0	0	0	0	502	
2	0	0	0	0	503	
3	0	0	0	0	504	
4	0	0	0	0	504	
5	0	0	0	0	504	
6	0	0	0	0	503	
7	0	0	0	0	504	
8	0	0	0	0	503	
9	0	0	0	0	502	
10	0	0	0	0	501	
11	0	0	0	0	501	
12	0	0	0	0	500	
13	0	0	0	0	500	
14	0	0	0	0	501	
15	0	0	0	0	501	
0	0	0	0	0	502	
1	0	0	0	0	503	
2	0	0	0	0	503	
3	0	0	0	0	503	
4	0	0	0	0	504	
5	0	0	0	0	504	
6	0	0	0	0	504	
7	0	0	0	0	505	
8	0	0	0	0	505	
9	0	0	0	0	505	
10	0	0	0	0	505	
11	0	0	0	0	504	
12	0	0	0	0	503	
13	0	0	0	0	503	
14	0	0	0	0	502	
15	0	0	0	0	502	
0	0	0	0	0	502	
1	0	0	0	0	502	
2	0	0	0	0	503	
3	0	0	0	0	504	
4	0	0	0	0	504	
5	0	0	0	0	506	
6	0	0	0	0	507	
7	0	0	0	0	507	
8	0	0	0	0	507	
9	0	0	0	0	506	
10	0	0	0	0	505	
11	0	0	0	0	504	
12	0	0	0	0	504	
13	0	0	0	0	504	
14	0	0	0	0	504	
15	0	0	0	0	504	
0	0	0	0	0	504	
1	0	0	0	0	505	
2	0	0	0	0	505	
3	0	0	0	0	505	
4	0	0	0	0	506	
5	0	0	0	0	505	
6	0	0	0	0	505	
7	0	0	0	0	505	
8	0	0	0	0	505	
9	0	0	0	0	505	
10	0	0	0	0	506	
11	0	0	0	0	507	
12	0	0	0	0	506	
13	0	0	0	0	506	
14	0	0	0	0	506	
15	0	0	0	0	506	
0	0	0	0	0	505	
1	0	0	0	0	505	
2	0	0	0	0	504	
3	0	0	0	0	505	
4	0	0	0	0	505	
5	0	0	0	0	506	
6	0	0	0	0	506	
7	0	0	0	0	505	
8	0	0	0	0	506	
9	0	0	0	0	505	
10	0	0	0	0	505	
11	0	0	0	0	504	
12	0	0	0	0	504	
13	0	0	0	0	504	
14	0	0	0	0	504	
15	0	0	0	0	504	
0	0	0	0	0	504	
1	0	0	0	0	505	
2	0	0	0	0	505	
3	0	0	0	0	506	
4	0	0	0	0	507	
5	0	0	0	0	507	
6	0	0	0	0	507	
7	0	0	0	0	508	
8	0	0	0	0	508	
9	0	0	0	0	508	
10	0	0	0	0	510	
11	0	0	0	0	509	
12	0	0	0	0	510	
13	0	0	0	0	510	
14	0	0	0	0	511	
15	0	0	0	0	512	
0	0	0	0	0	513	
1	0	0	0	0	514	
2	0	0	0	0	515	
3	0	0	0	0	516	
4	0	0	0	0	516	
5	0	0	0	0	518	
6	0	0	0	0	518	
7	0	0	0	0	518	
8	0	0	0	0	518	
9	0	0	0	0	519	
10	0	0	0	0	519	
11	0	0	0	0	519	
12	0	0	0	0	521	
13	0	0	0	0	523	
14	0	0	0	0	524	
15	0	0	0	0	526	
0	0	0	0	0	527	
1	0	0	0	0	528	
2	0	0	0	0	529	
3	0	0	0	0	531	
4	0	0	0	0	532	
5	0	0	0	0	535	
6	0	0	0	0	540	
7	0	0	0	0	543	
8	0	0	0	0	546	
9	0	0	0	0	548	
10	0	0	0	0	550	
11	0	0	0	0	550	
12	0	0	0	0	550	
13	0	0	0	0	550	
14	0	0	0	0	548	
15	0	0	0	0	546	
0	0	0	0	0	543	
1	0	0	0	0	540	
2	0	0	0	0	538	
3	0	0	0	0	536	
4	0	0	0	0	534	
5	0	0	0	0	533	
6	0	0	0	0	532	
7	0	0	0	0	530	
8	0	0	0	0	527	
9	0	0	0	0	526	
10	0	0	0	0	525	
11	0	0	0	0	524	
12	0	0	0	0	523	
13	0	0	0	0	522	
14	0	0	0	0	520	
15	0	0	0	0	518	
0	0	0	0	0	516	
1	0	0	0	0	514	
2	0	0	0	0	513	
3	0	0	0	0	512	
4	0	0	0	0	511	
5	0	0	0	0	510	
6	0	0	0	0	510	
7	0	0	0	0	509	
8	0	0	0	0	508	
9	0	0	0	0	505	
10	0	0	0	0	504	
11	0	0	0	0	504	
12	0	0	0	0	504	
13	0	0	0	0	502	
14	0	0	0	0	501	
15	0	0	0	0	500	
0	0	0	0	0	499	
1	0	0	0	0	497	
2	0	0	0	0	497	
3	0	0	0	0	497	
4	0	0	0	0	498	
5	0	0	0	0	497	
6	0	0	0	0	497	
7	0	0	0	0	497	
8	0	0	0	0	496	
9	0	0	0	0	496	
10	0	0	0	0	495	
11	0	0	0	0	495	
12	0	0	0	0	494	
13	0	0	0	0	493	
14	0	0	0	0	492	
15	0	0	0	0	492	
0	0	0	0	0	491	
1	0	0	0	0	490	
2	0	0	0	0	489	
3	0	0	0	0	489	
4	0	0	0	0	488	
5	0	0	0	0	488	
6	0	0	0	0	488	
7	0	0	0	0	488	
8	0	0	0	0	489	
9	0	0	0	0	489	
10	0	0	0	0	488	
11	0	0	0	0	488	
12	0	0	0	0	488	
13	0	0	0	0	489	
14	0	0	0	0	489	
15	0	0	0	0	490	
0	0	0	0	0	491	
1	0	0	0	0	492	
2	0	0	0	0	492	
3	0	0	0	0	491	
4	0	0	0	0	491	
5	0	0	0	0	491	
6	0	0	0	0	491	
7	0	0	0	0	491	
8	0	0	0	0	491	
9	0	0	0	0	492	
10	0	0	0	0	493	
11	0	0	0	0	494	
12	0	0	0	0	494	
13	0	0	0	0	493	
14	0	0	0	0	492	
15	0	0	0	0	491	
0	0	0	0	0	489	
1	0	0	0	0	486	
2	0	0	0	0	483	
3	0	0	0	0	481	
4	0	0	0	0	480	
5	0	0	0	0	478	
6	0	0	0	0	477	
7	0	0	0	0	475	
8	0	0	0	0	472	
9	0	0	0	0	467	
10	0	0	0	0	463	
11	0	0	0	0	460	
12	0	0	0	0	458	
13	0	0	0	0	455	
14	0	0	0	0	454	
15	0	0	0	0	452	
0	0	0	0	0	449	
1	0	0	0	0	446	
2	0	0	0	0	442	
3	0	0	0	0	438	
4	0	0	0	0	435	
5	0	0	0	0	432	
6	0	0	0	0	431	
7	0	0	0	0	432	
8	0	0	0	0	438	
9	0	0	0	0	448	
10	0	0	0	0	463	
11	0	0	0	0	483	
12	0	0	0	0	510	
13	0	0	0	0	541	
14	0	0	0	0	579	
15	0	0	0	0	622	
0	0	0	0	0	666	
1	0	0	0	0	710	
2	0	0	0	0	755	
3	0	0	0	0	800	
4	0	0	0	0	844	
5	0	0	0	0	880	
6	0	0	0	0	904	
7	0	0	0	0	919	
8	0	0	0	0	921	
9	0	0	0	0	912	
10	0	0	0	0	895	
11	0	0	0	0	872	
12	0	0	0	0	847	
13	0	0	0	0	819	
14	0	0	0	0	791	
15	0	0	0	0	765	
0	0	0	0	0	743	
1	0	0	0	0	719	
2	0	0	0	0	696	
3	0	0	0	0	670	
4	0	0	0	0	647	
5	0	0	0	0	623	
6	0	0	0	0	603	
7	0	0	0	0	584	
8	0	0	0	0	568	
9	0	0	0	0	555	
10	0	0	0	0	543	
11	0	0	0	0	533	
12	0	0	0	0	526	
13	0	0	0	0	519	
14	0	0	0	0	515	
15	0	0	0	0	510	
0	0	0	0	0	506	
1	0	0	0	0	502	
2	0	0	0	0	496	
3	0	0	0	0	488	
4	0	0	0	0	481	
5	0	0	0	0	475	
6	0	0	0	0	470	
7	0	0	0	0	464	
8	0	0	0	0	461	
9	0	0	0	0	458	
10	0	0	0	0	455	
11	0	0	0	0	453	
12	0	0	0	0	451	
13	0	0	0	0	451	
14	0	0	0	0	451	
15	0	0	0	0	450	
0	0	0	0	0	450	
1	0	0	0	0	449	
2	0	0	0	0	448	
3	0	0	0	0	448	
4	0	0	0	0	447	
5	0	0	0	0	446	
6	0	0	0	0	446	
7	0	0	0	0	445	
8	0	0	0	0	444	
9	0	0	0	0	444	
10	0	0	0	0	444	
11	0	0	0	0	445	
12	0	0	0	0	445	
13	0	0	0	0	445	
14	0	0	0	0	446	
15	0	0	0	0	446	
0	0	0	0	0	446	
1	0	0	0	0	446	
2	0	0	0	0	446	
3	0	0	0	0	447	
4	0	0	0	0	448	
5	0	0	0	0	448	
6	0	0	0	0	448	
7	0	0	0	0	448	
8	0	0	0	0	448	
9	0	0	0	0	448	
10	0	0	0	0	449	
11	0	0	0	0	450	
12	0	0	0	0	451	
13	0	0	0	0	451	
14	0	0	0	0	453	
15	0	0	0	0	454	
0	0	0	0	0	455	
1	0	0	0	0	455	
2	0	0	0	0	456	
3	0	0	0	0	457	
4	0	0	0	0	457	
5	0	0	0	0	458	
6	0	0	0	0	458	
7	0	0	0	0	459	
8	0	0	0	0	460	
9	0	0	0	0	460	
10	0	0	0	0	461	
11	0	0	0	0	462	
12	0	0	0	0	463	
13	0	0	0	0	463	
14	0	0	0	0	465	
15	0	0	0	0	465	
0	0	0	0	0	466	
1	0	0	0	0	467	
2	0	0	0	0	469	
3	0	0	0	0	470	
4	0	0	0	0	471	
5	0	0	0	0	472	
6	0	0	0	0	472	
7	0	0	0	0	472	
8	0	0	0	0	474	
9	0	0	0	0	474	
10	0	0	0	0	474	
11	0	0	0	0	475	
12	0	0	0	0	476	
13	0	0	0	0	476	
14	0	0	0	0	477	
15	0	0	0	0	479	
0	0	0	0	0	480	
1	0	0	0	0	483	
2	0	0	0	0	483	
3	0	0	0	0	484	
4	0	0	0	0	484	
5	0	0	0	0	484	
6	0	0	0	0	485	
7	0	0	0	0	485	
8	0	0	0	0	485	
9	0	0	0	0	486	
10	0	0	0	0	486	
11	0	0	0	0	487	
12	0	0	0	0	487	
13	0	0	0	0	488	
14	0	0	0	0	489	
15	0	0	0	0	491	
0	0	0	0	0	492	
1	0	0	0	0	492	
2	0	0	0	0	494	
3	0	0	0	0	494	
4	0	0	0	0	495	
5	0	0	0	0	496	
6	0	0	0	0	496	
7	0	0	0	0	497	
8	0	0	0	0	497	
9	0	0	0	0	497	
10	0	0	0	0	498	
11	0	0	0	0	498	
12	0	0	0	0	497	
13	0	0	0	0	497	
14	0	0	0	0	499	
15	0	0	0	0	499	
0	0	0	0	0	501	
1	0	0	0	0	502	
2	0	0	0	0	503	
3	0	0	0	0	504	
4	0	0	0	0	505	
5	0	0	0	0	505	
6	0	0	0	0	505	
7	0	0	0	0	505	
8	0	0	0	0	507	
9	0	0	0	0	507	
10	0	0	0	0	508	
11	0	0	0	0	508	
12	0	0	0	0	508	
13	0	0	0	0	508	
14	0	0	0	0	509	
15	0	0	0	0	510	
0	0	0	0	0	510	
1	0	0	0	0	511	
2	0	0	0	0	512	
3	0	0	0	0	514	
4	0	0	0	0	515	
5	0	0	0	0	515	
6	0	0	0	0	516	
7	0	0	0	0	517	
8	0	0	0	0	518	
9	0	0	0	0	519	
10	0	0	0	0	518	
11	0	0	0	0	517	
12	0	0	0	0	518	
13	0	0	0	0	518	
14	0	0	0	0	519	
15	0	0	0	0	519	
0	0	0	0	0	520	
1	0	0	0	0	521	
2	0	0	0	0	522	
3	0	0	0	0	524	
4	0	0	0	0	525	
5	0	0	0	0	525	
6	0	0	0	0	526	
7	0	0	0	0	526	
8	0	0	0	0	527	
9	0	0	0	0	527	
10	0	0	0	0	528	
11	0	0	0	0	529	
12	0	0	0	0	530	
13	0	0	0	0	530	
14	0	0	0	0	530	
15	0	0	0	0	531	
0	0	0	0	0	531	
1	0	0	0	0	532	
2	0	0	0	0	533	
3	0	0	0	0	534	
4	0	0	0	0	535	
5	0	0	0	0	536	
6	0	0	0	0	536	
7	0	0	0	0	536	
8	0	0	0	0	537	
9	0	0	0	0	537	
10	0	0	0	0	537	
11	0	0	0	0	537	
12	0	0	0	0	537	
13	0	0	0	0	537	
14	0	0	0	0	538	
15	0	0	0	0	538	
0	0	0	0	0	539	
1	0	0	0	0	539	
2	0	0	0	0	540	
3	0	0	0	0	541	
4	0	0	0	0	541	
5	0	0	0	0	542	
6	0	0	0	0	542	
7	0	0	0	0	543	
8	0	0	0	0	543	
9	0	0	0	0	543	
10	0	0	0	0	543	
11	0	0	0	0	543	
12	0	0	0	0	542	
13	0	0	0	0	543	
14	0	0	0	0	543	
15	0	0	0	0	543	
0	0	0	0	0	543	
1	0	0	0	0	543	
2	0	0	0	0	543	
3	0	0	0	0	544	
4	0	0	0	0	543	
5	0	0	0	0	543	
6	0	0	0	0	543	
7	0	0	0	0	543	
8	0	0	0	0	544	
9	0	0	0	0	544	
10	0	0	0	0	544	
11	0	0	0	0	543	
12	0	0	0	0	542	
13	0	0	0	0	542	
14	0	0	0	0	542	
15	0	0	0	0	542	
0	0	0	0	0	542	
1	0	0	0	0	542	
2	0	0	0	0	542	
3	0	0	0	0	542	
4	0	0	0	0	541	
5	0	0	0	0	541	
6	0	0	0	0	540	
7	0	0	0	0	540	
8	0	0	0	0	540	
9	0	0	0	0	539	
10	0	0	0	0	538	
11	0	0	0	0	536	
12	0	0	0	0	535	
13	0	0	0	0	532	
14	0	0	0	0	531	
15	0	0	0	0	529	
0	0	0	0	0	527	
1	0	0	0	0	525	
2	0	0	0	0	523	
3	0	0	0	0	522	
4	0	0	0	0	520	
5	0	0	0	0	518	
6	0	0	0	0	518	
7	0	0	0	0	515	
8	0	0	0	0	513	
9	0	0	0	0	512	
10	0	0	0	0	510	
11	0	0	0	0	508	
12	0	0	0	0	506	
13	0	0	0	0	504	
14	0	0	0	0	502	
15	0	0	0	0	499	
0	0	0	0	0	497	
1	0	0	0	0	496	
2	0	0	0	0	494	
3	0	0	0	0	492	
4	0	0	0	0	491	
5	0	0	0	0	490	
6	0	0	0	0	488	
7	0	0	0	0	487	
8	0	0	0	0	487	
9	0	0	0	0	486	
10	0	0	0	0	485	
11	0	0	0	0	484	
12	0	0	0	0	483	
13	0	0	0	0	482	
14	0	0	0	0	480	
15	0	0	0	0	480	
0	0	0	0	0	479	
1	0	0	0	0	478	
2	0	0	0	0	477	
3	0	0	0	0	476	
4	0	0	0	0	476	
5	0	0	0	0	476	
6	0	0	0	0	475	
7	0	0	0	0	476	
8	0	0	0	0	476	
9	0	0	0	0	476	
10	0	0	0	0	475	
11	0	0	0	0	475	
12	0	0	0	0	474	
13	0	0	0	0	474	
14	0	0	0	0	473	
15	0	0	0	0	472	
0	0	0	0	0	472	
1	0	0	0	0	471	
2	0	0	0	0	470	
3	0	0	0	0	470	
4	0	0	0	0	470	
5	0	0	0	0	470	
6	0	0	0	0	469	
7	0	0	0	0	470	
8	0	0	0	0	471	
9	0	0	0	0	471	
10	0	0	0	0	472	
11	0	0	0	0	472	
12	0	0	0	0	472	
13	0	0	0	0	472	
14	0	0	0	0	472	
15	0	0	0	0	472	
0	0	0	0	0	472	
1	0	0	0	0	472	
2	0	0	0	0	472	
3	0	0	0	0	473	
4	0	0	0	0	473	
5	0	0	0	0	473	
6	0	0	0	0	473	
7	0	0	0	0	475	
8	0	0	0	0	476	
9	0	0	0	0	476	
10	0	0	0	0	478	
11	0	0	0	0	479	
12	0	0	0	0	479	
13	0	0	0	0	480	
14	0	0	0	0	480	
15	0	0	0	0	481	
0	0	0	0	0	481	
1	0	0	0	0	481	
2	0	0	0	0	481	
3	0	0	0	0	481	
4	0	0	0	0	482	
5	0	0	0	0	482	
6	0	0	0	0	482	
7	0	0	0	0	483	
8	0	0	0	0	483	
9	0	0	0	0	484	
10	0	0	0	0	484	
11	0	0	0	0	485	
12	0	0	0	0	486	
13	0	0	0	0	486	
14	0	0	0	0	486	
15	0	0	0	0	486	
0	0	0	0	0	487	
1	0	0	0	0	488	
2	0	0	0	0	487	
3	0	0	0	0	487	
4	0	0	0	0	488	
5	0	0	0	0	488	
6	0	0	0	0	488	
7	0	0	0	0	488	
8	0	0	0	0	487	
9	0	0	0	0	488	
10	0	0	0	0	489	
11	0	0	0	0	490	
12	0	0	0	0	491	
13	0	0	0	0	492	
14	0	0	0	0	492	
15	0	0	0	0	492	
0	0	0	0	0	492	
1	0	0	0	0	491	
2	0	0	0	0	491	
3	0	0	0	0	492	
4	0	0	0	0	492	
5	0	0	0	0	492	
6	0	0	0	0	492	
7	0	0	0	0	493	
8	0	0	0	0	493	
9	0	0	0	0	494	
10	0	0	0	0	494	
11	0	0	0	0	495	
12	0	0	0	0	496	
13	0	0	0	0	496	
14	0	0	0	0	496	
15	0	0	0	0	496	
0	0	0	0	0	496	
1	0	0	0	0	495	
2	0	0	0	0	494	
3	0	0	0	0	495	
4	0	0	0	0	495	
5	0	0	0	0	494	
6	0	0	0	0	494	
7	0	0	0	0	494	
8	0	0	0	0	494	
9	0	0	0	0	495	
10	0	0	0	0	496	
11	0	0	0	0	497	
12	0	0	0	0	498	
13	0	0	0	0	499	
14	0	0	0	0	499	
15	0	0	0	0	499	
0	0	0	0	0	498	
1	0	0	0	0	499	
2	0	0	0	0	498	
3	0	0	0	0	498	
4	0	0	0	0	498	
5	0	0	0	0	499	
6	0	0	0	0	499	
7	0	0	0	0	499	
8	0	0	0	0	499	
9	0	0	0	0	500	
10	0	0	0	0	500	
11	0	0	0	0	500	
12	0	0	0	0	500	
13	0	0	0	0	500	
14	0	0	0	0	501	
15	0	0	0	0	501	
0	0	0	0	0	500	
1	0	0	0	0	501	
2	0	0	0	0	500	
3	0	0	0	0	500	
4	0	0	0	0	499	
5	0	0	0	0	499	
6	0	0	0	0	499	
7	0	0	0	0	499	
8	0	0	0	0	499	
9	0	0	0	0	500	
10	0	0	0	0	501	
11	0	0	0	0	502	
12	0	0	0	0	502	
13	0	0	0	0	503	
14	0	0	0	0	503	
15	0	0	0	0	503	
0	0	0	0	0	504	
1	0	0	0	0	504	
2	0	0	0	0	504	
3	0	0	0	0	503	
4	0	0	0	0	502	
5	0	0	0	0	502	
6	0	0	0	0	502	
7	0	0	0	0	502	
8	0	0	0	0	501	
9	0	0	0	0	500	
10	0	0	0	0	501	
11	0	0	0	0	501	
12	0	0	0	0	502	
13	0	0	0	0	503	
14	0	0	0	0	503	
15	0	0	0	0	503	
0	0	0	0	0	504	
1	0	0	0	0	504	
2	0	0	0	0	503	
3	0	0	0	0	503	
4	0	0	0	0	503	
5	0	0	0	0	503	
6	0	0	0	0	503	
7	0	0	0	0	502	
8	0	0	0	0	502	
9	0	0	0	0	502	
10	0	0	0	0	503	
11	0	0	0	0	504	
12	0	0	0	0	504	
13	0	0	0	0	505	
14	0	0	0	0	506	
15	0	0	0	0	505	
0	0	0	0	0	506	
1	0	0	0	0	506	
2	0	0	0	0	506	
3	0	0	0	0	506	
4	0	0	0	0	506	
5	0	0	0	0	505	
6	0	0	0	0	505	
7	0	0	0	0	506	
8	0	0	0	0	507	
9	0	0	0	0	507	
10	0	0	0	0	507	
11	0	0	0	0	506	
12	0	0	0	0	507	
13	0	0	0	0	508	
14	0	0	0	0	508	
15	0	0	0	0	508	
0	0	0	0	0	508	
1	0	0	0	0	508	
2	0	0	0	0	508	
3	0	0	0	0	508	
4	0	0	0	0	508	
5	0	0	0	0	508	
6	0	0	0	0	507	
7	0	0	0	0	507	
8	0	0	0	0	505	
9	0	0	0	0	506	
10	0	0	0	0	505	
11	0	0	0	0	505	
12	0	0	0	0	505	
13	0	0	0	0	505	
14	0	0	0	0	506	
15	0	0	0	0	507	
0	0	0	0	0	507	
1	0	0	0	0	507	
2	0	0	0	0	507	
3	0	0	0	0	508	
4	0	0	0	0	508	
5	0	0	0	0	509	
6	0	0	0	0	509	
7	0	0	0	0	508	
8	0	0	0	0	507	
9	0	0	0	0	507	
10	0	0	0	0	507	
11	0	0	0	0	507	
12	0	0	0	0	507	
13	0	0	0	0	507	
14	0	0	0	0	507	
15	0	0	0	0	508	
0	0	0	0	0	509	
1	0	0	0	0	509	
2	0	0	0	0	510	
3	0	0	0	0	512	
4	0	0	0	0	512	
5	0	0	0	0	513	
6	0	0	0	0	514	
7	0	0	0	0	514	
8	0	0	0	0	515	
9	0	0	0	0	515	
10	0	0	0	0	516	
11	0	0	0	0	517	
12	0	0	0	0	518	
13	0	0	0	0	518	
14	0	0	0	0	518	
15	0	0	0	0	519	
0	0	0	0	0	520	
1	0	0	0	0	521	
2	0	0	0	0	523	
3	0	0	0	0	524	
4	0	0	0	0	527	
5	0	0	0	0	528	
6	0	0	0	0	530	
7	0	0	0	0	531	
8	0	0	0	0	532	
9	0	0	0	0	534	
10	0	0	0	0	534	
11	0	0	0	0	536	
12	0	0	0	0	538	
13	0	0	0	0	541	
14	0	0	0	0	544	
15	0	0	0	0	546	
0	0	0	0	0	547	
1	0	0	0	0	547	
2	0	0	0	0	547	
3	0	0	0	0	547	
4	0	0	0	0	547	
5	0	0	0	0	547	
6	0	0	0	0	545	
7	0	0	0	0	543	
8	0	0	0	0	541	
9	0	0	0	0	539	
10	0	0	0	0	536	
11	0	0	0	0	534	
12	0	0	0	0	531	
13	0	0	0	0	530	
14	0	0	0	0	528	
15	0	0	0	0	526	
0	0	0	0	0	524	
1	0	0	0	0	521	
2	0	0	0	0	520	
3	0	0	0	0	521	
4	0	0	0	0	521	
5	0	0	0	0	520	
6	0	0	0	0	519	
7	0	0	0	0	518	
8	0	0	0	0	516	
9	0	0	0	0	515	
10	0	0	0	0	513	
11	0	0	0	0	512	
12	0	0	0	0	512	
13	0	0	0	0	511	
14	0	0	0	0	510	
15	0	0	0	0	508	
0	0	0	0	0	507	
1	0	0	0	0	505	
2	0	0	0	0	504	
3	0	0	0	0	504	
4	0	0	0	0	504	
5	0	0	0	0	504	
6	0	0	0	0	504	
7	0	0	0	0	503	
8	0	0	0	0	502	
9	0	0	0	0	502	
10	0	0	0	0	502	
11	0	0	0	0	501	
12	0	0	0	0	501	
13	0	0	0	0	500	
14	0	0	0	0	499	
15	0	0	0	0	497	
0	0	0	0	0	497	
1	0	0	0	0	496	
2	0	0	0	0	496	
3	0	0	0	0	495	
4	0	0	0	0	495	
5	0	0	0	0	494	
6	0	0	0	0	493	
7	0	0	0	0	494	
8	0	0	0	0	494	
9	0	0	0	0	493	
10	0	0	0	0	493	
11	0	0	0	0	492	
12	0	0	0	0	491	
13	0	0	0	0	491	
14	0	0	0	0	491	
15	0	0	0	0	491	
0	0	0	0	0	491	
1	0	0	0	0	492	
2	0	0	0	0	492	
3	0	0	0	0	492	
4	0	0	0	0	493	
5	0	0	0	0	494	
6	0	0	0	0	494	
7	0	0	0	0	495	
8	0	0	0	0	495	
9	0	0	0	0	495	
10	0	0	0	0	495	
11	0	0	0	0	495	
12	0	0	0	0	496	
13	0	0	0	0	496	
14	0	0	0	0	496	
15	0	0	0	0	497	
0	0	0	0	0	497	
1	0	0	0	0	497	
2	0	0	0	0	498	
3	0	0	0	0	499	
4	0	0	0	0	499	
5	0	0	0	0	500	
6	0	0	0	0	499	
7	0	0	0	0	498	
8	0	0	0	0	496	
9	0	0	0	0	494	
10	0	0	0	0	492	
11	0	0	0	0	490	
12	0	0	0	0	487	
13	0	0	0	0	486	
14	0	0	0	0	483	
15	0	0	0	0	482	
0	0	0	0	0	478	
1	0	0	0	0	475	
2	0	0	0	0	472	
3	0	0	0	0	470	
4	0	0	0	0	468	
5	0	0	0	0	467	
6	0	0	0	0	465	
7	0	0	0	0	463	
8	0	0	0	0	460	
9	0	0	0	0	457	
10	0	0	0	0	454	
11	0	0	0	0	450	
12	0	0	0	0	447	
13	0	0	0	0	445	
14	0	0	0	0	444	
15	0	0	0	0	447	
0	0	0	0	0	452	
1	0	0	0	0	463	
2	0	0	0	0	478	
3	0	0	0	0	499	
4	0	0	0	0	526	
5	0	0	0	0	559	
6	0	0	0	0	598	
7	0	0	0	0	642	
8	0	0	0	0	687	
9	0	0	0	0	732	
10	0	0	0	0	777	
11	0	0	0	0	822	
12	0	0	0	0	863	
13	0	0	0	0	895	
14	0	0	0	0	915	
15	0	0	0	0	925	
0	0	0	0	0	923	
1	0	0	0	0	909	
2	0	0	0	0	890	
3	0	0	0	0	866	
4	0	0	0	0	840	
5	0	0	0	0	813	
6	0	0	0	0	787	
7	0	0	0	0	764	
8	0	0	0	0	744	
9	0	0	0	0	723	
10	0	0	0	0	699	
11	0	0	0	0	676	
12	0	0	0	0	655	
13	0	0	0	0	635	
14	0	0	0	0	615	
15	0	0	0	0	598	
0	0	0	0	0	582	
1	0	0	0	0	567	
2	0	0	0	0	556	
3	0	0	0	0	545	
4	0	0	0	0	536	
5	0	0	0	0	528	
6	0	0	0	0	522	
7	0	0	0	0	517	
8	0	0	0	0	512	
9	0	0	0	0	506	
10	0	0	0	0	498	
11	0	0	0	0	490	
12	0	0	0	0	482	
13	0	0	0	0	475	
14	0	0	0	0	470	
15	0	0	0	0	464	
0	0	0	0	0	461	
1	0	0	0	0	458	
2	0	0	0	0	455	
3	0	0	0	0	453	
4	0	0	0	0	450	
5	0	0	0	0	449	
6	0	0	0	0	449	
7	0	0	0	0	448	
8	0	0	0	0	447	
9	0	0	0	0	447	
10	0	0	0	0	447	
11	0	0	0	0	446	
12	0	0	0	0	446	
13	0	0	0	0	446	
14	0	0	0	0	446	
15	0	0	0	0	445	
0	0	0	0	0	445	
1	0	0	0	0	446	
2	0	0	0	0	446	
3	0	0	0	0	446	
4	0	0	0	0	445	
5	0	0	0	0	445	
6	0	0	0	0	445	
7	0	0	0	0	446	
8	0	0	0	0	446	
9	0	0	0	0	446	
10	0	0	0	0	447	
11	0	0	0	0	447	
12	0	0	0	0	448	
13	0	0	0	0	448	
14	0	0	0	0	449	
15	0	0	0	0	449	
0	0	0	0	0	449	
1	0	0	0	0	450	
2	0	0	0	0	451	
3	0	0	0	0	451	
4	0	0	0	0	452	
5	0	0	0	0	453	
6	0	0	0	0	454	
7	0	0	0	0	455	
8	0	0	0	0	456	
9	0	0	0	0	458	
10	0	0	0	0	459	
11	0	0	0	0	460	
12	0	0	0	0	460	
13	0	0	0	0	460	
14	0	0	0	0	461	
15	0	0	0	0	462	
0	0	0	0	0	463	
1	0	0	0	0	464	
2	0	0	0	0	465	
3	0	0	0	0	465	
4	0	0	0	0	466	
5	0	0	0	0	467	
6	0	0	0	0	467	
7	0	0	0	0	468	
8	0	0	0	0	468	
9	0	0	0	0	470	
10	0	0	0	0	471	
11	0	0	0	0	471	
12	0	0	0	0	472	
13	0	0	0	0	473	
14	0	0	0	0	475	
15	0	0	0	0	475	
0	0	0	0	0	476	
1	0	0	0	0	477	
2	0	0	0	0	477	
3	0	0	0	0	478	
4	0	0	0	0	479	
5	0	0	0	0	480	
6	0	0	0	0	480	
7	0	0	0	0	480	
8	0	0	0	0	481	
9	0	0	0	0	481	
10	0	0	0	0	483	
11	0	0	0	0	483	
12	0	0	0	0	485	
13	0	0	0	0	485	
14	0	0	0	0	486	
15	0	0	0	0	487	
0	0	0	0	0	487	
1	0	0	0	0	487	
2	0	0	0	0	487	
3	0	0	0	0	487	
4	0	0	0	0	488	
5	0	0	0	0	489	
6	0	0	0	0	488	
7	0	0	0	0	488	
8	0	0	0	0	489	
9	0	0	0	0	490	
10	0	0	0	0	492	
11	0	0	0	0	493	
12	0	0	0	0	494	
13	0	0	0	0	495	
14	0	0	0	0	495	
15	0	0	0	0	496	
0	0	0	0	0	496	
1	0	0	0	0	497	
2	0	0	0	0	497	
3	0	0	0	0	499	
4	0	0	0	0	499	
5	0	0	0	0	500	
6	0	0	0	0	500	
7	0	0	0	0	501	
8	0	0	0	0	502	
9	0	0	0	0	503	
10	0	0	0	0	503	
11	0	0	0	0	504	
12	0	0	0	0	505	
13	0	0	0	0	506	
14	0	0	0	0	506	
15	0	0	0	0	507	
0	0	0	0	0	507	
1	0	0	0	0	508	
2	0	0	0	0	508	
3	0	0	0	0	508	
4	0	0	0	0	508	
5	0	0	0	0	508	
6	0	0	0	0	508	
7	0	0	0	0	509	
8	0	0	0	0	509	
9	0	0	0	0	509	
10	0	0	0	0	510	
11	0	0	0	0	511	
12	0	0	0	0	511	
13	0	0	0	0	512	
14	0	0	0	0	512	
15	0	0	0	0	513	
0	0	0	0	0	514	
1	0	0	0	0	515	
2	0	0	0	0	516	
3	0	0	0	0	516	
4	0	0	0	0	516	
5	0	0	0	0	517	
6	0	0	0	0	517	
7	0	0	0	0	518	
8	0	0	0	0	519	
9	0	0	0	0	519	
10	0	0	0	0	520	
11	0	0	0	0	521	
12	0	0	0	0	522	
13	0	0	0	0	523	
14	0	0	0	0	523	
15	0	0	0	0	524	
0	0	0	0	0	524	
1	0	0	0	0	525	
2	0	0	0	0	526	
3	0	0	0	0	526	
4	0	0	0	0	526	
5	0	0	0	0	526	
6	0	0	0	0	525	
7	0	0	0	0	526	
8	0	0	0	0	527	
9	0	0	0	0	527	
10	0	0	0	0	528	
11	0	0	0	0	529	
12	0	0	0	0	530	
13	0	0	0	0	531	
14	0	0	0	0	533	
15	0	0	0	0	534	
0	0	0	0	0	536	
1	0	0	0	0	536	
2	0	0	0	0	536	
3	0	0	0	0	536	
4	0	0	0	0	537	
5	0	0	0	0	537	
6	0	0	0	0	537	
7	0	0	0	0	538	
8	0	0	0	0	537	
9	0	0	0	0	536	
10	0	0	0	0	536	
11	0	0	0	0	536	
12	0	0	0	0	537	
13	0	0	0	0	538	
14	0	0	0	0	539	
15	0	0	0	0	539	
0	0	0	0	0	539	
1	0	0	0	0	539	
2	0	0	0	0	539	
3	0	0	0	0	540	
4	0	0	0	0	540	
5	0	0	0	0	540	
6	0	0	0	0	539	
7	0	0	0	0	539	
8	0	0	0	0	539	
9	0	0	0	0	539	
10	0	0	0	0	540	
11	0	0	0	0	540	
12	0	0	0	0	540	
13	0	0	0	0	541	
14	0	0	0	0	543	
15	0	0	0	0	543	
0	0	0	0	0	543	
1	0	0	0	0	543	
2	0	0	0	0	544	
3	0	0	0	0	544	
4	0	0	0	0	543	
5	0	0	0	0	543	
6	0	0	0	0	543	
7	0	0	0	0	543	
8	0	0	0	0	542	
9	0	0	0	0	542	
10	0	0	0	0	541	
11	0	0	0	0	540	
12	0	0	0	0	540	
13	0	0	0	0	540	
14	0	0	0	0	539	
15	0	0	0	0	538	
0	0	0	0	0	538	
1	0	0	0	0	537	
2	0	0	0	0	537	
3	0	0	0	0	536	
4	0	0	0	0	535	
5	0	0	0	0	534	
6	0	0	0	0	532	
7	0	0	0	0	531	
8	0	0	0	0	528	
9	0	0	0	0	527	
10	0	0	0	0	524	
11	0	0	0	0	521	
12	0	0	0	0	519	
13	0	0	0	0	518	
14	0	0	0	0	517	
15	0	0	0	0	515	
0	0	0	0	0	514	
1	0	0	0	0	512	
2	0	0	0	0	510	
3	0	0	0	0	508	
4	0	0	0	0	507	
5	0	0	0	0	505	
6	0	0	0	0	504	
7	0	0	0	0	502	
8	0	0	0	0	501	
9	0	0	0	0	499	
10	0	0	0	0	497	
11	0	0	0	0	495	
12	0	0	0	0	494	
13	0	0	0	0	492	
14	0	0	0	0	492	
15	0	0	0	0	490	
0	0	0	0	0	488	
1	0	0	0	0	487	
2	0	0	0	0	487	
3	0	0	0	0	487	
4	0	0	0	0	486	
5	0	0	0	0	485	
6	0	0	0	0	484	
7	0	0	0	0	483	
8	0	0	0	0	483	
9	0	0	0	0	483	
10	0	0	0	0	483	
11	0	0	0	0	482	
12	0	0	0	0	481	
13	0	0	0	0	481	
14	0	0	0	0	481	
15	0	0	0	0	481	
0	0	0	0	0	480	
1	0	0	0	0	480	
2	0	0	0	0	480	
3	0	0	0	0	480	
4	0	0	0	0	479	
5	0	0	0	0	480	
6	0	0	0	0	480	
7	0	0	0	0	480	
8	0	0	0	0	480	
9	0	0	0	0	480	
10	0	0	0	0	481	
11	0	0	0	0	481	
12	0	0	0	0	481	
13	0	0	0	0	482	
14	0	0	0	0	482	
15	0	0	0	0	481	
0	0	0	0	0	481	
1	0	0	0	0	482	
2	0	0	0	0	483	
3	0	0	0	0	482	
4	0	0	0	0	481	
5	0	0	0	0	481	
6	0	0	0	0	480	
7	0	0	0	0	479	
8	0	0	0	0	479	
9	0	0	0	0	479	
10	0	0	0	0	479	
11	0	0	0	0	478	
12	0	0	0	0	479	
13	0	0	0	0	478	
14	0	0	0	0	479	
15	0	0	0	0	479	
0	0	0	0	0	480	
1	0	0	0	0	481	
2	0	0	0	0	482	
3	0	0	0	0	483	
4	0	0	0	0	483	
5	0	0	0	0	484	
6	0	0	0	0	486	
7	0	0	0	0	486	
8	0	0	0	0	487	
9	0	0	0	0	487	
10	0	0	0	0	487	
11	0	0	0	0	488	
12	0	0	0	0	487	
13	0	0	0	0	487	
14	0	0	0	0	487	
15	0	0	0	0	488	
0	0	0	0	0	489	
1	0	0	0	0	489	
2	0	0	0	0	488	
3	0	0	0	0	488	
4	0	0	0	0	489	
5	0	0	0	0	490	
6	0	0	0	0	491	
7	0	0	0	0	492	
8	0	0	0	0	493	
9	0	0	0	0	493	
10	0	0	0	0	492	
11	0	0	0	0	492	
12	0	0	0	0	492	
13	0	0	0	0	492	
14	0	0	0	0	492	
15	0	0	0	0	492	
0	0	0	0	0	492	
1	0	0	0	0	492	
2	0	0	0	0	492	
3	0	0	0	0	492	
4	0	0	0	0	493	
5	0	0	0	0	494	
6	0	0	0	0	494	
7	0	0	0	0	496	
8	0	0	0	0	496	
9	0	0	0	0	497	
10	0	0	0	0	497	
11	0	0	0	0	497	
12	0	0	0	0	497	
13	0	0	0	0	497	
14	0	0	0	0	497	
15	0	0	0	0	496	
0	0	0	0	0	496	
1	0	0	0	0	496	
2	0	0	0	0	496	
3	0	0	0	0	497	
4	0	0	0	0	499	
5	0	0	0	0	499	
6	0	0	0	0	500	
7	0	0	0	0	501	
8	0	0	0	0	501	
9	0	0	0	0	502	
10	0	0	0	0	502	
11	0	0	0	0	502	
12	0	0	0	0	503	
13	0	0	0	0	502	
14	0	0	0	0	502	
15	0	0	0	0	502	
0	0	0	0	0	501	
1	0	0	0	0	502	
2	0	0	0	0	502	
3	0	0	0	0	501	
4	0	0	0	0	501	
5	0	0	0	0	501	
6	0	0	0	0	501	
7	0	0	0	0	502	
8	0	0	0	0	502	
9	0	0	0	0	502	
10	0	0	0	0	502	
11	0	0	0	0	502	
12	0	0	0	0	502	
13	0	0	0	0	502	
14	0	0	0	0	502	
15	0	0	0	0	502	
0	0	0	0	0	501	
1	0	0	0	0	502	
2	0	0	0	0	502	
3	0	0	0	0	502	
4	0	0	0	0	503	
5	0	0	0	0	504	
6	0	0	0	0	504	
7	0	0	0	0	504	
8	0	0	0	0	505	
9	0	0	0	0	505	
10	0	0	0	0	506	
11	0	0	0	0	507	
12	0	0	0	0	508	
13	0	0	0	0	507	
14	0	0	0	0	507	
15	0	0	0	0	507	
0	0	0	0	0	507	
1	0	0	0	0	506	
2	0	0	0	0	507	
3	0	0	0	0	507	
4	0	0	0	0	507	
5	0	0	0	0	507	
6	0	0	0	0	507	
7	0	0	0	0	507	
8	0	0	0	0	507	
9	0	0	0	0	508	
10	0	0	0	0	508	
11	0	0	0	0	508	
12	0	0	0	0	508	
13	0	0	0	0	509	
14	0	0	0	0	509	
15	0	0	0	0	508	
0	0	0	0	0	508	
1	0	0	0	0	508	
2	0	0	0	0	507	
3	0	0	0	0	507	
4	0	0	0	0	506	
5	0	0	0	0	507	
6	0	0	0	0	507	
7	0	0	0	0	508	
8	0	0	0	0	508	
9	0	0	0	0	508	
10	0	0	0	0	508	
11	0	0	0	0	508	
12	0	0	0	0	508	
13	0	0	0	0	507	
14	0	0	0	0	507	
15	0	0	0	0	507	
0	0	0	0	0	507	
1	0	0	0	0	506	
2	0	0	0	0	506	
3	0	0	0	0	505	
4	0	0	0	0	505	
5	0	0	0	0	505	
6	0	0	0	0	505	
7	0	0	0	0	506	
8	0	0	0	0	507	
9	0	0	0	0	508	
10	0	0	0	0	508	
11	0	0	0	0	509	
12	0	0	0	0	509	
13	0	0	0	0	509	
14	0	0	0	0	510	
15	0	0	0	0	510	
0	0	0	0	0	509	
1	0	0	0	0	510	
2	0	0	0	0	509	
3	0	0	0	0	509	
4	0	0	0	0	510	
5	0	0	0	0	511	
6	0	0	0	0	512	
7	0	0	0	0	512	
8	0	0	0	0	512	
9	0	0	0	0	512	
10	0	0	0	0	512	
11	0	0	0	0	512	
12	0	0	0	0	512	
13	0	0	0	0	512	
14	0	0	0	0	511	
15	0	0	0	0	511	
0	0	0	0	0	510	
1	0	0	0	0	509	
2	0	0	0	0	508	
3	0	0	0	0	508	
4	0	0	0	0	508	
5	0	0	0	0	508	
6	0	0	0	0	507	
7	0	0	0	0	507	
8	0	0	0	0	507	
9	0	0	0	0	508	
10	0	0	0	0	508	
11	0	0	0	0	509	
12	0	0	0	0	510	
13	0	0	0	0	511	
14	0	0	0	0	512	
15	0	0	0	0	512	
0	0	0	0	0	513	
1	0	0	0	0	513	
2	0	0	0	0	514	
3	0	0	0	0	514	
4	0	0	0	0	515	
5	0	0	0	0	515	
6	0	0	0	0	517	
7	0	0	0	0	517	
8	0	0	0	0	518	
9	0	0	0	0	518	
10	0	0	0	0	519	
11	0	0	0	0	519	
12	0	0	0	0	520	
13	0	0	0	0	522	
14	0	0	0	0	523	
15	0	0	0	0	524	
0	0	0	0	0	525	
1	0	0	0	0	526	
2	0	0	0	0	528	
3	0	0	0	0	529	
4	0	0	0	0	530	
5	0	0	0	0	532	
6	0	0	0	0	534	
7	0	0	0	0	536	
8	0	0	0	0	537	
9	0	0	0	0	540	
10	0	0	0	0	543	
11	0	0	0	0	545	
12	0	0	0	0	548	
13	0	0	0	0	551	
14	0	0	0	0	552	
15	0	0	0	0	553	
0	0	0	0	0	552	
1	0	0	0	0	551	
2	0	0	0	0	550	
3	0	0	0	0	548	
4	0	0	0	0	546	
5	0	0	0	0	544	
6	0	0	0	0	542	
7	0	0	0	0	540	
8	0	0	0	0	538	
9	0	0	0	0	537	
10	0	0	0	0	536	
11	0	0	0	0	534	
12	0	0	0	0	534	
13	0	0	0	0	531	
14	0	0	0	0	529	
15	0	0	0	0	526	
0	0	0	0	0	525	
1	0	0	0	0	525	
2	0	0	0	0	524	
3	0	0	0	0	523	
4	0	0	0	0	522	
5	0	0	0	0	521	
6	0	0	0	0	519	
7	0	0	0	0	518	
8	0	0	0	0	517	
9	0	0	0	0	517	
10	0	0	0	0	516	
11	0	0	0	0	515	
12	0	0	0	0	513	
13	0	0	0	0	512	
14	0	0	0	0	511	
15	0	0	0	0	509	
0	0	0	0	0	508	
1	0	0	0	0	507	
2	0	0	0	0	505	
3	0	0	0	0	503	
4	0	0	0	0	502	
5	0	0	0	0	500	
6	0	0	0	0	499	
7	0	0	0	0	499	
8	0	0	0	0	499	
9	0	0	0	0	499	
10	0	0	0	0	499	
11	0	0	0	0	500	
12	0	0	0	0	500	
13	0	0	0	0	499	
14	0	0	0	0	499	
15	0	0	0	0	499	
0	0	0	0	0	498	
1	0	0	0	0	497	
2	0	0	0	0	497	
3	0	0	0	0	496	
4	0	0	0	0	495	
5	0	0	0	0	494	
6	0	0	0	0	493	
7	0	0	0	0	492	
8	0	0	0	0	491	
9	0	0	0	0	491	
10	0	0	0	0	491	
11	0	0	0	0	492	
12	0	0	0	0	492	
13	0	0	0	0	492	
14	0	0	0	0	492	
15	0	0	0	0	492	
0	0	0	0	0	493	
1	0	0	0	0	494	
2	0	0	0	0	494	
3	0	0	0	0	493	
4	0	0	0	0	493	
5	0	0	0	0	493	
6	0	0	0	0	493	
7	0	0	0	0	493	
8	0	0	0	0	492	
9	0	0	0	0	492	
10	0	0	0	0	493	
11	0	0	0	0	493	
12	0	0	0	0	494	
13	0	0	0	0	495	
14	0	0	0	0	495	
15	0	0	0	0	495	
0	0	0	0	0	496	
1	0	0	0	0	496	
2	0	0	0	0	496	
3	0	0	0	0	496	
4	0	0	0	0	495	
5	0	0	0	0	493	
6	0	0	0	0	492	
7	0	0	0	0	489	
8	0	0	0	0	487	
9	0	0	0	0	485	
10	0	0	0	0	483	
11	0	0	0	0	480	
12	0	0	0	0	479	
13	0	0	0	0	478	
14	0	0	0	0	475	
15	0	0	0	0	471	
0	0	0	0	0	468	
1	0	0	0	0	465	
2	0	0	0	0	463	
3	0	0	0	0	463	
4	0	0	0	0	463	
5	0	0	0	0	461	
6	0	0	0	0	460	
7	0	0	0	0	457	
8	0	0	0	0	455	
9	0	0	0	0	454	
10	0	0	0	0	452	
11	0	0	0	0	452	
12	0	0	0	0	453	
13	0	0	0	0	456	
14	0	0	0	0	461	
15	0	0	0	0	470	
0	0	0	0	0	483	
1	0	0	0	0	503	
2	0	0	0	0	527	
3	0	0	0	0	557	
4	0	0	0	0	591	
5	0	0	0	0	629	
6	0	0	0	0	671	
7	0	0	0	0	714	
8	0	0	0	0	756	
9	0	0	0	0	798	
10	0	0	0	0	838	
11	0	0	0	0	872	
12	0	0	0	0	894	
13	0	0	0	0	906	
14	0	0	0	0	907	
15	0	0	0	0	899	
0	0	0	0	0	882	
1	0	0	0	0	858	
2	0	0	0	0	831	
3	0	0	0	0	804	
4	0	0	0	0	778	
5	0	0	0	0	755	
6	0	0	0	0	733	
7	0	0	0	0	711	
8	0	0	0	0	690	
9	0	0	0	0	670	
10	0	0	0	0	649	
11	0	0	0	0	629	
12	0	0	0	0	609	
13	0	0	0	0	591	
14	0	0	0	0	573	
15	0	0	0	0	558	
0	0	0	0	0	545	
1	0	0	0	0	535	
2	0	0	0	0	526	
3	0	0	0	0	519	
4	0	0	0	0	512	
5	0	0	0	0	506	
6	0	0	0	0	500	
7	0	0	0	0	495	
8	0	0	0	0	489	
9	0	0	0	0	482	
10	0	0	0	0	476	
11	0	0	0	0	470	
12	0	0	0	0	465	
13	0	0	0	0	461	
14	0	0	0	0	458	
15	0	0	0	0	456	
0	0	0	0	0	455	
1	0	0	0	0	455	
2	0	0	0	0	454	
3	0	0	0	0	453	
4	0	0	0	0	452	
5	0	0	0	0	450	
6	0	0	0	0	449	
7	0	0	0	0	448	
8	0	0	0	0	447	
9	0	0	0	0	446	
10	0	0	0	0	445	
11	0	0	0	0	444	
12	0	0	0	0	444	
13	0	0	0	0	443	
14	0	0	0	0	443	
15	0	0	0	0	444	
0	0	0	0	0	444	
1	0	0	0	0	444	
2	0	0	0	0	444	
3	0	0	0	0	444	
4	0	0	0	0	445	
5	0	0	0	0	444	
6	0	0	0	0	445	
7	0	0	0	0	445	
8	0	0	0	0	446	
9	0	0	0	0	446	
10	0	0	0	0	446	
11	0	0	0	0	446	
12	0	0	0	0	446	
13	0	0	0	0	447	
14	0	0	0	0	447	
15	0	0	0	0	447	
0	0	0	0	0	448	
1	0	0	0	0	448	
2	0	0	0	0	449	
3	0	0	0	0	450	
4	0	0	0	0	451	
5	0	0	0	0	452	
6	0	0	0	0	453	
7	0	0	0	0	454	
8	0	0	0	0	454	
9	0	0	0	0	454	
10	0	0	0	0	455	
11	0	0	0	0	455	
12	0	0	0	0	455	
13	0	0	0	0	456	
14	0	0	0	0	456	
15	0	0	0	0	457	
0	0	0	0	0	459	
1	0	0	0	0	460	
2	0	0	0	0	461	
3	0	0	0	0	461	
4	0	0	0	0	463	
5	0	0	0	0	463	
6	0	0	0	0	464	
7	0	0	0	0	466	
8	0	0	0	0	466	
9	0	0	0	0	467	
10	0	0	0	0	468	
11	0	0	0	0	469	
12	0	0	0	0	470	
13	0	0	0	0	471	
14	0	0	0	0	471	
15	0	0	0	0	471	
0	0	0	0	0	472	
1	0	0	0	0	472	
2	0	0	0	0	473	
3	0	0	0	0	475	
4	0	0	0	0	476	
5	0	0	0	0	477	
6	0	0	0	0	478	
7	0	0	0	0	479	
8	0	0	0	0	479	
9	0	0	0	0	480	
10	0	0	0	0	480	
11	0	0	0	0	480	
12	0	0	0	0	481	
13	0	0	0	0	481	
14	0	0	0	0	482	
15	0	0	0	0	483	
0	0	0	0	0	483	
1	0	0	0	0	484	
2	0	0	0	0	485	
3	0	0	0	0	486	
4	0	0	0	0	487	
5	0	0	0	0	488	
6	0	0	0	0	489	
7	0	0	0	0	491	
8	0	0	0	0	492	
9	0	0	0	0	493	
10	0	0	0	0	493	
11	0	0	0	0	494	
12	0	0	0	0	495	
13	0	0	0	0	495	
14	0	0	0	0	495	
15	0	0	0	0	495	
0	0	0	0	0	496	
1	0	0	0	0	496	
2	0	0	0	0	497	
3	0	0	0	0	499	
4	0	0	0	0	499	
5	0	0	0	0	499	
6	0	0	0	0	499	
7	0	0	0	0	500	
8	0	0	0	0	502	
9	0	0	0	0	502	
10	0	0	0	0	502	
11	0	0	0	0	502	
12	0	0	0	0	502	
13	0	0	0	0	502	
14	0	0	0	0	502	
15	0	0	0	0	502	
0	0	0	0	0	503	
1	0	0	0	0	503	
2	0	0	0	0	504	
3	0	0	0	0	505	
4	0	0	0	0	506	
5	0	0	0	0	507	
6	0	0	0	0	508	
7	0	0	0	0	509	
8	0	0	0	0	510	
9	0	0	0	0	510	
10	0	0	0	0	511	
11	0	0	0	0	512	
12	0	0	0	0	513	
13	0	0	0	0	514	
14	0	0	0	0	515	
15	0	0	0	0	515	
0	0	0	0	0	515	
1	0	0	0	0	515	
2	0	0	0	0	515	
3	0	0	0	0	515	
4	0	0	0	0	515	
5	0	0	0	0	515	
6	0	0	0	0	516	
7	0	0	0	0	517	
8	0	0	0	0	517	
9	0	0	0	0	518	
10	0	0	0	0	518	
11	0	0	0	0	518	
12	0	0	0	0	519	
13	0	0	0	0	519	
14	0	0	0	0	520	
15	0	0	0	0	521	
0	0	0	0	0	522	
1	0	0	0	0	522	
2	0	0	0	0	523	
3	0	0	0	0	523	
4	0	0	0	0	524	
5	0	0	0	0	525	
6	0	0	0	0	525	
7	0	0	0	0	525	
8	0	0	0	0	526	
9	0	0	0	0	527	
10	0	0	0	0	526	
11	0	0	0	0	527	
12	0	0	0	0	526	
13	0	0	0	0	526	
14	0	0	0	0	526	
15	0	0	0	0	527	
0	0	0	0	0	527	
1	0	0	0	0	527	
2	0	0	0	0	526	
3	0	0	0	0	527	
